epoch (ms),time (-11:00),elapsed (s),x-axis (deg/s),y-axis (deg/s),z-axis (deg/s)
1679946011272,2023-03-27T14:40:11.272,0.000,1.090,-1.726,-0.530
1679946011292,2023-03-27T14:40:11.292,0.020,0.800,-1.936,-0.819
1679946011312,2023-03-27T14:40:11.312,0.040,0.450,-3.190,0.480
1679946011332,2023-03-27T14:40:11.332,0.060,0.057,-6.399,2.843
1679946011352,2023-03-27T14:40:11.352,0.080,-1.261,-11.059,5.495
1679946011372,2023-03-27T14:40:11.372,0.100,-2.622,-13.769,6.300
1679946011392,2023-03-27T14:40:11.392,0.120,-1.833,-13.335,5.446
1679946011412,2023-03-27T14:40:11.412,0.140,-1.787,-13.731,5.796
1679946011432,2023-03-27T14:40:11.432,0.160,-2.893,-15.663,7.763
1679946011452,2023-03-27T14:40:11.452,0.180,-2.816,-17.016,9.074
1679946011472,2023-03-27T14:40:11.472,0.200,-2.290,-18.018,10.659
1679946011492,2023-03-27T14:40:11.492,0.220,-2.393,-19.726,12.732
1679946011512,2023-03-27T14:40:11.512,0.240,-2.561,-20.530,13.247
1679946011532,2023-03-27T14:40:11.532,0.260,-2.073,-18.849,12.306
1679946011552,2023-03-27T14:40:11.552,0.280,-1.601,-17.530,11.829
1679946011572,2023-03-27T14:40:11.572,0.300,-1.951,-19.364,12.839
1679946011592,2023-03-27T14:40:11.592,0.320,-2.732,-22.782,13.746
1679946011612,2023-03-27T14:40:11.612,0.340,-2.969,-25.614,13.674
1679946011632,2023-03-27T14:40:11.632,0.360,-3.929,-27.626,12.790
1679946011652,2023-03-27T14:40:11.652,0.380,-4.981,-27.153,10.888
1679946011672,2023-03-27T14:40:11.672,0.400,-3.403,-21.399,8.236
1679946011692,2023-03-27T14:40:11.692,0.420,-1.269,-14.573,7.248
1679946011712,2023-03-27T14:40:11.712,0.440,0.099,-11.421,8.289
1679946011732,2023-03-27T14:40:11.732,0.460,0.800,-15.758,9.787
1679946011752,2023-03-27T14:40:11.752,0.480,-0.636,-26.589,10.560
1679946011772,2023-03-27T14:40:11.772,0.500,-3.853,-36.452,10.724
1679946011792,2023-03-27T14:40:11.792,0.520,-5.389,-38.849,10.755
1679946011812,2023-03-27T14:40:11.812,0.540,-3.834,-29.478,8.620
1679946011832,2023-03-27T14:40:11.832,0.560,2.317,-9.710,4.638
1679946011852,2023-03-27T14:40:11.852,0.580,9.123,6.151,3.053
1679946011872,2023-03-27T14:40:11.872,0.600,10.118,9.306,4.672
1679946011892,2023-03-27T14:40:11.892,0.620,5.103,0.438,7.691
1679946011912,2023-03-27T14:40:11.912,0.640,-1.753,-9.249,9.291
1679946011932,2023-03-27T14:40:11.932,0.660,-3.182,-11.871,10.114
1679946011952,2023-03-27T14:40:11.952,0.680,-1.357,-11.300,11.376
1679946011972,2023-03-27T14:40:11.972,0.700,0.770,-8.876,12.222
1679946011992,2023-03-27T14:40:11.992,0.720,3.800,-3.144,10.152
1679946012012,2023-03-27T14:40:12.012,0.740,4.527,2.279,6.982
1679946012032,2023-03-27T14:40:12.032,0.760,3.761,4.798,4.173
1679946012052,2023-03-27T14:40:12.052,0.780,1.200,5.065,1.814
1679946012072,2023-03-27T14:40:12.072,0.800,-0.236,6.029,-0.393
1679946012092,2023-03-27T14:40:12.092,0.820,0.381,7.767,-2.671
1679946012112,2023-03-27T14:40:12.112,0.840,1.540,11.372,-5.046
1679946012132,2023-03-27T14:40:12.132,0.860,3.468,13.582,-6.239
1679946012152,2023-03-27T14:40:12.152,0.880,3.784,11.513,-5.678
1679946012172,2023-03-27T14:40:12.172,0.900,3.380,8.476,-4.383
1679946012192,2023-03-27T14:40:12.192,0.920,1.463,6.795,-3.266
1679946012212,2023-03-27T14:40:12.212,0.940,-0.316,5.541,-2.054
1679946012232,2023-03-27T14:40:12.232,0.960,-1.570,3.533,-1.627
1679946012252,2023-03-27T14:40:12.252,0.980,-3.464,1.372,-3.022
1679946012272,2023-03-27T14:40:12.272,1.000,-4.272,-0.133,-4.402
1679946012292,2023-03-27T14:40:12.292,1.020,-4.497,-1.589,-4.691
1679946012312,2023-03-27T14:40:12.312,1.040,-4.440,-0.556,-5.762
1679946012332,2023-03-27T14:40:12.332,1.060,-3.373,2.462,-7.024
1679946012352,2023-03-27T14:40:12.352,1.080,-1.841,6.841,-7.214
1679946012372,2023-03-27T14:40:12.372,1.100,-0.320,10.705,-8.266
1679946012392,2023-03-27T14:40:12.392,1.120,0.244,8.979,-8.056
1679946012412,2023-03-27T14:40:12.412,1.140,-1.433,3.944,-6.387
1679946012432,2023-03-27T14:40:12.432,1.160,-1.139,3.205,-6.456
1679946012452,2023-03-27T14:40:12.452,1.180,1.456,6.258,-6.970
1679946012472,2023-03-27T14:40:12.472,1.200,2.626,9.135,-6.886
1679946012492,2023-03-27T14:40:12.492,1.220,1.974,9.051,-6.532
1679946012512,2023-03-27T14:40:12.512,1.240,0.213,6.711,-5.796
1679946012532,2023-03-27T14:40:12.532,1.260,-0.907,4.276,-5.122
1679946012552,2023-03-27T14:40:12.552,1.280,-1.540,2.542,-5.133
1679946012572,2023-03-27T14:40:12.572,1.300,-1.037,3.620,-6.006
1679946012592,2023-03-27T14:40:12.592,1.320,-0.232,6.128,-7.062
1679946012612,2023-03-27T14:40:12.612,1.340,-0.640,6.654,-7.294
1679946012632,2023-03-27T14:40:12.632,1.360,-0.968,5.438,-7.252
1679946012652,2023-03-27T14:40:12.652,1.380,-1.452,5.758,-7.165
1679946012672,2023-03-27T14:40:12.672,1.400,-0.545,8.944,-7.378
1679946012692,2023-03-27T14:40:12.692,1.420,1.273,12.401,-6.963
1679946012712,2023-03-27T14:40:12.712,1.440,1.723,15.175,-7.149
1679946012732,2023-03-27T14:40:12.732,1.460,2.995,17.797,-9.024
1679946012752,2023-03-27T14:40:12.752,1.480,3.350,16.178,-11.071
1679946012772,2023-03-27T14:40:12.772,1.500,0.648,11.429,-11.063
1679946012792,2023-03-27T14:40:12.792,1.520,-0.739,10.537,-11.037
1679946012812,2023-03-27T14:40:12.812,1.540,1.059,14.813,-11.524
1679946012832,2023-03-27T14:40:12.832,1.560,4.303,19.592,-11.258
1679946012852,2023-03-27T14:40:12.852,1.580,6.890,21.399,-11.707
1679946012872,2023-03-27T14:40:12.872,1.600,7.999,20.518,-11.905
1679946012892,2023-03-27T14:40:12.892,1.620,7.851,19.562,-11.654
1679946012912,2023-03-27T14:40:12.912,1.640,6.231,18.384,-11.132
1679946012932,2023-03-27T14:40:12.932,1.660,3.479,15.373,-10.130
1679946012952,2023-03-27T14:40:12.952,1.680,0.454,10.926,-8.857
1679946012972,2023-03-27T14:40:12.972,1.700,-0.046,10.088,-7.637
1679946012992,2023-03-27T14:40:12.992,1.720,2.633,13.941,-7.367
1679946013012,2023-03-27T14:40:13.012,1.740,5.366,15.709,-7.481
1679946013032,2023-03-27T14:40:13.032,1.760,3.868,11.391,-7.081
1679946013052,2023-03-27T14:40:13.052,1.780,1.940,5.629,-6.418
1679946013072,2023-03-27T14:40:13.072,1.800,0.034,1.357,-5.419
1679946013092,2023-03-27T14:40:13.092,1.820,-0.636,1.265,-5.061
1679946013112,2023-03-27T14:40:13.112,1.840,1.341,5.789,-6.021
1679946013132,2023-03-27T14:40:13.132,1.860,3.529,10.114,-6.845
1679946013152,2023-03-27T14:40:13.152,1.880,4.017,11.890,-6.837
1679946013172,2023-03-27T14:40:13.172,1.900,4.714,11.665,-6.498
1679946013192,2023-03-27T14:40:13.192,1.920,3.914,8.129,-5.896
1679946013212,2023-03-27T14:40:13.212,1.940,3.095,4.855,-5.739
1679946013232,2023-03-27T14:40:13.232,1.960,3.098,3.765,-6.162
1679946013252,2023-03-27T14:40:13.252,1.980,3.700,4.390,-7.031
1679946013272,2023-03-27T14:40:13.272,2.000,4.939,6.319,-8.087
1679946013292,2023-03-27T14:40:13.292,2.020,5.168,7.496,-8.026
1679946013312,2023-03-27T14:40:13.312,2.040,5.179,7.264,-7.012
1679946013332,2023-03-27T14:40:13.332,2.060,3.811,3.064,-5.960
1679946013352,2023-03-27T14:40:13.352,2.080,2.767,-0.537,-5.625
1679946013372,2023-03-27T14:40:13.372,2.100,3.982,-1.189,-5.793
1679946013392,2023-03-27T14:40:13.392,2.120,6.410,2.393,-7.290
1679946013412,2023-03-27T14:40:13.412,2.140,8.617,7.317,-9.230
1679946013432,2023-03-27T14:40:13.432,2.160,8.990,9.219,-9.931
1679946013452,2023-03-27T14:40:13.452,2.180,10.457,6.048,-10.278
1679946013472,2023-03-27T14:40:13.472,2.200,15.705,3.552,-14.306
1679946013492,2023-03-27T14:40:13.492,2.220,22.698,8.277,-20.339
1679946013512,2023-03-27T14:40:13.512,2.240,28.647,17.088,-22.153
1679946013532,2023-03-27T14:40:13.532,2.260,31.391,24.497,-20.492
1679946013552,2023-03-27T14:40:13.552,2.280,29.901,28.586,-17.706
1679946013572,2023-03-27T14:40:13.572,2.300,25.991,28.445,-15.545
1679946013592,2023-03-27T14:40:13.592,2.320,20.011,22.130,-12.999
1679946013612,2023-03-27T14:40:13.612,2.340,11.917,10.328,-9.268
1679946013632,2023-03-27T14:40:13.632,2.360,5.328,-0.164,-6.269
1679946013652,2023-03-27T14:40:13.652,2.380,1.696,-6.292,-4.470
1679946013672,2023-03-27T14:40:13.672,2.400,-0.777,-10.309,-2.614
1679946013692,2023-03-27T14:40:13.692,2.420,-3.472,-11.993,-0.080
1679946013712,2023-03-27T14:40:13.712,2.440,-5.126,-11.010,2.797
1679946013732,2023-03-27T14:40:13.732,2.460,-5.137,-10.023,4.829
1679946013752,2023-03-27T14:40:13.752,2.480,-5.476,-12.355,5.697
1679946013772,2023-03-27T14:40:13.772,2.500,-6.845,-15.732,5.023
1679946013792,2023-03-27T14:40:13.792,2.520,-6.700,-10.027,2.725
1679946013812,2023-03-27T14:40:13.812,2.540,-4.379,-2.942,2.767
1679946013832,2023-03-27T14:40:13.832,2.560,-4.649,-2.248,3.632
1679946013852,2023-03-27T14:40:13.852,2.580,-4.798,-1.380,3.491
1679946013872,2023-03-27T14:40:13.872,2.600,-2.927,-0.038,2.816
1679946013892,2023-03-27T14:40:13.892,2.620,-1.879,-2.058,1.944
1679946013912,2023-03-27T14:40:13.912,2.640,-1.052,-4.623,0.423
1679946013932,2023-03-27T14:40:13.932,2.660,-0.564,-4.863,-1.120
1679946013952,2023-03-27T14:40:13.952,2.680,-0.804,-2.980,-1.867
1679946013972,2023-03-27T14:40:13.972,2.700,-1.193,-0.678,-1.681
1679946013992,2023-03-27T14:40:13.992,2.720,-1.635,-0.008,-1.033
1679946014012,2023-03-27T14:40:14.012,2.740,-2.542,-0.976,-0.065
1679946014032,2023-03-27T14:40:14.032,2.760,-2.694,-1.791,0.313
1679946014052,2023-03-27T14:40:14.052,2.780,-2.950,-2.858,0.053
1679946014072,2023-03-27T14:40:14.072,2.800,-3.746,-5.061,0.438
1679946014092,2023-03-27T14:40:14.092,2.820,-4.482,-6.639,0.316
1679946014112,2023-03-27T14:40:14.112,2.840,-4.173,-5.804,0.595
1679946014132,2023-03-27T14:40:14.132,2.860,-2.813,-4.787,0.644
1679946014152,2023-03-27T14:40:14.152,2.880,-1.726,-3.956,0.320
1679946014172,2023-03-27T14:40:14.172,2.900,-0.480,-1.620,0.122
1679946014192,2023-03-27T14:40:14.192,2.920,0.648,0.774,-0.118
1679946014212,2023-03-27T14:40:14.212,2.940,1.082,1.883,-0.724
1679946014232,2023-03-27T14:40:14.232,2.960,1.322,2.824,-1.227
1679946014252,2023-03-27T14:40:14.252,2.980,1.463,3.567,-1.002
1679946014272,2023-03-27T14:40:14.272,3.000,1.540,3.460,-0.724
1679946014292,2023-03-27T14:40:14.292,3.020,1.616,2.797,-0.595
1679946014312,2023-03-27T14:40:14.312,3.040,1.250,1.162,-0.373
1679946014332,2023-03-27T14:40:14.332,3.060,0.259,-1.185,-0.080
1679946014352,2023-03-27T14:40:14.352,3.080,-0.286,-2.027,-0.206
1679946014372,2023-03-27T14:40:14.372,3.100,0.179,-1.444,-0.526
1679946014392,2023-03-27T14:40:14.392,3.120,0.606,-0.488,-0.701
1679946014412,2023-03-27T14:40:14.412,3.140,1.040,0.351,-0.957
1679946014432,2023-03-27T14:40:14.432,3.160,1.242,0.796,-1.105
1679946014452,2023-03-27T14:40:14.452,3.180,1.246,0.655,-0.861
1679946014472,2023-03-27T14:40:14.472,3.200,0.823,0.072,-0.480
1679946014492,2023-03-27T14:40:14.492,3.220,0.671,0.122,-0.088
1679946014512,2023-03-27T14:40:14.512,3.240,0.812,0.442,0.122
1679946014532,2023-03-27T14:40:14.532,3.260,1.006,0.785,-0.385
1679946014552,2023-03-27T14:40:14.552,3.280,1.410,0.606,-1.692
1679946014572,2023-03-27T14:40:14.572,3.300,1.463,0.065,-2.294
1679946014592,2023-03-27T14:40:14.592,3.320,0.808,-1.341,-1.463
1679946014612,2023-03-27T14:40:14.612,3.340,-0.263,-3.239,-0.766
1679946014632,2023-03-27T14:40:14.632,3.360,-0.454,-4.021,-0.892
1679946014652,2023-03-27T14:40:14.652,3.380,-0.476,-4.089,-0.358
1679946014672,2023-03-27T14:40:14.672,3.400,-0.873,-3.921,0.111
1679946014692,2023-03-27T14:40:14.692,3.420,-0.617,-2.999,-0.404
1679946014712,2023-03-27T14:40:14.712,3.440,0.213,-1.974,-1.334
1679946014732,2023-03-27T14:40:14.732,3.460,0.362,-1.864,-1.753
1679946014752,2023-03-27T14:40:14.752,3.480,0.263,-1.692,-2.214
1679946014772,2023-03-27T14:40:14.772,3.500,0.713,-1.448,-2.458
1679946014792,2023-03-27T14:40:14.792,3.520,0.385,-1.646,-1.547
1679946014812,2023-03-27T14:40:14.812,3.540,0.271,-1.147,-0.770
1679946014832,2023-03-27T14:40:14.832,3.560,0.450,-0.335,-0.591
1679946014852,2023-03-27T14:40:14.852,3.580,0.583,0.221,-0.663
1679946014872,2023-03-27T14:40:14.872,3.600,0.537,0.210,-0.960
1679946014892,2023-03-27T14:40:14.892,3.620,0.373,0.248,-1.437
1679946014912,2023-03-27T14:40:14.912,3.640,0.309,-0.309,-1.589
1679946014932,2023-03-27T14:40:14.932,3.660,0.206,-1.418,-1.193
1679946014952,2023-03-27T14:40:14.952,3.680,0.187,-2.180,-0.816
1679946014972,2023-03-27T14:40:14.972,3.700,0.042,-2.409,-0.732
1679946014992,2023-03-27T14:40:14.992,3.720,-0.175,-1.928,-0.587
1679946015012,2023-03-27T14:40:15.012,3.740,-0.335,-0.865,-0.663
1679946015032,2023-03-27T14:40:15.032,3.760,-0.232,0.030,-0.758
1679946015052,2023-03-27T14:40:15.052,3.780,0.027,0.267,-0.758
1679946015072,2023-03-27T14:40:15.072,3.800,0.171,-0.210,-0.880
1679946015092,2023-03-27T14:40:15.092,3.820,-0.019,-0.739,-0.800
1679946015112,2023-03-27T14:40:15.112,3.840,-0.309,-1.044,-0.313
1679946015132,2023-03-27T14:40:15.132,3.860,-0.636,-0.743,-0.069
1679946015152,2023-03-27T14:40:15.152,3.880,-0.316,-0.084,-0.457
1679946015172,2023-03-27T14:40:15.172,3.900,0.252,0.739,-0.998
1679946015192,2023-03-27T14:40:15.192,3.920,0.713,0.960,-1.433
1679946015212,2023-03-27T14:40:15.212,3.940,0.690,-0.682,-1.208
1679946015232,2023-03-27T14:40:15.232,3.960,-0.244,-2.454,-0.823
1679946015252,2023-03-27T14:40:15.252,3.980,-0.267,-2.096,-0.709
1679946015272,2023-03-27T14:40:15.272,4.000,0.427,-0.373,-0.579
1679946015292,2023-03-27T14:40:15.292,4.020,0.747,0.694,-0.396
1679946015312,2023-03-27T14:40:15.312,4.040,0.823,1.098,-0.244
1679946015332,2023-03-27T14:40:15.332,4.060,0.903,0.812,-0.549
1679946015352,2023-03-27T14:40:15.352,4.080,0.541,-0.370,-0.473
1679946015372,2023-03-27T14:40:15.372,4.100,0.194,-1.296,-0.396
1679946015392,2023-03-27T14:40:15.392,4.120,0.263,-1.254,-0.614
1679946015412,2023-03-27T14:40:15.412,4.140,0.621,-0.484,-0.819
1679946015432,2023-03-27T14:40:15.432,4.160,0.755,-0.122,-1.098
1679946015452,2023-03-27T14:40:15.452,4.180,0.484,-0.511,-0.899
1679946015472,2023-03-27T14:40:15.472,4.200,0.183,-1.315,-0.614
1679946015492,2023-03-27T14:40:15.492,4.220,-0.053,-1.528,-0.236
1679946015512,2023-03-27T14:40:15.512,4.240,-0.175,-1.387,0.053
1679946015532,2023-03-27T14:40:15.532,4.260,-0.194,-0.808,0.324
1679946015552,2023-03-27T14:40:15.552,4.280,-0.107,0.141,0.225
1679946015572,2023-03-27T14:40:15.572,4.300,0.229,0.869,-0.267
1679946015592,2023-03-27T14:40:15.592,4.320,0.796,1.025,-1.033
1679946015612,2023-03-27T14:40:15.612,4.340,1.040,0.446,-1.498
1679946015632,2023-03-27T14:40:15.632,4.360,0.686,-0.438,-1.193
1679946015652,2023-03-27T14:40:15.652,4.380,0.381,-1.162,-0.625
1679946015672,2023-03-27T14:40:15.672,4.400,0.267,-0.827,-0.084
1679946015692,2023-03-27T14:40:15.692,4.420,0.259,-0.027,0.130
1679946015712,2023-03-27T14:40:15.712,4.440,0.663,0.857,-0.137
1679946015732,2023-03-27T14:40:15.732,4.460,1.079,1.189,-0.595
1679946015752,2023-03-27T14:40:15.752,4.480,0.972,0.324,-0.918
1679946015772,2023-03-27T14:40:15.772,4.500,0.274,-1.406,-0.938
1679946015792,2023-03-27T14:40:15.792,4.520,-0.316,-2.104,-0.617
1679946015812,2023-03-27T14:40:15.812,4.540,0.088,-0.979,-0.225
1679946015832,2023-03-27T14:40:15.832,4.560,0.583,0.511,0.034
1679946015852,2023-03-27T14:40:15.852,4.580,1.094,1.646,-0.046
1679946015872,2023-03-27T14:40:15.872,4.600,1.292,2.191,0.004
1679946015892,2023-03-27T14:40:15.892,4.620,1.151,1.669,0.171
1679946015912,2023-03-27T14:40:15.912,4.640,0.892,0.575,0.476
1679946015932,2023-03-27T14:40:15.932,4.660,0.271,-1.113,1.311
1679946015952,2023-03-27T14:40:15.952,4.680,-0.454,-2.107,1.612
1679946015972,2023-03-27T14:40:15.972,4.700,-0.488,-2.073,1.193
1679946015992,2023-03-27T14:40:15.992,4.720,-0.377,-1.852,0.671
1679946016012,2023-03-27T14:40:16.012,4.740,-0.210,-1.441,0.114
1679946016032,2023-03-27T14:40:16.032,4.760,-0.027,-0.888,-0.263
1679946016052,2023-03-27T14:40:16.052,4.780,0.431,0.130,-0.366
1679946016072,2023-03-27T14:40:16.072,4.800,0.911,0.896,-0.610
1679946016092,2023-03-27T14:40:16.092,4.820,1.151,1.136,-0.861
1679946016112,2023-03-27T14:40:16.112,4.840,0.869,0.907,-0.781
1679946016132,2023-03-27T14:40:16.132,4.860,0.320,0.309,-0.457
1679946016152,2023-03-27T14:40:16.152,4.880,-0.053,-0.328,-0.457
1679946016172,2023-03-27T14:40:16.172,4.900,-0.488,-1.288,-0.168
1679946016192,2023-03-27T14:40:16.192,4.920,-0.831,-1.966,0.324
1679946016212,2023-03-27T14:40:16.212,4.940,-0.412,-1.223,0.316
1679946016232,2023-03-27T14:40:16.232,4.960,0.697,0.739,-0.313
1679946016252,2023-03-27T14:40:16.252,4.980,1.258,1.825,-1.094
1679946016272,2023-03-27T14:40:16.272,5.000,1.311,1.742,-1.460
1679946016292,2023-03-27T14:40:16.292,5.020,0.941,0.861,-1.220
1679946016312,2023-03-27T14:40:16.312,5.040,0.648,-0.137,-0.831
1679946016332,2023-03-27T14:40:16.332,5.060,0.393,-0.896,-0.415
1679946016352,2023-03-27T14:40:16.352,5.080,0.373,-1.212,-0.160
1679946016372,2023-03-27T14:40:16.372,5.100,0.549,-0.682,-0.404
1679946016392,2023-03-27T14:40:16.392,5.120,0.686,-0.046,-0.591
1679946016412,2023-03-27T14:40:16.412,5.140,0.560,0.191,-0.617
1679946016432,2023-03-27T14:40:16.432,5.160,0.526,0.438,-0.678
1679946016452,2023-03-27T14:40:16.452,5.180,0.736,0.526,-0.713
1679946016472,2023-03-27T14:40:16.472,5.200,0.846,0.640,-0.732
1679946016492,2023-03-27T14:40:16.492,5.220,0.816,0.461,-0.720
1679946016512,2023-03-27T14:40:16.512,5.240,0.541,0.149,-0.530
1679946016532,2023-03-27T14:40:16.532,5.260,0.396,-0.126,-0.370
1679946016552,2023-03-27T14:40:16.552,5.280,0.263,-0.130,-0.187
1679946016572,2023-03-27T14:40:16.572,5.300,0.065,-0.252,-0.191
1679946016592,2023-03-27T14:40:16.592,5.320,-0.011,-0.568,-0.476
1679946016612,2023-03-27T14:40:16.612,5.340,0.095,-0.644,-0.766
1679946016632,2023-03-27T14:40:16.632,5.360,0.137,-0.503,-0.915
1679946016652,2023-03-27T14:40:16.652,5.380,0.179,-0.442,-0.713
1679946016672,2023-03-27T14:40:16.672,5.400,0.244,0.122,-0.534
1679946016692,2023-03-27T14:40:16.692,5.420,0.553,0.819,-0.545
1679946016712,2023-03-27T14:40:16.712,5.440,0.587,0.846,-0.385
1679946016732,2023-03-27T14:40:16.732,5.460,0.701,0.614,-0.575
1679946016752,2023-03-27T14:40:16.752,5.480,0.781,0.232,-0.926
1679946016772,2023-03-27T14:40:16.772,5.500,0.553,-0.476,-1.029
1679946016792,2023-03-27T14:40:16.792,5.520,0.301,-0.987,-0.941
1679946016812,2023-03-27T14:40:16.812,5.540,0.457,-1.692,-0.922
1679946016832,2023-03-27T14:40:16.832,5.560,0.694,-1.513,-1.197
1679946016852,2023-03-27T14:40:16.852,5.580,1.136,0.526,-1.090
1679946016872,2023-03-27T14:40:16.872,5.600,1.505,2.580,-0.922
1679946016892,2023-03-27T14:40:16.892,5.620,1.475,3.083,-0.857
1679946016912,2023-03-27T14:40:16.912,5.640,0.922,2.066,-0.751
1679946016932,2023-03-27T14:40:16.932,5.660,0.610,0.716,-0.549
1679946016952,2023-03-27T14:40:16.952,5.680,0.537,-0.522,-0.252
1679946016972,2023-03-27T14:40:16.972,5.700,0.492,-1.494,-0.080
1679946016992,2023-03-27T14:40:16.992,5.720,0.499,-1.578,-0.187
1679946017012,2023-03-27T14:40:17.012,5.740,0.770,-0.225,-0.701
1679946017032,2023-03-27T14:40:17.032,5.760,1.189,1.361,-1.113
1679946017052,2023-03-27T14:40:17.052,5.780,1.353,2.046,-1.269
1679946017072,2023-03-27T14:40:17.072,5.800,1.265,1.463,-1.033
1679946017092,2023-03-27T14:40:17.092,5.820,1.086,0.522,-0.713
1679946017112,2023-03-27T14:40:17.112,5.840,0.972,0.057,-0.572
1679946017132,2023-03-27T14:40:17.132,5.860,0.857,-0.248,-0.366
1679946017152,2023-03-27T14:40:17.152,5.880,0.560,-1.223,-0.450
1679946017172,2023-03-27T14:40:17.172,5.900,0.423,-1.471,-0.896
1679946017192,2023-03-27T14:40:17.192,5.920,0.804,-0.495,-0.804
1679946017212,2023-03-27T14:40:17.212,5.940,1.319,0.793,-0.469
1679946017232,2023-03-27T14:40:17.232,5.960,1.406,1.322,-0.248
1679946017252,2023-03-27T14:40:17.252,5.980,1.231,1.414,-0.492
1679946017272,2023-03-27T14:40:17.272,6.000,1.079,1.608,-0.953
1679946017292,2023-03-27T14:40:17.292,6.020,0.918,1.284,-1.166
1679946017312,2023-03-27T14:40:17.312,6.040,0.553,0.469,-0.861
1679946017332,2023-03-27T14:40:17.332,6.060,0.408,-0.297,-0.579
1679946017352,2023-03-27T14:40:17.352,6.080,0.648,-0.522,-0.716
1679946017372,2023-03-27T14:40:17.372,6.100,1.208,0.030,-0.907
1679946017392,2023-03-27T14:40:17.392,6.120,1.444,0.488,-0.835
1679946017412,2023-03-27T14:40:17.412,6.140,1.296,0.484,-0.899
1679946017432,2023-03-27T14:40:17.432,6.160,1.208,0.629,-1.029
1679946017452,2023-03-27T14:40:17.452,6.180,1.132,0.591,-1.079
1679946017472,2023-03-27T14:40:17.472,6.200,0.922,0.389,-0.907
1679946017492,2023-03-27T14:40:17.492,6.220,0.659,-0.004,-0.827
1679946017512,2023-03-27T14:40:17.512,6.240,0.396,-0.530,-0.972
1679946017532,2023-03-27T14:40:17.532,6.260,0.152,-0.945,-1.025
1679946017552,2023-03-27T14:40:17.552,6.280,0.206,-1.037,-0.758
1679946017572,2023-03-27T14:40:17.572,6.300,0.457,-1.025,-0.480
1679946017592,2023-03-27T14:40:17.592,6.320,0.777,-0.873,-0.347
1679946017612,2023-03-27T14:40:17.612,6.340,1.406,0.427,-0.755
1679946017632,2023-03-27T14:40:17.632,6.360,1.993,2.252,-0.930
1679946017652,2023-03-27T14:40:17.652,6.380,1.974,2.698,-0.976
1679946017672,2023-03-27T14:40:17.672,6.400,1.292,2.031,-0.926
1679946017692,2023-03-27T14:40:17.692,6.420,0.545,0.831,-0.793
1679946017712,2023-03-27T14:40:17.712,6.440,0.259,-0.103,-0.556
1679946017732,2023-03-27T14:40:17.732,6.460,0.095,-0.987,-0.450
1679946017752,2023-03-27T14:40:17.752,6.480,0.232,-1.056,-0.560
1679946017772,2023-03-27T14:40:17.772,6.500,0.793,-0.309,-0.774
1679946017792,2023-03-27T14:40:17.792,6.520,1.006,-0.069,-0.938
1679946017812,2023-03-27T14:40:17.812,6.540,0.926,-0.099,-1.147
1679946017832,2023-03-27T14:40:17.832,6.560,0.812,0.027,-1.166
1679946017852,2023-03-27T14:40:17.852,6.580,0.263,-0.415,-0.941
1679946017872,2023-03-27T14:40:17.872,6.600,0.061,-0.560,-0.812
1679946017892,2023-03-27T14:40:17.892,6.620,0.282,-0.370,-0.861
1679946017912,2023-03-27T14:40:17.912,6.640,0.171,-0.907,-0.827
1679946017932,2023-03-27T14:40:17.932,6.660,0.152,-1.189,-0.800
1679946017952,2023-03-27T14:40:17.952,6.680,0.476,-0.861,-0.907
1679946017972,2023-03-27T14:40:17.972,6.700,0.762,-0.057,-1.147
1679946017992,2023-03-27T14:40:17.992,6.720,1.075,0.804,-1.014
1679946018012,2023-03-27T14:40:18.012,6.740,0.831,0.461,-0.419
1679946018032,2023-03-27T14:40:18.032,6.760,0.758,-0.011,-0.145
1679946018052,2023-03-27T14:40:18.052,6.780,0.728,-0.084,-0.225
1679946018072,2023-03-27T14:40:18.072,6.800,0.755,-0.244,-0.568
1679946018092,2023-03-27T14:40:18.092,6.820,0.705,-0.335,-0.991
1679946018112,2023-03-27T14:40:18.112,6.840,0.690,0.187,-1.220
1679946018132,2023-03-27T14:40:18.132,6.860,0.499,0.107,-1.216
1679946018152,2023-03-27T14:40:18.152,6.880,0.202,-0.473,-0.835
1679946018172,2023-03-27T14:40:18.172,6.900,-0.008,-0.816,-0.328
1679946018192,2023-03-27T14:40:18.192,6.920,0.522,0.061,0.019
1679946018212,2023-03-27T14:40:18.212,6.940,1.143,1.029,-0.034
1679946018232,2023-03-27T14:40:18.232,6.960,1.437,1.288,-0.415
1679946018252,2023-03-27T14:40:18.252,6.980,1.456,1.349,-0.640
1679946018272,2023-03-27T14:40:18.272,7.000,1.124,0.861,-0.781
1679946018292,2023-03-27T14:40:18.292,7.020,0.648,-0.351,-0.583
1679946018312,2023-03-27T14:40:18.312,7.040,0.404,-0.888,-0.263
1679946018332,2023-03-27T14:40:18.332,7.060,0.671,-0.152,-0.305
1679946018352,2023-03-27T14:40:18.352,7.080,0.877,0.495,-0.541
1679946018372,2023-03-27T14:40:18.372,7.100,0.903,0.686,-0.602
1679946018392,2023-03-27T14:40:18.392,7.120,0.835,0.701,-0.503
1679946018412,2023-03-27T14:40:18.412,7.140,0.636,0.816,-0.229
1679946018432,2023-03-27T14:40:18.432,7.160,0.770,1.292,-0.339
1679946018452,2023-03-27T14:40:18.452,7.180,1.033,1.604,-0.663
1679946018472,2023-03-27T14:40:18.472,7.200,0.854,0.945,-0.751
1679946018492,2023-03-27T14:40:18.492,7.220,0.495,-0.149,-0.716
1679946018512,2023-03-27T14:40:18.512,7.240,0.419,-1.025,-0.697
1679946018532,2023-03-27T14:40:18.532,7.260,0.465,-1.349,-0.743
1679946018552,2023-03-27T14:40:18.552,7.280,0.873,-0.309,-0.808
1679946018572,2023-03-27T14:40:18.572,7.300,1.246,1.052,-0.747
1679946018592,2023-03-27T14:40:18.592,7.320,1.124,1.620,-0.739
1679946018612,2023-03-27T14:40:18.612,7.340,1.151,1.604,-0.968
1679946018632,2023-03-27T14:40:18.632,7.360,0.983,1.265,-1.117
1679946018652,2023-03-27T14:40:18.652,7.380,0.663,0.621,-0.857
1679946018672,2023-03-27T14:40:18.672,7.400,0.301,-0.114,-0.373
1679946018692,2023-03-27T14:40:18.692,7.420,0.297,-0.469,-0.191
1679946018712,2023-03-27T14:40:18.712,7.440,0.705,-0.530,-0.488
1679946018732,2023-03-27T14:40:18.732,7.460,1.063,-0.206,-0.621
1679946018752,2023-03-27T14:40:18.752,7.480,1.151,0.713,-0.507
1679946018772,2023-03-27T14:40:18.772,7.500,1.601,2.142,-0.385
1679946018792,2023-03-27T14:40:18.792,7.520,1.780,2.470,-0.259
1679946018812,2023-03-27T14:40:18.812,7.540,1.627,2.245,-0.385
1679946018832,2023-03-27T14:40:18.832,7.560,1.471,2.759,-0.511
1679946018852,2023-03-27T14:40:18.852,7.580,1.311,2.980,-0.324
1679946018872,2023-03-27T14:40:18.872,7.600,0.880,2.412,-0.210
1679946018892,2023-03-27T14:40:18.892,7.620,1.079,1.810,-0.091
1679946018912,2023-03-27T14:40:18.912,7.640,1.460,1.810,-0.160
1679946018932,2023-03-27T14:40:18.932,7.660,1.883,2.732,-0.191
1679946018952,2023-03-27T14:40:18.952,7.680,2.245,3.552,-0.103
1679946018972,2023-03-27T14:40:18.972,7.700,2.062,3.144,0.130
1679946018992,2023-03-27T14:40:18.992,7.720,1.364,1.883,0.736
1679946019012,2023-03-27T14:40:19.012,7.740,0.796,1.730,0.621
1679946019032,2023-03-27T14:40:19.032,7.760,1.292,4.002,-0.732
1679946019052,2023-03-27T14:40:19.052,7.780,2.504,6.063,-2.199
1679946019072,2023-03-27T14:40:19.072,7.800,2.264,4.230,-2.485
1679946019092,2023-03-27T14:40:19.092,7.820,0.987,0.072,-1.490
1679946019112,2023-03-27T14:40:19.112,7.840,0.050,-3.129,-0.408
1679946019132,2023-03-27T14:40:19.132,7.860,-0.122,-3.072,0.103
1679946019152,2023-03-27T14:40:19.152,7.880,0.774,-1.193,-0.095
1679946019172,2023-03-27T14:40:19.172,7.900,1.147,-0.015,-0.351
1679946019192,2023-03-27T14:40:19.192,7.920,1.181,0.808,-0.675
1679946019212,2023-03-27T14:40:19.212,7.940,1.284,1.498,-1.113
1679946019232,2023-03-27T14:40:19.232,7.960,1.181,1.208,-1.463
1679946019252,2023-03-27T14:40:19.252,7.980,0.877,0.202,-1.551
1679946019272,2023-03-27T14:40:19.272,8.000,0.431,-1.170,-1.048
1679946019292,2023-03-27T14:40:19.292,8.020,-0.065,-2.157,-0.415
1679946019312,2023-03-27T14:40:19.312,8.040,0.145,-1.597,-0.156
1679946019332,2023-03-27T14:40:19.332,8.060,1.174,0.160,-0.633
1679946019352,2023-03-27T14:40:19.352,8.080,1.665,1.338,-1.368
1679946019372,2023-03-27T14:40:19.372,8.100,1.563,1.292,-1.696
1679946019392,2023-03-27T14:40:19.392,8.120,1.151,0.732,-1.471
1679946019412,2023-03-27T14:40:19.412,8.140,0.625,-0.373,-0.998
1679946019432,2023-03-27T14:40:19.432,8.160,-0.034,-1.574,-0.553
1679946019452,2023-03-27T14:40:19.452,8.180,-0.126,-1.761,-0.332
1679946019472,2023-03-27T14:40:19.472,8.200,0.225,-0.998,-0.370
1679946019492,2023-03-27T14:40:19.492,8.220,0.949,0.255,-0.686
1679946019512,2023-03-27T14:40:19.512,8.240,1.532,1.128,-1.052
1679946019532,2023-03-27T14:40:19.532,8.260,1.684,1.040,-0.953
1679946019552,2023-03-27T14:40:19.552,8.280,1.452,0.461,-0.648
1679946019572,2023-03-27T14:40:19.572,8.300,1.166,-0.271,-0.480
1679946019592,2023-03-27T14:40:19.592,8.320,0.884,-0.156,-0.614
1679946019612,2023-03-27T14:40:19.612,8.340,1.227,1.810,-0.976
1679946019632,2023-03-27T14:40:19.632,8.360,1.726,3.148,-1.139
1679946019652,2023-03-27T14:40:19.652,8.380,1.254,2.264,-1.170
1679946019672,2023-03-27T14:40:19.672,8.400,0.918,0.987,-1.254
1679946019692,2023-03-27T14:40:19.692,8.420,1.029,0.042,-1.250
1679946019712,2023-03-27T14:40:19.712,8.440,1.021,-0.903,-1.208
1679946019732,2023-03-27T14:40:19.732,8.460,1.018,-1.239,-1.113
1679946019752,2023-03-27T14:40:19.752,8.480,1.044,-1.315,-1.128
1679946019772,2023-03-27T14:40:19.772,8.500,0.804,-0.968,-1.120
1679946019792,2023-03-27T14:40:19.792,8.520,0.758,-0.164,-0.842
1679946019812,2023-03-27T14:40:19.812,8.540,0.743,0.511,-0.476
1679946019832,2023-03-27T14:40:19.832,8.560,0.499,0.663,-0.248
1679946019852,2023-03-27T14:40:19.852,8.580,0.530,0.983,-0.537
1679946019872,2023-03-27T14:40:19.872,8.600,0.537,0.614,-0.682
1679946019892,2023-03-27T14:40:19.892,8.620,0.335,-0.473,-0.652
1679946019912,2023-03-27T14:40:19.912,8.640,0.438,-1.071,-0.629
1679946019932,2023-03-27T14:40:19.932,8.660,0.682,-1.185,-0.774
1679946019952,2023-03-27T14:40:19.952,8.680,0.922,-0.991,-0.777
1679946019972,2023-03-27T14:40:19.972,8.700,1.143,-0.469,-1.105
1679946019992,2023-03-27T14:40:19.992,8.720,0.796,0.278,-1.353
1679946020012,2023-03-27T14:40:20.012,8.740,0.537,1.193,-1.101
1679946020032,2023-03-27T14:40:20.032,8.760,0.587,1.181,-0.930
1679946020052,2023-03-27T14:40:20.052,8.780,0.358,0.107,-0.926
1679946020072,2023-03-27T14:40:20.072,8.800,0.602,-0.983,-1.010
1679946020092,2023-03-27T14:40:20.092,8.820,0.716,-1.391,-1.117
1679946020112,2023-03-27T14:40:20.112,8.840,0.716,-0.271,-1.044
1679946020132,2023-03-27T14:40:20.132,8.860,1.216,0.857,-1.120
1679946020152,2023-03-27T14:40:20.152,8.880,1.002,0.412,-0.873
1679946020172,2023-03-27T14:40:20.172,8.900,0.484,-0.492,-0.461
1679946020192,2023-03-27T14:40:20.192,8.920,0.366,-0.625,-0.370
1679946020212,2023-03-27T14:40:20.212,8.940,0.575,0.111,-0.492
1679946020232,2023-03-27T14:40:20.232,8.960,0.941,0.896,-0.697
1679946020252,2023-03-27T14:40:20.252,8.980,1.200,0.762,-0.884
1679946020272,2023-03-27T14:40:20.272,9.000,1.315,0.423,-0.945
1679946020292,2023-03-27T14:40:20.292,9.020,1.448,0.065,-0.838
1679946020312,2023-03-27T14:40:20.312,9.040,1.273,0.183,-0.716
1679946020332,2023-03-27T14:40:20.332,9.060,1.524,1.014,-0.716
1679946020352,2023-03-27T14:40:20.352,9.080,1.200,1.033,-0.625
1679946020372,2023-03-27T14:40:20.372,9.100,0.694,0.583,-0.473
1679946020392,2023-03-27T14:40:20.392,9.120,0.412,0.568,-0.332
1679946020412,2023-03-27T14:40:20.412,9.140,0.408,1.292,-0.526
1679946020432,2023-03-27T14:40:20.432,9.160,0.922,1.540,-0.934
1679946020452,2023-03-27T14:40:20.452,9.180,0.888,0.213,-0.987
1679946020472,2023-03-27T14:40:20.472,9.200,0.854,-1.010,-0.896
1679946020492,2023-03-27T14:40:20.492,9.220,0.808,-1.902,-1.155
1679946020512,2023-03-27T14:40:20.512,9.240,0.865,-1.536,-1.208
1679946020532,2023-03-27T14:40:20.532,9.260,0.884,-0.755,-1.288
1679946020552,2023-03-27T14:40:20.552,9.280,1.227,0.545,-1.235
1679946020572,2023-03-27T14:40:20.572,9.300,1.341,1.711,-1.254
1679946020592,2023-03-27T14:40:20.592,9.320,1.067,2.123,-1.673
1679946020612,2023-03-27T14:40:20.612,9.340,0.675,2.069,-1.319
1679946020632,2023-03-27T14:40:20.632,9.360,0.755,1.867,-0.816
1679946020652,2023-03-27T14:40:20.652,9.380,0.804,0.366,-0.705
1679946020672,2023-03-27T14:40:20.672,9.400,0.766,-0.762,-1.048
1679946020692,2023-03-27T14:40:20.692,9.420,1.166,-0.358,-1.372
1679946020712,2023-03-27T14:40:20.712,9.440,1.132,0.069,-1.216
1679946020732,2023-03-27T14:40:20.732,9.460,0.915,0.602,-0.781
1679946020752,2023-03-27T14:40:20.752,9.480,0.793,0.972,-0.381
1679946020772,2023-03-27T14:40:20.772,9.500,0.675,0.758,-0.084
1679946020792,2023-03-27T14:40:20.792,9.520,0.678,0.949,-0.076
1679946020812,2023-03-27T14:40:20.812,9.540,0.926,1.151,-0.290
1679946020832,2023-03-27T14:40:20.832,9.560,0.728,0.248,-0.335
1679946020852,2023-03-27T14:40:20.852,9.580,0.454,-0.286,-0.499
1679946020872,2023-03-27T14:40:20.872,9.600,1.040,0.614,-0.957
1679946020892,2023-03-27T14:40:20.892,9.620,1.414,0.896,-0.812
1679946020912,2023-03-27T14:40:20.912,9.640,1.277,0.560,-0.351
1679946020932,2023-03-27T14:40:20.932,9.660,1.383,0.934,-0.240
1679946020952,2023-03-27T14:40:20.952,9.680,1.513,1.261,-0.263
1679946020972,2023-03-27T14:40:20.972,9.700,1.231,0.907,-0.408
1679946020992,2023-03-27T14:40:20.992,9.720,0.736,0.537,-0.457
1679946021012,2023-03-27T14:40:21.012,9.740,0.682,0.229,-0.473
1679946021032,2023-03-27T14:40:21.032,9.760,1.021,-0.164,-0.553
1679946021052,2023-03-27T14:40:21.052,9.780,1.242,-1.235,-0.949
1679946021072,2023-03-27T14:40:21.072,9.800,1.635,-0.598,-1.521
1679946021092,2023-03-27T14:40:21.092,9.820,1.871,1.349,-1.220
1679946021112,2023-03-27T14:40:21.112,9.840,1.810,2.329,-0.732
1679946021132,2023-03-27T14:40:21.132,9.860,1.421,1.974,-0.393
1679946021152,2023-03-27T14:40:21.152,9.880,0.812,0.998,0.084
1679946021172,2023-03-27T14:40:21.172,9.900,0.522,0.492,0.366
1679946021192,2023-03-27T14:40:21.192,9.920,0.328,0.507,0.293
1679946021212,2023-03-27T14:40:21.212,9.940,0.663,1.079,-0.282
1679946021232,2023-03-27T14:40:21.232,9.960,1.246,1.372,-0.941
1679946021252,2023-03-27T14:40:21.252,9.980,1.490,1.410,-1.410
1679946021272,2023-03-27T14:40:21.272,10.000,1.467,0.724,-1.296
1679946021292,2023-03-27T14:40:21.292,10.020,1.280,0.069,-0.930
1679946021312,2023-03-27T14:40:21.312,10.040,1.387,0.130,-0.152
1679946021332,2023-03-27T14:40:21.332,10.060,1.079,-0.011,0.377
1679946021352,2023-03-27T14:40:21.352,10.080,0.865,0.137,0.217
1679946021372,2023-03-27T14:40:21.372,10.100,0.949,1.105,-0.431
1679946021392,2023-03-27T14:40:21.392,10.120,1.471,2.279,-1.063
1679946021412,2023-03-27T14:40:21.412,10.140,1.700,2.710,-1.216
1679946021432,2023-03-27T14:40:21.432,10.160,1.646,2.290,-1.128
1679946021452,2023-03-27T14:40:21.452,10.180,1.490,1.037,-1.010
1679946021472,2023-03-27T14:40:21.472,10.200,1.162,-0.655,-0.770
1679946021492,2023-03-27T14:40:21.492,10.220,0.804,-1.414,-0.633
1679946021512,2023-03-27T14:40:21.512,10.240,1.113,-0.636,-0.393
1679946021532,2023-03-27T14:40:21.532,10.260,1.037,-0.305,-0.011
1679946021552,2023-03-27T14:40:21.552,10.280,0.816,0.042,-0.137
1679946021572,2023-03-27T14:40:21.572,10.300,1.448,1.601,-0.766
1679946021592,2023-03-27T14:40:21.592,10.320,1.822,3.338,-0.960
1679946021612,2023-03-27T14:40:21.612,10.340,2.111,4.432,-0.945
1679946021632,2023-03-27T14:40:21.632,10.360,1.833,3.761,-0.663
1679946021652,2023-03-27T14:40:21.652,10.380,1.105,1.399,-0.446
1679946021672,2023-03-27T14:40:21.672,10.400,0.652,-1.242,-0.450
1679946021692,2023-03-27T14:40:21.692,10.420,0.370,-2.984,-0.427
1679946021712,2023-03-27T14:40:21.712,10.440,0.290,-3.266,-0.343
1679946021732,2023-03-27T14:40:21.732,10.460,0.636,-2.351,-0.507
1679946021752,2023-03-27T14:40:21.752,10.480,1.090,-1.086,-0.823
1679946021772,2023-03-27T14:40:21.772,10.500,1.189,0.393,-1.018
1679946021792,2023-03-27T14:40:21.792,10.520,1.361,2.649,-1.208
1679946021812,2023-03-27T14:40:21.812,10.540,1.479,3.887,-1.235
1679946021832,2023-03-27T14:40:21.832,10.560,0.663,2.603,-0.800
1679946021852,2023-03-27T14:40:21.852,10.580,0.244,0.354,-0.617
1679946021872,2023-03-27T14:40:21.872,10.600,0.431,-1.059,-0.777
1679946021892,2023-03-27T14:40:21.892,10.620,0.819,-1.044,-0.938
1679946021912,2023-03-27T14:40:21.912,10.640,1.231,-0.179,-0.915
1679946021932,2023-03-27T14:40:21.932,10.660,1.265,0.595,-1.021
1679946021952,2023-03-27T14:40:21.952,10.680,1.197,1.075,-1.124
1679946021972,2023-03-27T14:40:21.972,10.700,0.880,0.770,-0.838
1679946021992,2023-03-27T14:40:21.992,10.720,0.293,0.423,-0.332
1679946022012,2023-03-27T14:40:22.012,10.740,0.293,0.431,-0.343
1679946022032,2023-03-27T14:40:22.032,10.760,0.648,-0.675,-0.816
1679946022052,2023-03-27T14:40:22.052,10.780,0.636,-2.412,-1.254
1679946022072,2023-03-27T14:40:22.072,10.800,0.968,-2.473,-1.585
1679946022092,2023-03-27T14:40:22.092,10.820,1.319,-0.686,-1.536
1679946022112,2023-03-27T14:40:22.112,10.840,1.623,0.869,-1.059
1679946022132,2023-03-27T14:40:22.132,10.860,1.292,0.831,-0.652
1679946022152,2023-03-27T14:40:22.152,10.880,0.495,0.069,-0.122
1679946022172,2023-03-27T14:40:22.172,10.900,-0.393,-0.396,0.255
1679946022192,2023-03-27T14:40:22.192,10.920,-0.457,0.217,0.023
1679946022212,2023-03-27T14:40:22.212,10.940,0.305,1.303,-0.526
1679946022232,2023-03-27T14:40:22.232,10.960,1.307,1.113,-1.090
1679946022252,2023-03-27T14:40:22.252,10.980,1.543,0.000,-1.208
1679946022272,2023-03-27T14:40:22.272,11.000,1.707,0.034,-1.063
1679946022292,2023-03-27T14:40:22.292,11.020,1.681,0.831,-1.067
1679946022312,2023-03-27T14:40:22.312,11.040,1.429,1.120,-0.949
1679946022332,2023-03-27T14:40:22.332,11.060,0.865,0.354,-0.816
1679946022352,2023-03-27T14:40:22.352,11.080,0.290,-0.381,-0.480
1679946022372,2023-03-27T14:40:22.372,11.100,0.149,-1.730,-0.629
1679946022392,2023-03-27T14:40:22.392,11.120,0.671,-1.955,-1.566
1679946022412,2023-03-27T14:40:22.412,11.140,2.188,0.050,-2.104
1679946022432,2023-03-27T14:40:22.432,11.160,2.900,0.621,-0.716
1679946022452,2023-03-27T14:40:22.452,11.180,1.635,-1.052,1.677
1679946022472,2023-03-27T14:40:22.472,11.200,0.393,-3.895,2.321
1679946022492,2023-03-27T14:40:22.492,11.220,-0.183,-6.341,2.538
1679946022512,2023-03-27T14:40:22.512,11.240,-1.387,-8.479,2.450
1679946022532,2023-03-27T14:40:22.532,11.260,-1.197,-6.486,1.139
1679946022552,2023-03-27T14:40:22.552,11.280,0.396,-0.701,-0.179
1679946022572,2023-03-27T14:40:22.572,11.300,1.745,4.204,-0.103
1679946022592,2023-03-27T14:40:22.592,11.320,1.890,4.253,3.384
1679946022612,2023-03-27T14:40:22.612,11.340,-1.178,-2.973,7.866
1679946022632,2023-03-27T14:40:22.632,11.360,-3.430,-8.331,9.345
1679946022652,2023-03-27T14:40:22.652,11.380,-3.780,-12.066,8.872
1679946022672,2023-03-27T14:40:22.672,11.400,-3.380,-13.765,7.268
1679946022692,2023-03-27T14:40:22.692,11.420,-1.208,-10.560,4.844
1679946022712,2023-03-27T14:40:22.712,11.440,0.850,-5.107,2.287
1679946022732,2023-03-27T14:40:22.732,11.460,2.123,0.530,0.534
1679946022752,2023-03-27T14:40:22.752,11.480,1.734,2.489,-0.217
1679946022772,2023-03-27T14:40:22.772,11.500,0.720,0.838,-0.389
1679946022792,2023-03-27T14:40:22.792,11.520,0.332,-1.101,0.606
1679946022812,2023-03-27T14:40:22.812,11.540,-0.297,-2.500,1.768
1679946022832,2023-03-27T14:40:22.832,11.560,-0.099,-3.533,2.854
1679946022852,2023-03-27T14:40:22.852,11.580,-0.057,-5.625,4.851
1679946022872,2023-03-27T14:40:22.872,11.600,-1.860,-8.769,7.481
1679946022892,2023-03-27T14:40:22.892,11.620,-2.191,-9.665,9.036
1679946022912,2023-03-27T14:40:22.912,11.640,-2.668,-10.655,9.318
1679946022932,2023-03-27T14:40:22.932,11.660,-3.285,-11.200,8.335
1679946022952,2023-03-27T14:40:22.952,11.680,-2.191,-9.958,7.256
1679946022972,2023-03-27T14:40:22.972,11.700,-1.242,-9.181,7.092
1679946022992,2023-03-27T14:40:22.992,11.720,-0.957,-9.074,8.514
1679946023012,2023-03-27T14:40:23.012,11.740,-1.563,-8.902,9.497
1679946023032,2023-03-27T14:40:23.032,11.760,-1.528,-8.274,9.627
1679946023052,2023-03-27T14:40:23.052,11.780,-2.138,-10.556,9.234
1679946023072,2023-03-27T14:40:23.072,11.800,-3.720,-12.374,8.636
1679946023092,2023-03-27T14:40:23.092,11.820,-3.628,-10.328,7.450
1679946023112,2023-03-27T14:40:23.112,11.840,-2.774,-7.008,6.601
1679946023132,2023-03-27T14:40:23.132,11.860,-2.660,-6.048,6.646
1679946023152,2023-03-27T14:40:23.152,11.880,-2.813,-6.361,7.359
1679946023172,2023-03-27T14:40:23.172,11.900,-2.759,-7.832,8.056
1679946023192,2023-03-27T14:40:23.192,11.920,-2.290,-9.798,8.194
1679946023212,2023-03-27T14:40:23.212,11.940,-1.726,-9.688,8.194
1679946023232,2023-03-27T14:40:23.232,11.960,-1.174,-7.847,8.514
1679946023252,2023-03-27T14:40:23.252,11.980,-1.326,-7.268,8.723
1679946023272,2023-03-27T14:40:23.272,12.000,-2.241,-8.670,9.318
1679946023292,2023-03-27T14:40:23.292,12.020,-4.417,-13.163,9.893
1679946023312,2023-03-27T14:40:23.312,12.040,-6.822,-16.963,9.745
1679946023332,2023-03-27T14:40:23.332,12.060,-6.966,-16.159,9.943
1679946023352,2023-03-27T14:40:23.352,12.080,-5.377,-12.069,9.024
1679946023372,2023-03-27T14:40:23.372,12.100,-2.771,-7.767,7.675
1679946023392,2023-03-27T14:40:23.392,12.120,-2.043,-6.723,7.744
1679946023412,2023-03-27T14:40:23.412,12.140,-2.767,-8.464,7.976
1679946023432,2023-03-27T14:40:23.432,12.160,-3.506,-10.812,8.563
1679946023452,2023-03-27T14:40:23.452,12.180,-4.173,-13.369,8.811
1679946023472,2023-03-27T14:40:23.472,12.200,-4.516,-14.844,8.963
1679946023492,2023-03-27T14:40:23.492,12.220,-4.497,-15.259,9.962
1679946023512,2023-03-27T14:40:23.512,12.240,-4.116,-14.428,9.928
1679946023532,2023-03-27T14:40:23.532,12.260,-2.938,-11.681,9.768
1679946023552,2023-03-27T14:40:23.552,12.280,-0.892,-10.572,9.284
1679946023572,2023-03-27T14:40:23.572,12.300,-0.861,-12.908,10.526
1679946023592,2023-03-27T14:40:23.592,12.320,-2.439,-14.238,13.201
1679946023612,2023-03-27T14:40:23.612,12.340,-2.633,-15.442,14.893
1679946023632,2023-03-27T14:40:23.632,12.360,-2.805,-16.665,15.598
1679946023652,2023-03-27T14:40:23.652,12.380,-2.847,-17.001,14.459
1679946023672,2023-03-27T14:40:23.672,12.400,-2.039,-14.684,13.037
1679946023692,2023-03-27T14:40:23.692,12.420,-0.221,-11.025,11.463
1679946023712,2023-03-27T14:40:23.712,12.440,1.517,-6.635,9.188
1679946023732,2023-03-27T14:40:23.732,12.460,2.466,-2.740,6.738
1679946023752,2023-03-27T14:40:23.752,12.480,3.045,1.421,5.030
1679946023772,2023-03-27T14:40:23.772,12.500,3.369,4.398,3.674
1679946023792,2023-03-27T14:40:23.792,12.520,2.896,3.929,2.809
1679946023812,2023-03-27T14:40:23.812,12.540,1.711,1.231,2.309
1679946023832,2023-03-27T14:40:23.832,12.560,0.408,-0.865,2.641
1679946023852,2023-03-27T14:40:23.852,12.580,0.507,-0.351,3.129
1679946023872,2023-03-27T14:40:23.872,12.600,2.184,0.553,3.190
1679946023892,2023-03-27T14:40:23.892,12.620,3.857,1.494,5.084
1679946023912,2023-03-27T14:40:23.912,12.640,5.808,3.415,7.168
1679946023932,2023-03-27T14:40:23.932,12.660,7.614,4.672,7.470
1679946023952,2023-03-27T14:40:23.952,12.680,7.934,2.298,8.068
1679946023972,2023-03-27T14:40:23.972,12.700,6.345,-2.904,5.816
1679946023992,2023-03-27T14:40:23.992,12.720,4.600,-3.510,5.084
1679946024012,2023-03-27T14:40:24.012,12.740,3.239,-2.085,4.756
1679946024032,2023-03-27T14:40:24.032,12.760,2.066,0.534,1.620
1679946024052,2023-03-27T14:40:24.052,12.780,1.014,2.649,-2.447
1679946024072,2023-03-27T14:40:24.072,12.800,2.241,5.503,-4.546
1679946024092,2023-03-27T14:40:24.092,12.820,4.249,10.080,-5.598
1679946024112,2023-03-27T14:40:24.112,12.840,4.318,11.902,-6.574
1679946024132,2023-03-27T14:40:24.132,12.860,3.594,10.987,-6.052
1679946024152,2023-03-27T14:40:24.152,12.880,3.030,8.041,-4.154
1679946024172,2023-03-27T14:40:24.172,12.900,2.050,4.078,-3.030
1679946024192,2023-03-27T14:40:24.192,12.920,0.431,1.082,-2.828
1679946024212,2023-03-27T14:40:24.212,12.940,-0.762,-0.553,-3.483
1679946024232,2023-03-27T14:40:24.232,12.960,-1.627,-1.966,-4.977
1679946024252,2023-03-27T14:40:24.252,12.980,-2.675,-3.011,-6.242
1679946024272,2023-03-27T14:40:24.272,13.000,-2.664,-1.845,-6.894
1679946024292,2023-03-27T14:40:24.292,13.020,-2.058,1.273,-7.226
1679946024312,2023-03-27T14:40:24.312,13.040,-0.606,6.597,-8.563
1679946024332,2023-03-27T14:40:24.332,13.060,2.275,13.998,-9.950
1679946024352,2023-03-27T14:40:24.352,13.080,4.809,19.870,-9.809
1679946024372,2023-03-27T14:40:24.372,13.100,6.185,23.281,-9.821
1679946024392,2023-03-27T14:40:24.392,13.120,7.085,23.175,-9.970
1679946024412,2023-03-27T14:40:24.412,13.140,5.537,16.574,-8.498
1679946024432,2023-03-27T14:40:24.432,13.160,2.569,7.805,-6.521
1679946024452,2023-03-27T14:40:24.452,13.180,1.056,3.152,-5.267
1679946024472,2023-03-27T14:40:24.472,13.200,2.348,4.196,-4.478
1679946024492,2023-03-27T14:40:24.492,13.220,4.745,6.269,-2.931
1679946024512,2023-03-27T14:40:24.512,13.240,4.931,5.911,-1.006
1679946024532,2023-03-27T14:40:24.532,13.260,3.800,3.979,-0.602
1679946024552,2023-03-27T14:40:24.552,13.280,3.140,0.945,-0.724
1679946024572,2023-03-27T14:40:24.572,13.300,1.353,-3.262,0.335
1679946024592,2023-03-27T14:40:24.592,13.320,-0.111,-5.816,1.296
1679946024612,2023-03-27T14:40:24.612,13.340,1.044,-4.764,1.871
1679946024632,2023-03-27T14:40:24.632,13.360,3.994,0.812,0.149
1679946024652,2023-03-27T14:40:24.652,13.380,8.468,8.510,-3.304
1679946024672,2023-03-27T14:40:24.672,13.400,11.094,11.925,-5.415
1679946024692,2023-03-27T14:40:24.692,13.420,10.541,9.002,-4.345
1679946024712,2023-03-27T14:40:24.712,13.440,6.109,1.482,0.697
1679946024732,2023-03-27T14:40:24.732,13.460,3.384,-7.431,6.738
1679946024752,2023-03-27T14:40:24.752,13.480,4.085,-18.072,10.553
1679946024772,2023-03-27T14:40:24.772,13.500,6.044,-19.226,7.511
1679946024792,2023-03-27T14:40:24.792,13.520,15.781,-4.322,-0.526
1679946024812,2023-03-27T14:40:24.812,13.540,29.108,11.871,-6.143
1679946024832,2023-03-27T14:40:24.832,13.560,38.514,19.207,-9.024
1679946024852,2023-03-27T14:40:24.852,13.580,43.224,19.741,-3.369
1679946024872,2023-03-27T14:40:24.872,13.600,43.910,14.154,14.501
1679946024892,2023-03-27T14:40:24.892,13.620,38.308,5.232,34.021
1679946024912,2023-03-27T14:40:24.912,13.640,31.700,-4.333,45.766
1679946024932,2023-03-27T14:40:24.932,13.660,32.591,-5.720,47.374
1679946024952,2023-03-27T14:40:24.952,13.680,37.588,1.303,43.521
1679946024972,2023-03-27T14:40:24.972,13.700,37.530,5.751,44.097
1679946024992,2023-03-27T14:40:24.992,13.720,33.373,3.323,52.039
1679946025012,2023-03-27T14:40:25.012,13.740,30.274,-10.976,65.701
1679946025032,2023-03-27T14:40:25.032,13.760,28.460,-35.343,81.837
1679946025052,2023-03-27T14:40:25.052,13.780,31.124,-49.146,97.729
1679946025072,2023-03-27T14:40:25.072,13.800,34.554,-39.638,107.683
1679946025092,2023-03-27T14:40:25.092,13.820,42.912,-8.525,109.009
1679946025112,2023-03-27T14:40:25.112,13.840,64.204,29.398,105.187
1679946025132,2023-03-27T14:40:25.132,13.860,84.531,48.182,106.932
1679946025152,2023-03-27T14:40:25.152,13.880,85.678,30.343,120.655
1679946025172,2023-03-27T14:40:25.172,13.900,67.344,-8.415,124.874
1679946025192,2023-03-27T14:40:25.192,13.920,52.237,-30.248,124.444
1679946025212,2023-03-27T14:40:25.212,13.940,52.210,-25.495,120.480
1679946025232,2023-03-27T14:40:25.232,13.960,54.162,-14.413,113.975
1679946025252,2023-03-27T14:40:25.252,13.980,49.226,-5.354,107.622
1679946025272,2023-03-27T14:40:25.272,14.000,42.046,0.949,102.188
1679946025292,2023-03-27T14:40:25.292,14.020,33.845,7.649,92.508
1679946025312,2023-03-27T14:40:25.312,14.040,27.317,9.409,79.844
1679946025332,2023-03-27T14:40:25.332,14.060,22.439,6.479,70.370
1679946025352,2023-03-27T14:40:25.352,14.080,20.297,10.232,60.389
1679946025372,2023-03-27T14:40:25.372,14.100,24.059,18.674,49.912
1679946025392,2023-03-27T14:40:25.392,14.120,27.927,27.443,42.668
1679946025412,2023-03-27T14:40:25.412,14.140,28.034,34.543,32.290
1679946025432,2023-03-27T14:40:25.432,14.160,23.464,36.265,22.843
1679946025452,2023-03-27T14:40:25.452,14.180,16.368,31.749,20.373
1679946025472,2023-03-27T14:40:25.472,14.200,9.962,25.419,17.546
1679946025492,2023-03-27T14:40:25.492,14.220,8.495,21.742,15.682
1679946025512,2023-03-27T14:40:25.512,14.240,7.946,18.681,18.258
1679946025532,2023-03-27T14:40:25.532,14.260,6.296,12.771,19.371
1679946025552,2023-03-27T14:40:25.552,14.280,3.098,3.533,17.866
1679946025572,2023-03-27T14:40:25.572,14.300,0.869,-6.242,18.891
1679946025592,2023-03-27T14:40:25.592,14.320,1.280,-12.679,22.999
1679946025612,2023-03-27T14:40:25.612,14.340,1.391,-14.924,25.362
1679946025632,2023-03-27T14:40:25.632,14.360,1.780,-14.745,24.310
1679946025652,2023-03-27T14:40:25.652,14.380,3.899,-11.597,22.378
1679946025672,2023-03-27T14:40:25.672,14.400,4.478,-4.924,20.244
1679946025692,2023-03-27T14:40:25.692,14.420,2.351,0.800,19.768
1679946025712,2023-03-27T14:40:25.712,14.440,-2.275,2.401,19.272
1679946025732,2023-03-27T14:40:25.732,14.460,-10.313,-7.919,18.994
1679946025752,2023-03-27T14:40:25.752,14.480,-19.882,-31.261,21.601
1679946025772,2023-03-27T14:40:25.772,14.500,-30.050,-57.241,26.101
1679946025792,2023-03-27T14:40:25.792,14.520,-34.550,-68.449,27.759
1679946025812,2023-03-27T14:40:25.812,14.540,-28.979,-55.671,26.170
1679946025832,2023-03-27T14:40:25.832,14.560,-17.915,-31.208,23.083
1679946025852,2023-03-27T14:40:25.852,14.580,-12.111,-18.411,20.252
1679946025872,2023-03-27T14:40:25.872,14.600,-13.647,-19.832,17.511
1679946025892,2023-03-27T14:40:25.892,14.620,-15.526,-21.582,14.211
1679946025912,2023-03-27T14:40:25.912,14.640,-13.201,-12.668,9.779
1679946025932,2023-03-27T14:40:25.932,14.660,-7.805,2.248,4.223
1679946025952,2023-03-27T14:40:25.952,14.680,-6.307,8.628,0.446
1679946025972,2023-03-27T14:40:25.972,14.700,-9.264,2.020,-0.568
1679946025992,2023-03-27T14:40:25.992,14.720,-12.999,-6.002,1.441
1679946026012,2023-03-27T14:40:26.012,14.740,-11.368,-7.557,3.350
1679946026032,2023-03-27T14:40:26.032,14.760,-11.330,-9.051,4.996
1679946026052,2023-03-27T14:40:26.052,14.780,-14.440,-14.699,5.145
1679946026072,2023-03-27T14:40:26.072,14.800,-20.457,-24.707,4.737
1679946026092,2023-03-27T14:40:26.092,14.820,-26.109,-31.383,0.419
1679946026112,2023-03-27T14:40:26.112,14.840,-18.213,-10.781,0.732
1679946026132,2023-03-27T14:40:26.132,14.860,3.685,13.159,4.851
1679946026152,2023-03-27T14:40:26.152,14.880,2.329,-13.998,2.927
1679946026172,2023-03-27T14:40:26.172,14.900,-17.252,-51.254,1.494
1679946026192,2023-03-27T14:40:26.192,14.920,-22.729,-41.033,-4.063
1679946026212,2023-03-27T14:40:26.212,14.940,-8.544,-1.585,-10.648
1679946026232,2023-03-27T14:40:26.232,14.960,0.046,8.910,-11.410
1679946026252,2023-03-27T14:40:26.252,14.980,-4.817,-9.322,-10.248
1679946026272,2023-03-27T14:40:26.272,15.000,-4.253,-10.152,-12.824
1679946026292,2023-03-27T14:40:26.292,15.020,4.447,5.541,-13.479
1679946026312,2023-03-27T14:40:26.312,15.040,10.072,12.462,-6.132
1679946026332,2023-03-27T14:40:26.332,15.060,7.767,7.912,-1.052
1679946026352,2023-03-27T14:40:26.352,15.080,3.220,-0.915,-1.075
1679946026372,2023-03-27T14:40:26.372,15.100,1.071,-5.118,-2.976
1679946026392,2023-03-27T14:40:26.392,15.120,2.866,-3.861,-4.535
1679946026412,2023-03-27T14:40:26.412,15.140,3.990,-5.949,-5.206
1679946026432,2023-03-27T14:40:26.432,15.160,4.733,-9.409,-3.350
1679946026452,2023-03-27T14:40:26.452,15.180,4.501,-10.934,-1.871
1679946026472,2023-03-27T14:40:26.472,15.200,3.171,-7.332,-2.470
1679946026492,2023-03-27T14:40:26.492,15.220,2.351,1.399,-6.848
1679946026512,2023-03-27T14:40:26.512,15.240,3.704,11.654,-9.623
1679946026532,2023-03-27T14:40:26.532,15.260,4.291,15.690,-8.034
1679946026552,2023-03-27T14:40:26.552,15.280,1.265,12.165,-7.309
1679946026572,2023-03-27T14:40:26.572,15.300,-1.658,6.319,-5.964
1679946026592,2023-03-27T14:40:26.592,15.320,-2.832,3.327,-5.663
1679946026612,2023-03-27T14:40:26.612,15.340,-2.043,5.088,-7.344
1679946026632,2023-03-27T14:40:26.632,15.360,5.549,14.451,-6.928
1679946026652,2023-03-27T14:40:26.652,15.380,21.136,30.804,-4.204
1679946026672,2023-03-27T14:40:26.672,15.400,42.058,44.425,-2.317
1679946026692,2023-03-27T14:40:26.692,15.420,54.554,32.755,-1.418
1679946026712,2023-03-27T14:40:26.712,15.440,40.335,2.542,-1.174
1679946026732,2023-03-27T14:40:26.732,15.460,46.159,9.440,-4.474
1679946026752,2023-03-27T14:40:26.752,15.480,73.152,46.261,-12.740
1679946026772,2023-03-27T14:40:26.772,15.500,71.166,46.578,-12.210
1679946026792,2023-03-27T14:40:26.792,15.520,49.333,16.044,-12.104
1679946026812,2023-03-27T14:40:26.812,15.540,29.985,-3.861,-17.919
1679946026832,2023-03-27T14:40:26.832,15.560,21.261,3.864,-20.122
1679946026852,2023-03-27T14:40:26.852,15.580,24.729,27.298,-18.899
1679946026872,2023-03-27T14:40:26.872,15.600,30.011,44.284,-17.713
1679946026892,2023-03-27T14:40:26.892,15.620,27.508,40.305,-16.959
1679946026912,2023-03-27T14:40:26.912,15.640,17.801,24.173,-13.590
1679946026932,2023-03-27T14:40:26.932,15.660,9.036,10.373,-9.703
1679946026952,2023-03-27T14:40:26.952,15.680,2.954,2.443,-7.447
1679946026972,2023-03-27T14:40:26.972,15.700,-4.585,-3.338,-5.015
1679946026992,2023-03-27T14:40:26.992,15.720,-10.008,-7.302,-2.732
1679946027012,2023-03-27T14:40:27.012,15.740,-12.279,-8.876,-2.222
1679946027032,2023-03-27T14:40:27.032,15.760,-11.029,-6.296,-3.384
1679946027052,2023-03-27T14:40:27.052,15.780,-7.439,1.044,-5.160
1679946027072,2023-03-27T14:40:27.072,15.800,-2.786,10.758,-6.879
1679946027092,2023-03-27T14:40:27.092,15.820,0.911,14.954,-8.197
1679946027112,2023-03-27T14:40:27.112,15.840,0.991,13.826,-7.660
1679946027132,2023-03-27T14:40:27.132,15.860,-0.091,10.892,-5.347
1679946027152,2023-03-27T14:40:27.152,15.880,-0.210,9.219,-2.713
1679946027172,2023-03-27T14:40:27.172,15.900,-0.713,6.273,-1.200
1679946027192,2023-03-27T14:40:27.192,15.920,-1.646,2.462,0.255
1679946027212,2023-03-27T14:40:27.212,15.940,-1.791,-0.495,1.380
1679946027232,2023-03-27T14:40:27.232,15.960,-2.405,-1.688,1.704
1679946027252,2023-03-27T14:40:27.252,15.980,-2.530,-0.434,1.132
1679946027272,2023-03-27T14:40:27.272,16.000,-1.547,2.786,-0.114
1679946027292,2023-03-27T14:40:27.292,16.020,-1.742,4.943,-1.300
1679946027312,2023-03-27T14:40:27.312,16.040,-2.858,5.511,-3.171
1679946027332,2023-03-27T14:40:27.332,16.060,-4.562,5.473,-4.882
1679946027352,2023-03-27T14:40:27.352,16.080,-6.315,4.707,-5.728
1679946027372,2023-03-27T14:40:27.372,16.100,-6.795,3.739,-6.692
1679946027392,2023-03-27T14:40:27.392,16.120,-6.467,3.784,-7.024
1679946027412,2023-03-27T14:40:27.412,16.140,-6.014,5.122,-7.088
1679946027432,2023-03-27T14:40:27.432,16.160,-4.623,7.450,-7.237
1679946027452,2023-03-27T14:40:27.452,16.180,-3.944,7.893,-7.069
1679946027472,2023-03-27T14:40:27.472,16.200,-4.630,5.667,-5.819
1679946027492,2023-03-27T14:40:27.492,16.220,-5.663,3.377,-4.889
1679946027512,2023-03-27T14:40:27.512,16.240,-5.156,6.056,-4.367
1679946027532,2023-03-27T14:40:27.532,16.260,-3.445,15.084,-2.809
1679946027552,2023-03-27T14:40:27.552,16.280,-4.440,24.032,-0.042
1679946027572,2023-03-27T14:40:27.572,16.300,-9.604,24.379,2.420
1679946027592,2023-03-27T14:40:27.592,16.320,-17.576,15.335,4.962
1679946027612,2023-03-27T14:40:27.612,16.340,-23.396,6.864,5.537
1679946027632,2023-03-27T14:40:27.632,16.360,-23.083,4.787,3.921
1679946027652,2023-03-27T14:40:27.652,16.380,-20.667,12.755,3.716
1679946027672,2023-03-27T14:40:27.672,16.400,-16.220,23.590,4.653
1679946027692,2023-03-27T14:40:27.692,16.420,-12.919,27.893,5.133
1679946027712,2023-03-27T14:40:27.712,16.440,-13.316,25.774,5.835
1679946027732,2023-03-27T14:40:27.732,16.460,-15.267,19.444,6.650
1679946027752,2023-03-27T14:40:27.752,16.480,-17.485,11.448,6.749
1679946027772,2023-03-27T14:40:27.772,16.500,-18.262,5.217,6.029
1679946027792,2023-03-27T14:40:27.792,16.520,-18.377,3.357,5.964
1679946027812,2023-03-27T14:40:27.812,16.540,-17.180,4.973,5.335
1679946027832,2023-03-27T14:40:27.832,16.560,-15.419,8.792,4.162
1679946027852,2023-03-27T14:40:27.852,16.580,-12.885,12.367,3.975
1679946027872,2023-03-27T14:40:27.872,16.600,-11.338,12.824,3.636
1679946027892,2023-03-27T14:40:27.892,16.620,-10.636,11.280,3.274
1679946027912,2023-03-27T14:40:27.912,16.640,-11.623,7.980,4.653
1679946027932,2023-03-27T14:40:27.932,16.660,-13.529,2.309,7.248
1679946027952,2023-03-27T14:40:27.952,16.680,-14.573,-3.041,9.402
1679946027972,2023-03-27T14:40:27.972,16.700,-14.733,-6.383,11.502
1679946027992,2023-03-27T14:40:27.992,16.720,-15.530,-7.104,12.344
1679946028012,2023-03-27T14:40:28.012,16.740,-15.328,-5.995,13.129
1679946028032,2023-03-27T14:40:28.032,16.760,-15.835,-5.575,13.213
1679946028052,2023-03-27T14:40:28.052,16.780,-16.574,-6.155,10.922
1679946028072,2023-03-27T14:40:28.072,16.800,-15.252,-3.704,6.383
1679946028092,2023-03-27T14:40:28.092,16.820,-12.835,2.698,3.335
1679946028112,2023-03-27T14:40:28.112,16.840,-10.983,9.162,1.989
1679946028132,2023-03-27T14:40:28.132,16.860,-9.306,13.098,1.029
1679946028152,2023-03-27T14:40:28.152,16.880,-8.430,13.155,1.136
1679946028172,2023-03-27T14:40:28.172,16.900,-8.765,10.274,1.555
1679946028192,2023-03-27T14:40:28.192,16.920,-8.224,5.579,1.608
1679946028212,2023-03-27T14:40:28.212,16.940,-7.687,1.692,1.993
1679946028232,2023-03-27T14:40:28.232,16.960,-7.702,-1.181,1.604
1679946028252,2023-03-27T14:40:28.252,16.980,-7.473,-2.115,2.713
1679946028272,2023-03-27T14:40:28.272,17.000,-7.576,-4.901,3.380
1679946028292,2023-03-27T14:40:28.292,17.020,-8.331,-9.611,3.396
1679946028312,2023-03-27T14:40:28.312,17.040,-7.104,-11.349,3.548
1679946028332,2023-03-27T14:40:28.332,17.060,-5.053,-9.527,4.192
1679946028352,2023-03-27T14:40:28.352,17.080,-3.060,-6.940,3.731
1679946028372,2023-03-27T14:40:28.372,17.100,-2.473,-3.872,2.843
1679946028392,2023-03-27T14:40:28.392,17.120,-4.104,1.978,-0.739
1679946028412,2023-03-27T14:40:28.412,17.140,-8.986,12.378,-8.956
1679946028432,2023-03-27T14:40:28.432,17.160,-11.959,25.255,-14.177
1679946028452,2023-03-27T14:40:28.452,17.180,-7.367,30.217,-21.048
1679946028472,2023-03-27T14:40:28.472,17.200,3.403,35.667,-6.383
1679946028492,2023-03-27T14:40:28.492,17.220,10.675,13.563,4.954
1679946028512,2023-03-27T14:40:28.512,17.240,-4.878,-22.241,-9.821
1679946028532,2023-03-27T14:40:28.532,17.260,-5.351,-19.123,-13.136
1679946028552,2023-03-27T14:40:28.552,17.280,3.697,6.387,-12.912
1679946028572,2023-03-27T14:40:28.572,17.300,9.535,17.290,-7.614
1679946028592,2023-03-27T14:40:28.592,17.320,9.680,5.061,-1.978
1679946028612,2023-03-27T14:40:28.612,17.340,8.220,-10.423,3.117
1679946028632,2023-03-27T14:40:28.632,17.360,10.522,-15.259,3.102
1679946028652,2023-03-27T14:40:28.652,17.380,16.925,-12.248,-4.367
1679946028672,2023-03-27T14:40:28.672,17.400,23.636,-1.067,-4.989
1679946028692,2023-03-27T14:40:28.692,17.420,31.841,12.229,2.306
1679946028712,2023-03-27T14:40:28.712,17.440,33.765,11.079,3.613
1679946028732,2023-03-27T14:40:28.732,17.460,28.670,-3.247,1.162
1679946028752,2023-03-27T14:40:28.752,17.480,24.707,-15.187,-2.793
1679946028772,2023-03-27T14:40:28.772,17.500,25.896,-14.539,-7.470
1679946028792,2023-03-27T14:40:28.792,17.520,28.975,-2.778,-10.335
1679946028812,2023-03-27T14:40:28.812,17.540,31.742,8.434,-12.462
1679946028832,2023-03-27T14:40:28.832,17.560,30.816,12.176,-13.609
1679946028852,2023-03-27T14:40:28.852,17.580,27.168,9.032,-14.878
1679946028872,2023-03-27T14:40:28.872,17.600,22.839,4.668,-16.673
1679946028892,2023-03-27T14:40:28.892,17.620,19.863,4.672,-17.492
1679946028912,2023-03-27T14:40:28.912,17.640,18.990,9.741,-15.903
1679946028932,2023-03-27T14:40:28.932,17.660,18.060,14.771,-13.087
1679946028952,2023-03-27T14:40:28.952,17.680,15.194,14.870,-9.108
1679946028972,2023-03-27T14:40:28.972,17.700,10.305,8.274,-6.231
1679946028992,2023-03-27T14:40:28.992,17.720,5.351,0.739,-3.857
1679946029012,2023-03-27T14:40:29.012,17.740,2.866,-2.001,-2.149
1679946029032,2023-03-27T14:40:29.032,17.760,2.386,0.111,-0.976
1679946029052,2023-03-27T14:40:29.052,17.780,2.515,1.982,0.004
1679946029072,2023-03-27T14:40:29.072,17.800,1.818,0.301,0.595
1679946029092,2023-03-27T14:40:29.092,17.820,-0.072,-1.399,0.027
1679946029112,2023-03-27T14:40:29.112,17.840,0.842,0.225,-0.671
1679946029132,2023-03-27T14:40:29.132,17.860,2.203,1.079,-0.579
1679946029152,2023-03-27T14:40:29.152,17.880,2.405,-0.781,-0.770
1679946029172,2023-03-27T14:40:29.172,17.900,3.045,-1.452,-1.822
1679946029192,2023-03-27T14:40:29.192,17.920,4.082,1.437,-2.107
1679946029212,2023-03-27T14:40:29.212,17.940,4.916,4.047,-2.306
1679946029232,2023-03-27T14:40:29.232,17.960,4.245,3.011,-2.260
1679946029252,2023-03-27T14:40:29.252,17.980,2.325,-0.313,-2.066
1679946029272,2023-03-27T14:40:29.272,18.000,1.456,-2.226,-2.077
1679946029292,2023-03-27T14:40:29.292,18.020,2.123,-1.543,-1.947
1679946029312,2023-03-27T14:40:29.312,18.040,2.462,-0.995,-1.444
1679946029332,2023-03-27T14:40:29.332,18.060,1.665,-1.124,-1.319
1679946029352,2023-03-27T14:40:29.352,18.080,1.498,-0.095,-1.486
1679946029372,2023-03-27T14:40:29.372,18.100,2.024,2.161,-1.936
1679946029392,2023-03-27T14:40:29.392,18.120,2.988,3.472,-2.458
1679946029412,2023-03-27T14:40:29.412,18.140,2.729,2.260,-2.412
1679946029432,2023-03-27T14:40:29.432,18.160,2.351,0.644,-2.157
1679946029452,2023-03-27T14:40:29.452,18.180,2.599,-0.728,-1.932
1679946029472,2023-03-27T14:40:29.472,18.200,2.439,-2.035,-1.364
1679946029492,2023-03-27T14:40:29.492,18.220,2.443,-3.426,-0.465
1679946029512,2023-03-27T14:40:29.512,18.240,2.130,-3.354,0.114
1679946029532,2023-03-27T14:40:29.532,18.260,1.749,-1.989,0.179
1679946029552,2023-03-27T14:40:29.552,18.280,0.930,-1.033,-0.709
1679946029572,2023-03-27T14:40:29.572,18.300,1.048,0.286,-1.345
1679946029592,2023-03-27T14:40:29.592,18.320,1.540,1.139,-1.833
1679946029612,2023-03-27T14:40:29.612,18.340,2.085,1.463,-1.704
1679946029632,2023-03-27T14:40:29.632,18.360,1.871,1.101,-1.071
1679946029652,2023-03-27T14:40:29.652,18.380,1.334,0.111,-1.040
1679946029672,2023-03-27T14:40:29.672,18.400,0.793,-0.351,-1.132
1679946029692,2023-03-27T14:40:29.692,18.420,0.495,0.633,-0.983
1679946029712,2023-03-27T14:40:29.712,18.440,0.412,1.764,-1.486
1679946029732,2023-03-27T14:40:29.732,18.460,0.301,1.608,-1.543
1679946029752,2023-03-27T14:40:29.752,18.480,0.034,0.431,-0.930
1679946029772,2023-03-27T14:40:29.772,18.500,-0.088,-0.530,0.023
1679946029792,2023-03-27T14:40:29.792,18.520,-0.290,-1.563,0.587
1679946029812,2023-03-27T14:40:29.812,18.540,-0.351,-2.691,0.511
1679946029832,2023-03-27T14:40:29.832,18.560,-0.271,-2.710,0.168
1679946029852,2023-03-27T14:40:29.852,18.580,0.560,-1.162,-0.495
1679946029872,2023-03-27T14:40:29.872,18.600,1.155,0.762,-1.265
1679946029892,2023-03-27T14:40:29.892,18.620,1.905,2.317,-1.684
1679946029912,2023-03-27T14:40:29.912,18.640,2.530,2.302,-1.761
1679946029932,2023-03-27T14:40:29.932,18.660,2.214,0.998,-1.784
1679946029952,2023-03-27T14:40:29.952,18.680,1.372,-0.229,-1.338
1679946029972,2023-03-27T14:40:29.972,18.700,0.564,-1.067,-0.709
1679946029992,2023-03-27T14:40:29.992,18.720,0.103,-1.414,-0.724
1679946030012,2023-03-27T14:40:30.012,18.740,0.716,-0.046,-0.804
1679946030032,2023-03-27T14:40:30.032,18.760,1.204,1.421,-0.998
1679946030052,2023-03-27T14:40:30.052,18.780,0.217,1.448,-0.252
1679946030072,2023-03-27T14:40:30.072,18.800,-1.601,-0.911,0.076
1679946030092,2023-03-27T14:40:30.092,18.820,-2.694,-3.373,0.236
1679946030112,2023-03-27T14:40:30.112,18.840,-1.955,-3.159,0.164
1679946030132,2023-03-27T14:40:30.132,18.860,-0.709,-1.113,0.183
1679946030152,2023-03-27T14:40:30.152,18.880,0.198,0.713,-0.389
1679946030172,2023-03-27T14:40:30.172,18.900,0.255,2.153,-0.934
1679946030192,2023-03-27T14:40:30.192,18.920,-0.366,3.056,-1.037
1679946030212,2023-03-27T14:40:30.212,18.940,-1.349,3.171,-1.444
1679946030232,2023-03-27T14:40:30.232,18.960,-1.974,3.331,-2.016
1679946030252,2023-03-27T14:40:30.252,18.980,-1.540,4.150,-2.458
1679946030272,2023-03-27T14:40:30.272,19.000,-0.514,5.206,-2.481
1679946030292,2023-03-27T14:40:30.292,19.020,-0.130,6.021,-1.627
1679946030312,2023-03-27T14:40:30.312,19.040,-0.514,6.128,-1.094
1679946030332,2023-03-27T14:40:30.332,19.060,-2.138,5.023,-0.877
1679946030352,2023-03-27T14:40:30.352,19.080,-4.101,4.329,-0.252
1679946030372,2023-03-27T14:40:30.372,19.100,-5.309,4.748,-0.610
1679946030392,2023-03-27T14:40:30.392,19.120,-5.335,6.429,-1.585
1679946030412,2023-03-27T14:40:30.412,19.140,-5.857,10.560,-0.507
1679946030432,2023-03-27T14:40:30.432,19.160,-7.847,12.470,1.654
1679946030452,2023-03-27T14:40:30.452,19.180,-11.974,9.642,3.338
1679946030472,2023-03-27T14:40:30.472,19.200,-16.170,4.829,3.788
1679946030492,2023-03-27T14:40:30.492,19.220,-17.504,2.565,3.380
1679946030512,2023-03-27T14:40:30.512,19.240,-16.654,2.409,3.289
1679946030532,2023-03-27T14:40:30.532,19.260,-17.679,1.989,3.670
1679946030552,2023-03-27T14:40:30.552,19.280,-18.746,4.398,5.179
1679946030572,2023-03-27T14:40:30.572,19.300,-17.969,9.649,5.682
1679946030592,2023-03-27T14:40:30.592,19.320,-16.947,11.833,5.770
1679946030612,2023-03-27T14:40:30.612,19.340,-16.517,7.904,5.171
1679946030632,2023-03-27T14:40:30.632,19.360,-13.982,1.223,3.792
1679946030652,2023-03-27T14:40:30.652,19.380,-10.507,-4.032,4.768
1679946030672,2023-03-27T14:40:30.672,19.400,-7.123,-6.467,3.739
1679946030692,2023-03-27T14:40:30.692,19.420,-2.896,-2.473,1.890
1679946030712,2023-03-27T14:40:30.712,19.440,1.479,3.327,0.854
1679946030732,2023-03-27T14:40:30.732,19.460,2.801,4.329,-0.572
1679946030752,2023-03-27T14:40:30.752,19.480,2.576,2.702,-1.437
1679946030772,2023-03-27T14:40:30.772,19.500,2.832,2.824,-1.056
1679946030792,2023-03-27T14:40:30.792,19.520,2.584,2.504,-0.274
1679946030812,2023-03-27T14:40:30.812,19.540,0.957,-0.069,-0.747
1679946030832,2023-03-27T14:40:30.832,19.560,-1.090,-1.117,-0.492
1679946030852,2023-03-27T14:40:30.852,19.580,-2.104,0.011,0.114
1679946030872,2023-03-27T14:40:30.872,19.600,-2.553,0.499,0.271
1679946030892,2023-03-27T14:40:30.892,19.620,-2.980,1.098,0.328
1679946030912,2023-03-27T14:40:30.912,19.640,-2.550,2.611,0.667
1679946030932,2023-03-27T14:40:30.932,19.660,-2.329,2.900,1.543
1679946030952,2023-03-27T14:40:30.952,19.680,-4.364,0.983,3.083
1679946030972,2023-03-27T14:40:30.972,19.700,-7.237,-1.799,4.867
1679946030992,2023-03-27T14:40:30.992,19.720,-9.345,-3.929,4.935
1679946031012,2023-03-27T14:40:31.012,19.740,-9.562,-3.438,3.723
1679946031032,2023-03-27T14:40:31.032,19.760,-7.988,-1.075,2.988
1679946031052,2023-03-27T14:40:31.052,19.780,-7.477,-0.492,3.430
1679946031072,2023-03-27T14:40:31.072,19.800,-8.060,-1.974,5.255
1679946031092,2023-03-27T14:40:31.092,19.820,-9.558,-4.604,7.020
1679946031112,2023-03-27T14:40:31.112,19.840,-12.207,-6.532,8.864
1679946031132,2023-03-27T14:40:31.132,19.860,-13.982,-7.923,9.870
1679946031152,2023-03-27T14:40:31.152,19.880,-14.245,-9.550,8.956
1679946031172,2023-03-27T14:40:31.172,19.900,-12.389,-9.745,6.136
1679946031192,2023-03-27T14:40:31.192,19.920,-8.872,-5.625,5.617
1679946031212,2023-03-27T14:40:31.212,19.940,-5.835,-1.707,7.016
1679946031232,2023-03-27T14:40:31.232,19.960,-5.358,-1.254,6.235
1679946031252,2023-03-27T14:40:31.252,19.980,-6.818,-4.043,4.184
1679946031272,2023-03-27T14:40:31.272,20.000,-7.283,-6.582,2.687
1679946031292,2023-03-27T14:40:31.292,20.020,-6.174,-6.944,1.254
1679946031312,2023-03-27T14:40:31.312,20.040,-4.379,-6.684,-0.659
1679946031332,2023-03-27T14:40:31.332,20.060,-4.154,-3.681,-1.883
1679946031352,2023-03-27T14:40:31.352,20.080,-7.805,6.334,-6.242
1679946031372,2023-03-27T14:40:31.372,20.100,-6.543,27.245,-15.354
1679946031392,2023-03-27T14:40:31.392,20.120,3.285,47.652,-23.700
1679946031412,2023-03-27T14:40:31.412,20.140,13.415,54.867,-6.418
1679946031432,2023-03-27T14:40:31.432,20.160,10.267,17.660,-3.247
1679946031452,2023-03-27T14:40:31.452,20.180,-5.598,-23.049,-3.647
1679946031472,2023-03-27T14:40:31.472,20.200,-13.201,-32.332,-3.148
1679946031492,2023-03-27T14:40:31.492,20.220,-7.976,-13.982,-5.194
1679946031512,2023-03-27T14:40:31.512,20.240,3.266,15.949,-6.239
1679946031532,2023-03-27T14:40:31.532,20.260,9.539,34.764,-8.411
1679946031552,2023-03-27T14:40:31.552,20.280,11.757,36.048,-9.364
1679946031572,2023-03-27T14:40:31.572,20.300,11.616,24.470,-8.354
1679946031592,2023-03-27T14:40:31.592,20.320,7.450,7.527,-6.791
1679946031612,2023-03-27T14:40:31.612,20.340,3.586,-2.706,-4.848
1679946031632,2023-03-27T14:40:31.632,20.360,4.425,-2.367,-1.684
1679946031652,2023-03-27T14:40:31.652,20.380,6.021,2.020,0.636
1679946031672,2023-03-27T14:40:31.672,20.400,10.244,7.374,1.582
1679946031692,2023-03-27T14:40:31.692,20.420,19.204,11.502,1.380
1679946031712,2023-03-27T14:40:31.712,20.440,32.550,10.004,-1.437
1679946031732,2023-03-27T14:40:31.732,20.460,43.586,3.617,-6.772
1679946031752,2023-03-27T14:40:31.752,20.480,46.334,6.181,-0.705
1679946031772,2023-03-27T14:40:31.772,20.500,45.941,8.636,12.119
1679946031792,2023-03-27T14:40:31.792,20.520,35.320,-12.325,12.519
1679946031812,2023-03-27T14:40:31.812,20.540,21.261,-34.798,7.870
1679946031832,2023-03-27T14:40:31.832,20.560,17.854,-36.200,0.926
1679946031852,2023-03-27T14:40:31.852,20.580,19.333,-25.739,-4.425
1679946031872,2023-03-27T14:40:31.872,20.600,21.387,-18.746,-8.136
1679946031892,2023-03-27T14:40:31.892,20.620,22.149,-16.955,-8.948
1679946031912,2023-03-27T14:40:31.912,20.640,25.450,-12.431,-8.239
1679946031932,2023-03-27T14:40:31.932,20.660,30.442,-6.002,-6.757
1679946031952,2023-03-27T14:40:31.952,20.680,33.441,1.623,-4.859
1679946031972,2023-03-27T14:40:31.972,20.700,31.159,4.985,-3.914
1679946031992,2023-03-27T14:40:31.992,20.720,24.455,4.177,-3.628
1679946032012,2023-03-27T14:40:32.012,20.740,16.010,1.418,-3.121
1679946032032,2023-03-27T14:40:32.032,20.760,6.719,-3.769,-3.098
1679946032052,2023-03-27T14:40:32.052,20.780,-0.884,-9.642,-3.647
1679946032072,2023-03-27T14:40:32.072,20.800,-3.087,-12.092,-4.261
1679946032092,2023-03-27T14:40:32.092,20.820,-1.707,-8.636,-4.546
1679946032112,2023-03-27T14:40:32.112,20.840,1.410,-1.684,-4.131
1679946032132,2023-03-27T14:40:32.132,20.860,2.992,1.490,-4.245
1679946032152,2023-03-27T14:40:32.152,20.880,0.793,-0.400,-4.021
1679946032172,2023-03-27T14:40:32.172,20.900,-1.433,-3.617,-4.226
1679946032192,2023-03-27T14:40:32.192,20.920,-2.378,-6.052,-4.733
1679946032212,2023-03-27T14:40:32.212,20.940,-2.172,-6.616,-3.982
1679946032232,2023-03-27T14:40:32.232,20.960,-0.713,-5.446,-2.961
1679946032252,2023-03-27T14:40:32.252,20.980,0.675,-3.388,-1.349
1679946032272,2023-03-27T14:40:32.272,21.000,0.168,-5.663,-0.423
1679946032292,2023-03-27T14:40:32.292,21.020,-4.032,-11.479,-1.886
1679946032312,2023-03-27T14:40:32.312,21.040,-9.989,-19.154,-4.184
1679946032332,2023-03-27T14:40:32.332,21.060,-15.842,-26.658,-5.111
1679946032352,2023-03-27T14:40:32.352,21.080,-21.723,-32.447,-6.947
1679946032372,2023-03-27T14:40:32.372,21.100,-23.213,-35.816,-13.228
1679946032392,2023-03-27T14:40:32.392,21.120,-21.917,-34.276,-18.777
1679946032412,2023-03-27T14:40:32.412,21.140,-20.236,-25.514,-25.362
1679946032432,2023-03-27T14:40:32.432,21.160,-17.946,-13.357,-32.405
1679946032452,2023-03-27T14:40:32.452,21.180,-17.900,-9.466,-37.100
1679946032472,2023-03-27T14:40:32.472,21.200,-21.421,-15.267,-41.425
1679946032492,2023-03-27T14:40:32.492,21.220,-23.986,-22.115,-45.892
1679946032512,2023-03-27T14:40:32.512,21.240,-22.569,-21.117,-49.002
1679946032532,2023-03-27T14:40:32.532,21.260,-16.368,-9.817,-50.865
1679946032552,2023-03-27T14:40:32.552,21.280,-8.114,4.505,-51.334
1679946032572,2023-03-27T14:40:32.572,21.300,-1.265,13.194,-48.476
1679946032592,2023-03-27T14:40:32.592,21.320,2.534,17.180,-45.800
1679946032612,2023-03-27T14:40:32.612,21.340,7.294,24.790,-48.056
1679946032632,2023-03-27T14:40:32.632,21.360,17.832,40.324,-49.535
1679946032652,2023-03-27T14:40:32.652,21.380,32.774,53.861,-45.091
1679946032672,2023-03-27T14:40:32.672,21.400,37.553,46.951,-44.451
1679946032692,2023-03-27T14:40:32.692,21.420,31.677,45.248,-49.524
1679946032712,2023-03-27T14:40:32.712,21.440,38.598,83.956,-49.783
1679946032732,2023-03-27T14:40:32.732,21.460,65.682,124.874,-44.703
1679946032752,2023-03-27T14:40:32.752,21.480,98.712,124.874,-36.517
1679946032772,2023-03-27T14:40:32.772,21.500,113.620,124.089,-21.498
1679946032792,2023-03-27T14:40:32.792,21.520,89.078,114.310,-0.915
1679946032812,2023-03-27T14:40:32.812,21.540,40.644,10.907,17.180
1679946032832,2023-03-27T14:40:32.832,21.560,-4.200,-114.196,28.289
1679946032852,2023-03-27T14:40:32.852,21.580,-42.755,-124.874,41.734
1679946032872,2023-03-27T14:40:32.872,21.600,-76.551,-123.498,48.064
1679946032892,2023-03-27T14:40:32.892,21.620,-60.480,-102.580,39.047
1679946032912,2023-03-27T14:40:32.912,21.640,4.268,22.748,21.143
1679946032932,2023-03-27T14:40:32.932,21.660,44.546,93.041,15.930
1679946032952,2023-03-27T14:40:32.952,21.680,29.539,59.207,36.818
1679946032972,2023-03-27T14:40:32.972,21.700,-2.069,-8.529,42.717
1679946032992,2023-03-27T14:40:32.992,21.720,-3.476,-38.838,24.539
1679946033012,2023-03-27T14:40:33.012,21.740,1.002,-5.678,1.947
1679946033032,2023-03-27T14:40:33.032,21.760,-10.770,58.647,-34.318
1679946033052,2023-03-27T14:40:33.052,21.780,-29.855,92.161,-42.934
1679946033072,2023-03-27T14:40:33.072,21.800,-29.447,57.519,-17.218
1679946033092,2023-03-27T14:40:33.092,21.820,-25.168,-0.171,-24.977
1679946033112,2023-03-27T14:40:33.112,21.840,-32.603,-35.259,-32.245
1679946033132,2023-03-27T14:40:33.132,21.860,-32.237,-45.842,-5.892
1679946033152,2023-03-27T14:40:33.152,21.880,-21.132,-39.276,17.534
1679946033172,2023-03-27T14:40:33.172,21.900,-12.774,-3.365,16.261
1679946033192,2023-03-27T14:40:33.192,21.920,17.336,66.018,-7.534
1679946033212,2023-03-27T14:40:33.212,21.940,64.775,118.647,-10.412
1679946033232,2023-03-27T14:40:33.232,21.960,87.321,109.386,15.206
1679946033252,2023-03-27T14:40:33.252,21.980,44.108,50.663,23.773
1679946033272,2023-03-27T14:40:33.272,22.000,5.804,-2.763,11.879
1679946033292,2023-03-27T14:40:33.292,22.020,6.037,-21.883,-1.239
1679946033312,2023-03-27T14:40:33.312,22.040,11.856,-9.272,11.463
1679946033332,2023-03-27T14:40:33.332,22.060,38.392,25.736,30.614
1679946033352,2023-03-27T14:40:33.352,22.080,69.150,69.223,16.841
1679946033372,2023-03-27T14:40:33.372,22.100,86.242,99.226,11.037
1679946033392,2023-03-27T14:40:33.392,22.120,98.746,95.938,28.148
1679946033412,2023-03-27T14:40:33.412,22.140,66.650,65.457,40.682
1679946033432,2023-03-27T14:40:33.432,22.160,46.105,46.124,39.489
1679946033452,2023-03-27T14:40:33.452,22.180,55.373,71.574,33.392
1679946033472,2023-03-27T14:40:33.472,22.200,70.206,118.125,29.657
1679946033492,2023-03-27T14:40:33.492,22.220,81.723,124.874,31.014
1679946033512,2023-03-27T14:40:33.512,22.240,76.776,124.432,48.148
1679946033532,2023-03-27T14:40:33.532,22.260,68.190,123.861,65.358
1679946033552,2023-03-27T14:40:33.552,22.280,46.806,85.210,77.820
1679946033572,2023-03-27T14:40:33.572,22.300,7.302,6.646,83.232
1679946033592,2023-03-27T14:40:33.592,22.320,-1.593,-30.004,72.321
1679946033612,2023-03-27T14:40:33.612,22.340,20.812,-6.768,55.659
1679946033632,2023-03-27T14:40:33.632,22.360,44.867,44.531,55.545
1679946033652,2023-03-27T14:40:33.652,22.380,48.087,70.210,67.527
1679946033672,2023-03-27T14:40:33.672,22.400,37.336,58.327,69.546
1679946033692,2023-03-27T14:40:33.692,22.420,31.780,39.051,67.176
1679946033712,2023-03-27T14:40:33.712,22.440,31.482,35.152,62.245
1679946033732,2023-03-27T14:40:33.732,22.460,37.687,42.858,57.363
1679946033752,2023-03-27T14:40:33.752,22.480,35.941,44.226,59.752
1679946033772,2023-03-27T14:40:33.772,22.500,27.614,34.329,59.238
1679946033792,2023-03-27T14:40:33.792,22.520,27.260,33.746,49.303
1679946033812,2023-03-27T14:40:33.812,22.540,31.391,49.226,48.243
1679946033832,2023-03-27T14:40:33.832,22.560,26.768,65.434,49.318
1679946033852,2023-03-27T14:40:33.852,22.580,22.561,81.814,47.954
1679946033872,2023-03-27T14:40:33.872,22.600,23.159,65.518,45.701
1679946033892,2023-03-27T14:40:33.892,22.620,8.872,30.404,41.075
1679946033912,2023-03-27T14:40:33.912,22.640,-2.565,2.157,34.867
1679946033932,2023-03-27T14:40:33.932,22.660,-1.120,-31.917,26.540
1679946033952,2023-03-27T14:40:33.952,22.680,-2.843,-59.516,21.250
1679946033972,2023-03-27T14:40:33.972,22.700,-14.101,-54.295,24.486
1679946033992,2023-03-27T14:40:33.992,22.720,-29.291,-51.677,32.588
1679946034012,2023-03-27T14:40:34.012,22.740,-49.459,-91.925,24.093
1679946034032,2023-03-27T14:40:34.032,22.760,-49.657,-124.874,10.781
1679946034052,2023-03-27T14:40:34.052,22.780,-49.615,-124.874,-2.271
1679946034072,2023-03-27T14:40:34.072,22.800,-25.755,-92.462,-16.570
1679946034092,2023-03-27T14:40:34.092,22.820,1.635,-43.220,-22.626
1679946034112,2023-03-27T14:40:34.112,22.840,-6.677,-58.403,-20.979
1679946034132,2023-03-27T14:40:34.132,22.860,-33.220,-118.735,-8.300
1679946034152,2023-03-27T14:40:34.152,22.880,-65.568,-124.874,2.931
1679946034172,2023-03-27T14:40:34.172,22.900,-98.354,-124.127,2.256
1679946034192,2023-03-27T14:40:34.192,22.920,-113.075,-124.619,-5.716
1679946034212,2023-03-27T14:40:34.212,22.940,-110.617,-124.874,-18.822
1679946034232,2023-03-27T14:40:34.232,22.960,-101.482,-124.870,-28.773
1679946034252,2023-03-27T14:40:34.252,22.980,-86.951,-124.870,-32.233
1679946034272,2023-03-27T14:40:34.272,23.000,-67.816,-104.268,-33.742
1679946034292,2023-03-27T14:40:34.292,23.020,-44.508,-49.958,-36.810
1679946034312,2023-03-27T14:40:34.312,23.040,-23.209,-4.375,-39.924
1679946034332,2023-03-27T14:40:34.332,23.060,-13.422,10.415,-39.299
1679946034352,2023-03-27T14:40:34.352,23.080,-17.732,9.390,-34.840
1679946034372,2023-03-27T14:40:34.372,23.100,-21.852,7.504,-31.543
1679946034392,2023-03-27T14:40:34.392,23.120,-27.351,-7.881,-29.261
1679946034412,2023-03-27T14:40:34.412,23.140,-45.061,-45.652,-29.245
1679946034432,2023-03-27T14:40:34.432,23.160,-66.925,-78.213,-32.123
1679946034452,2023-03-27T14:40:34.452,23.180,-80.069,-89.093,-35.210
1679946034472,2023-03-27T14:40:34.472,23.200,-83.300,-88.224,-27.588
1679946034492,2023-03-27T14:40:34.492,23.220,-75.442,-77.184,-15.823
1679946034512,2023-03-27T14:40:34.512,23.240,-63.457,-72.851,-8.758
1679946034532,2023-03-27T14:40:34.532,23.260,-56.517,-81.052,-12.767
1679946034552,2023-03-27T14:40:34.552,23.280,-56.883,-97.885,-26.997
1679946034572,2023-03-27T14:40:34.572,23.300,-46.665,-96.319,-32.873
1679946034592,2023-03-27T14:40:34.592,23.320,-45.179,-83.418,-38.037
1679946034612,2023-03-27T14:40:34.612,23.340,-56.075,-79.920,-52.294
1679946034632,2023-03-27T14:40:34.632,23.360,-48.944,-55.415,-27.100
1679946034652,2023-03-27T14:40:34.652,23.380,-56.101,-53.106,14.337
1679946034672,2023-03-27T14:40:34.672,23.400,-85.659,-106.227,46.540
1679946034692,2023-03-27T14:40:34.692,23.420,-91.181,-124.874,52.001
1679946034712,2023-03-27T14:40:34.712,23.440,-70.152,-103.392,28.716
1679946034732,2023-03-27T14:40:34.732,23.460,-35.827,-32.088,24.444
1679946034752,2023-03-27T14:40:34.752,23.480,-13.422,32.207,23.426
1679946034772,2023-03-27T14:40:34.772,23.500,7.317,113.373,15.183
1679946034792,2023-03-27T14:40:34.792,23.520,32.637,124.874,21.349
1679946034812,2023-03-27T14:40:34.812,23.540,28.537,111.090,30.777
1679946034832,2023-03-27T14:40:34.832,23.560,-3.373,50.179,47.752
1679946034852,2023-03-27T14:40:34.852,23.580,-6.463,78.152,44.207
1679946034872,2023-03-27T14:40:34.872,23.600,31.075,124.874,21.159
1679946034892,2023-03-27T14:40:34.892,23.620,93.178,124.874,-1.654
1679946034912,2023-03-27T14:40:34.912,23.640,124.874,123.819,8.575
1679946034932,2023-03-27T14:40:34.932,23.660,119.463,124.874,23.674
1679946034952,2023-03-27T14:40:34.952,23.680,87.820,107.001,22.050
1679946034972,2023-03-27T14:40:34.972,23.700,36.806,-5.442,36.132
1679946034992,2023-03-27T14:40:34.992,23.720,-1.048,-100.103,31.692
1679946035012,2023-03-27T14:40:35.012,23.740,-4.867,-48.887,-5.793
1679946035032,2023-03-27T14:40:35.032,23.760,27.374,81.944,-11.772
1679946035052,2023-03-27T14:40:35.052,23.780,74.055,124.874,7.489
1679946035072,2023-03-27T14:40:35.072,23.800,88.666,124.874,30.804
1679946035092,2023-03-27T14:40:35.092,23.820,73.129,123.742,57.950
1679946035112,2023-03-27T14:40:35.112,23.840,34.444,119.569,62.790
1679946035132,2023-03-27T14:40:35.132,23.860,13.761,100.252,66.025
1679946035152,2023-03-27T14:40:35.152,23.880,15.633,105.492,64.268
1679946035172,2023-03-27T14:40:35.172,23.900,24.524,112.138,45.522
1679946035192,2023-03-27T14:40:35.192,23.920,33.769,120.248,40.522
1679946035212,2023-03-27T14:40:35.212,23.940,26.197,111.227,59.714
1679946035232,2023-03-27T14:40:35.232,23.960,21.063,53.453,73.803
1679946035252,2023-03-27T14:40:35.252,23.980,19.973,-15.823,95.857
1679946035272,2023-03-27T14:40:35.272,24.000,-0.568,-18.582,114.668
1679946035292,2023-03-27T14:40:35.292,24.020,-1.936,16.688,86.604
1679946035312,2023-03-27T14:40:35.312,24.040,32.207,73.780,61.402
1679946035332,2023-03-27T14:40:35.332,24.060,60.088,112.317,52.813
1679946035352,2023-03-27T14:40:35.352,24.080,57.923,124.478,46.273
1679946035372,2023-03-27T14:40:35.372,24.100,41.147,124.874,33.605
1679946035392,2023-03-27T14:40:35.392,24.120,41.391,124.798,11.662
1679946035412,2023-03-27T14:40:35.412,24.140,61.162,124.855,-3.598
1679946035432,2023-03-27T14:40:35.432,24.160,73.064,124.874,10.995
1679946035452,2023-03-27T14:40:35.452,24.180,41.730,124.874,32.683
1679946035472,2023-03-27T14:40:35.472,24.200,17.279,115.865,30.171
1679946035492,2023-03-27T14:40:35.492,24.220,18.403,92.073,14.310
1679946035512,2023-03-27T14:40:35.512,24.240,21.681,91.193,5.152
1679946035532,2023-03-27T14:40:35.532,24.260,19.699,84.726,-1.338
1679946035552,2023-03-27T14:40:35.552,24.280,7.938,58.377,-9.421
1679946035572,2023-03-27T14:40:35.572,24.300,-8.441,13.586,-9.992
1679946035592,2023-03-27T14:40:35.592,24.320,-15.160,-32.801,-3.243
1679946035612,2023-03-27T14:40:35.612,24.340,-9.425,-43.396,2.111
1679946035632,2023-03-27T14:40:35.632,24.360,-1.189,-39.592,-0.362
1679946035652,2023-03-27T14:40:35.652,24.380,8.350,-23.479,-6.593
1679946035672,2023-03-27T14:40:35.672,24.400,27.771,3.639,-14.950
1679946035692,2023-03-27T14:40:35.692,24.420,43.613,15.385,-23.582
1679946035712,2023-03-27T14:40:35.712,24.440,45.255,-14.127,-28.415
1679946035732,2023-03-27T14:40:35.732,24.460,20.408,-62.771,-25.888
1679946035752,2023-03-27T14:40:35.752,24.480,-15.442,-90.130,-23.697
1679946035772,2023-03-27T14:40:35.772,24.500,-15.720,-82.287,-25.873
1679946035792,2023-03-27T14:40:35.792,24.520,6.170,-68.990,-34.303
1679946035812,2023-03-27T14:40:35.812,24.540,21.170,-63.068,-39.707
1679946035832,2023-03-27T14:40:35.832,24.560,-1.383,-70.880,-45.389
1679946035852,2023-03-27T14:40:35.852,24.580,-31.650,-119.402,-57.161
1679946035872,2023-03-27T14:40:35.872,24.600,-42.519,-124.874,-47.184
1679946035892,2023-03-27T14:40:35.892,24.620,-43.152,-124.230,-27.835
1679946035912,2023-03-27T14:40:35.912,24.640,-62.572,-124.649,0.671
1679946035932,2023-03-27T14:40:35.932,24.660,-76.315,-124.874,-7.732
1679946035952,2023-03-27T14:40:35.952,24.680,-76.261,-124.874,-51.662
1679946035972,2023-03-27T14:40:35.972,24.700,-55.038,-120.130,-84.466
1679946035992,2023-03-27T14:40:35.992,24.720,-44.139,-98.613,-105.762
1679946036012,2023-03-27T14:40:36.012,24.740,-80.705,-105.492,-122.988
1679946036032,2023-03-27T14:40:36.032,24.760,-124.874,-108.331,-75.069
1679946036052,2023-03-27T14:40:36.052,24.780,-124.874,-116.627,-32.698
1679946036072,2023-03-27T14:40:36.072,24.800,-111.745,-124.874,-52.881
1679946036092,2023-03-27T14:40:36.092,24.820,-119.649,-124.874,-43.342
1679946036112,2023-03-27T14:40:36.112,24.840,-124.874,-124.676,16.704
1679946036132,2023-03-27T14:40:36.132,24.860,-124.855,-105.739,30.838
1679946036152,2023-03-27T14:40:36.152,24.880,-106.185,-33.323,-20.579
1679946036172,2023-03-27T14:40:36.172,24.900,-82.862,34.783,-35.328
1679946036192,2023-03-27T14:40:36.192,24.920,-89.539,5.271,0.777
1679946036212,2023-03-27T14:40:36.212,24.940,-99.897,-78.399,21.223
1679946036232,2023-03-27T14:40:36.232,24.960,-102.908,-124.874,26.913
1679946036252,2023-03-27T14:40:36.252,24.980,-109.463,-123.182,46.284
1679946036272,2023-03-27T14:40:36.272,25.000,-102.489,-78.735,50.236
1679946036292,2023-03-27T14:40:36.292,25.020,-88.552,-27.222,33.617
1679946036312,2023-03-27T14:40:36.312,25.040,-82.492,-52.073,49.787
1679946036332,2023-03-27T14:40:36.332,25.060,-92.172,-121.216,54.478
1679946036352,2023-03-27T14:40:36.352,25.080,-97.351,-124.874,12.896
1679946036372,2023-03-27T14:40:36.372,25.100,-66.505,-79.192,13.876
1679946036392,2023-03-27T14:40:36.392,25.120,-40.324,-8.415,34.981
1679946036412,2023-03-27T14:40:36.412,25.140,-24.748,38.110,52.317
1679946036432,2023-03-27T14:40:36.432,25.160,-3.384,47.466,72.725
1679946036452,2023-03-27T14:40:36.452,25.180,-2.401,-7.698,79.935
1679946036472,2023-03-27T14:40:36.472,25.200,-11.620,-110.899,108.014
1679946036492,2023-03-27T14:40:36.492,25.220,-19.634,-124.874,112.980
1679946036512,2023-03-27T14:40:36.512,25.240,-9.276,-123.761,63.681
1679946036532,2023-03-27T14:40:36.532,25.260,18.982,-23.681,11.860
1679946036552,2023-03-27T14:40:36.552,25.280,96.890,124.874,25.347
1679946036572,2023-03-27T14:40:36.572,25.300,100.739,112.107,77.165
1679946036592,2023-03-27T14:40:36.592,25.320,29.264,-11.837,78.285
1679946036612,2023-03-27T14:40:36.612,25.340,5.320,-91.513,52.088
1679946036632,2023-03-27T14:40:36.632,25.360,36.993,-117.729,59.985
1679946036652,2023-03-27T14:40:36.652,25.380,61.490,-89.954,63.571
1679946036672,2023-03-27T14:40:36.672,25.400,71.429,-8.716,38.498
1679946036692,2023-03-27T14:40:36.692,25.420,105.884,79.364,25.732
1679946036712,2023-03-27T14:40:36.712,25.440,124.874,78.552,45.240
1679946036732,2023-03-27T14:40:36.732,25.460,98.933,13.384,62.046
1679946036752,2023-03-27T14:40:36.752,25.480,86.151,-37.420,68.140
1679946036772,2023-03-27T14:40:36.772,25.500,102.954,-42.588,64.642
1679946036792,2023-03-27T14:40:36.792,25.520,124.874,-23.952,62.881
1679946036812,2023-03-27T14:40:36.812,25.540,124.874,3.941,50.812
1679946036832,2023-03-27T14:40:36.832,25.560,124.470,15.781,39.829
1679946036852,2023-03-27T14:40:36.852,25.580,124.863,17.588,40.320
1679946036872,2023-03-27T14:40:36.872,25.600,124.874,19.714,31.235
1679946036892,2023-03-27T14:40:36.892,25.620,124.870,25.122,17.359
1679946036912,2023-03-27T14:40:36.912,25.640,124.874,38.426,-0.564
1679946036932,2023-03-27T14:40:36.932,25.660,124.874,80.743,-20.675
1679946036952,2023-03-27T14:40:36.952,25.680,124.874,124.874,-29.078
1679946036972,2023-03-27T14:40:36.972,25.700,124.874,124.874,-33.792
1679946036992,2023-03-27T14:40:36.992,25.720,124.874,124.078,-22.024
1679946037012,2023-03-27T14:40:37.012,25.740,124.874,124.840,4.486
1679946037032,2023-03-27T14:40:37.032,25.760,124.874,109.954,-2.188
1679946037052,2023-03-27T14:40:37.052,25.780,124.284,87.931,-21.204
1679946037072,2023-03-27T14:40:37.072,25.800,120.038,118.567,-32.614
1679946037092,2023-03-27T14:40:37.092,25.820,117.329,124.874,-31.875
1679946037112,2023-03-27T14:40:37.112,25.840,93.418,93.590,-5.854
1679946037132,2023-03-27T14:40:37.132,25.860,48.689,18.895,20.762
1679946037152,2023-03-27T14:40:37.152,25.880,0.248,-30.526,21.524
1679946037172,2023-03-27T14:40:37.172,25.900,-20.271,-36.250,5.019
1679946037192,2023-03-27T14:40:37.192,25.920,-7.664,-6.227,-5.309
1679946037212,2023-03-27T14:40:37.212,25.940,23.243,35.716,-13.030
1679946037232,2023-03-27T14:40:37.232,25.960,47.203,74.089,-17.595
1679946037252,2023-03-27T14:40:37.252,25.980,62.351,106.223,-21.989
1679946037272,2023-03-27T14:40:37.272,26.000,63.735,111.292,-13.712
1679946037292,2023-03-27T14:40:37.292,26.020,48.220,76.479,-2.008
1679946037312,2023-03-27T14:40:37.312,26.040,22.066,38.872,-1.338
1679946037332,2023-03-27T14:40:37.332,26.060,0.095,19.421,-14.729
1679946037352,2023-03-27T14:40:37.352,26.080,-8.651,23.563,-35.598
1679946037372,2023-03-27T14:40:37.372,26.100,-4.508,35.968,-47.130
1679946037392,2023-03-27T14:40:37.392,26.120,2.603,38.037,-44.752
1679946037412,2023-03-27T14:40:37.412,26.140,-0.305,38.941,-38.544
1679946037432,2023-03-27T14:40:37.432,26.160,7.866,31.441,-31.532
1679946037452,2023-03-27T14:40:37.452,26.180,23.228,12.915,-18.639
1679946037472,2023-03-27T14:40:37.472,26.200,26.212,-22.675,-7.287
1679946037492,2023-03-27T14:40:37.492,26.220,8.708,-52.698,-11.582
1679946037512,2023-03-27T14:40:37.512,26.240,-0.198,-33.011,-23.495
1679946037532,2023-03-27T14:40:37.532,26.260,14.840,15.522,-35.030
1679946037552,2023-03-27T14:40:37.552,26.280,31.585,49.897,-44.783
1679946037572,2023-03-27T14:40:37.572,26.300,22.721,50.046,-48.544
1679946037592,2023-03-27T14:40:37.592,26.320,10.126,21.326,-49.158
1679946037612,2023-03-27T14:40:37.612,26.340,10.103,-3.784,-52.729
1679946037632,2023-03-27T14:40:37.632,26.360,13.780,2.016,-57.919
1679946037652,2023-03-27T14:40:37.652,26.380,32.275,17.424,-67.355
1679946037672,2023-03-27T14:40:37.672,26.400,50.564,39.520,-77.675
1679946037692,2023-03-27T14:40:37.692,26.420,50.591,52.020,-99.348
1679946037712,2023-03-27T14:40:37.712,26.440,38.563,49.516,-112.367
1679946037732,2023-03-27T14:40:37.732,26.460,38.361,34.737,-105.808
1679946037752,2023-03-27T14:40:37.752,26.480,52.809,6.349,-93.236
1679946037772,2023-03-27T14:40:37.772,26.500,42.698,-26.883,-79.851
1679946037792,2023-03-27T14:40:37.792,26.520,20.595,-46.391,-77.835
1679946037812,2023-03-27T14:40:37.812,26.540,2.999,-37.428,-80.949
1679946037832,2023-03-27T14:40:37.832,26.560,-10.461,-0.697,-74.874
1679946037852,2023-03-27T14:40:37.852,26.580,-17.043,41.886,-71.136
1679946037872,2023-03-27T14:40:37.872,26.600,-9.535,72.565,-83.544
1679946037892,2023-03-27T14:40:37.892,26.620,2.077,89.688,-100.888
1679946037912,2023-03-27T14:40:37.912,26.640,6.300,60.884,-107.367
1679946037932,2023-03-27T14:40:37.932,26.660,-7.744,-30.762,-109.070
1679946037952,2023-03-27T14:40:37.952,26.680,-29.710,-123.209,-86.559
1679946037972,2023-03-27T14:40:37.972,26.700,-38.266,-124.874,-59.558
1679946037992,2023-03-27T14:40:37.992,26.720,-43.155,-123.525,-36.380
1679946038012,2023-03-27T14:40:38.012,26.740,-29.954,-113.963,-56.143
1679946038032,2023-03-27T14:40:38.032,26.760,-13.186,-73.380,-82.454
1679946038052,2023-03-27T14:40:38.052,26.780,-11.856,-45.091,-73.449
1679946038072,2023-03-27T14:40:38.072,26.800,-21.944,-33.438,-41.582
1679946038092,2023-03-27T14:40:38.092,26.820,-63.807,-78.605,-8.186
1679946038112,2023-03-27T14:40:38.112,26.840,-122.961,-124.874,39.577
1679946038132,2023-03-27T14:40:38.132,26.860,-124.874,-124.874,81.296
1679946038152,2023-03-27T14:40:38.152,26.880,-124.021,-123.853,101.151
1679946038172,2023-03-27T14:40:38.172,26.900,-124.722,-124.874,65.004
1679946038192,2023-03-27T14:40:38.192,26.920,-124.874,-124.874,56.147
1679946038212,2023-03-27T14:40:38.212,26.940,-124.867,-124.859,77.035
1679946038232,2023-03-27T14:40:38.232,26.960,-124.874,-124.874,82.790
1679946038252,2023-03-27T14:40:38.252,26.980,-124.874,-124.874,90.747
1679946038272,2023-03-27T14:40:38.272,27.000,-124.874,-124.874,85.069
1679946038292,2023-03-27T14:40:38.292,27.020,-113.251,-124.874,74.928
1679946038312,2023-03-27T14:40:38.312,27.040,-63.571,-124.874,47.866
1679946038332,2023-03-27T14:40:38.332,27.060,-21.966,-94.870,9.143
1679946038352,2023-03-27T14:40:38.352,27.080,5.271,20.099,1.578
1679946038372,2023-03-27T14:40:38.372,27.100,29.303,75.023,8.868
1679946038392,2023-03-27T14:40:38.392,27.120,25.164,51.578,15.069
1679946038412,2023-03-27T14:40:38.412,27.140,-13.803,5.812,17.538
1679946038432,2023-03-27T14:40:38.432,27.160,-41.380,-24.409,13.502
1679946038452,2023-03-27T14:40:38.452,27.180,-42.454,-37.149,16.684
1679946038472,2023-03-27T14:40:38.472,27.200,-27.915,-20.358,13.518
1679946038492,2023-03-27T14:40:38.492,27.220,10.507,42.340,1.654
1679946038512,2023-03-27T14:40:38.512,27.240,51.273,85.842,4.211
1679946038532,2023-03-27T14:40:38.532,27.260,53.426,58.559,12.195
1679946038552,2023-03-27T14:40:38.552,27.280,36.643,10.644,15.084
1679946038572,2023-03-27T14:40:38.572,27.300,34.569,3.312,13.171
1679946038592,2023-03-27T14:40:38.592,27.320,43.415,53.979,2.256
1679946038612,2023-03-27T14:40:38.612,27.340,69.996,123.350,-2.450
1679946038632,2023-03-27T14:40:38.632,27.360,108.841,124.874,15.328
1679946038652,2023-03-27T14:40:38.652,27.380,118.925,123.838,26.353
1679946038672,2023-03-27T14:40:38.672,27.400,113.472,124.710,32.268
1679946038692,2023-03-27T14:40:38.692,27.420,114.680,124.874,38.864
1679946038712,2023-03-27T14:40:38.712,27.440,112.790,124.863,32.984
1679946038732,2023-03-27T14:40:38.732,27.460,108.506,124.870,16.330
1679946038752,2023-03-27T14:40:38.752,27.480,110.960,124.874,10.282
1679946038772,2023-03-27T14:40:38.772,27.500,122.671,124.874,30.819
1679946038792,2023-03-27T14:40:38.792,27.520,124.874,122.035,64.928
1679946038812,2023-03-27T14:40:38.812,27.540,108.445,58.312,61.730
1679946038832,2023-03-27T14:40:38.832,27.560,82.462,7.950,50.587
1679946038852,2023-03-27T14:40:38.852,27.580,86.063,58.495,37.774
1679946038872,2023-03-27T14:40:38.872,27.600,116.456,123.700,29.508
1679946038892,2023-03-27T14:40:38.892,27.620,124.874,124.874,30.187
1679946038912,2023-03-27T14:40:38.912,27.640,124.383,123.921,15.354
1679946038932,2023-03-27T14:40:38.932,27.660,108.064,124.733,-10.320
1679946038952,2023-03-27T14:40:38.952,27.680,84.143,124.874,-56.490
1679946038972,2023-03-27T14:40:38.972,27.700,100.518,124.863,-62.790
1679946038992,2023-03-27T14:40:38.992,27.720,124.874,124.870,-4.021
1679946039012,2023-03-27T14:40:39.012,27.740,113.457,124.874,31.098
1679946039032,2023-03-27T14:40:39.032,27.760,66.700,98.167,43.464
1679946039052,2023-03-27T14:40:39.052,27.780,35.130,35.225,45.145
1679946039072,2023-03-27T14:40:39.072,27.800,34.242,-5.248,41.189
1679946039092,2023-03-27T14:40:39.092,27.820,20.865,-40.964,46.368
1679946039112,2023-03-27T14:40:39.112,27.840,-9.577,-42.904,41.704
1679946039132,2023-03-27T14:40:39.132,27.860,-2.896,-28.990,27.302
1679946039152,2023-03-27T14:40:39.152,27.880,18.030,-7.348,16.368
1679946039172,2023-03-27T14:40:39.172,27.900,19.665,27.370,5.899
1679946039192,2023-03-27T14:40:39.192,27.920,13.887,56.090,-10.701
1679946039212,2023-03-27T14:40:39.212,27.940,21.585,60.636,-15.339
1679946039232,2023-03-27T14:40:39.232,27.960,27.782,49.318,-8.857
1679946039252,2023-03-27T14:40:39.252,27.980,27.813,35.568,-2.188
1679946039272,2023-03-27T14:40:39.272,28.000,30.130,35.549,-1.597
1679946039292,2023-03-27T14:40:39.292,28.020,39.604,39.741,-6.623
1679946039312,2023-03-27T14:40:39.312,28.040,43.941,36.303,-10.777
1679946039332,2023-03-27T14:40:39.332,28.060,36.715,20.796,-9.516
1679946039352,2023-03-27T14:40:39.352,28.080,17.466,-17.470,-5.960
1679946039372,2023-03-27T14:40:39.372,28.100,-0.861,-48.559,-2.542
1679946039392,2023-03-27T14:40:39.392,28.120,-6.193,-53.243,-7.790
1679946039412,2023-03-27T14:40:39.412,28.140,-0.629,-38.529,-17.591
1679946039432,2023-03-27T14:40:39.432,28.160,5.705,-25.922,-24.943
1679946039452,2023-03-27T14:40:39.452,28.180,8.902,-25.800,-30.358
1679946039472,2023-03-27T14:40:39.472,28.200,2.584,-17.740,-31.357
1679946039492,2023-03-27T14:40:39.492,28.220,-0.915,-3.323,-16.928
1679946039512,2023-03-27T14:40:39.512,28.240,0.568,4.291,-15.785
1679946039532,2023-03-27T14:40:39.532,28.260,-7.188,0.164,-28.975
1679946039552,2023-03-27T14:40:39.552,28.280,-4.059,-16.898,-30.857
1679946039572,2023-03-27T14:40:39.572,28.300,-1.978,-9.257,-15.457
1679946039592,2023-03-27T14:40:39.592,28.320,1.208,11.940,-13.236
1679946039612,2023-03-27T14:40:39.612,28.340,7.542,20.282,-18.201
1679946039632,2023-03-27T14:40:39.632,28.360,3.857,-10.667,-21.200
1679946039652,2023-03-27T14:40:39.652,28.380,-15.160,-75.785,-24.924
1679946039672,2023-03-27T14:40:39.672,28.400,-46.757,-124.874,-24.051
1679946039692,2023-03-27T14:40:39.692,28.420,-59.886,-124.874,-18.091
1679946039712,2023-03-27T14:40:39.712,28.440,-33.388,-123.933,-5.701
1679946039732,2023-03-27T14:40:39.732,28.460,-18.971,-124.874,2.572
1679946039752,2023-03-27T14:40:39.752,28.480,-26.871,-124.874,-0.084
1679946039772,2023-03-27T14:40:39.772,28.500,-5.945,-111.665,-13.251
1679946039792,2023-03-27T14:40:39.792,28.520,39.745,-23.521,-17.988
1679946039812,2023-03-27T14:40:39.812,28.540,44.867,13.102,-15.606
1679946039832,2023-03-27T14:40:39.832,28.560,10.050,-61.288,-5.766
1679946039852,2023-03-27T14:40:39.852,28.580,-23.163,-124.874,-4.112
1679946039872,2023-03-27T14:40:39.872,28.600,-23.746,-124.874,-15.816
1679946039892,2023-03-27T14:40:39.892,28.620,-32.149,-123.601,-4.524
1679946039912,2023-03-27T14:40:39.912,28.640,-79.668,-124.874,18.975
1679946039932,2023-03-27T14:40:39.932,28.660,-123.449,-124.874,33.887
1679946039952,2023-03-27T14:40:39.952,28.680,-124.874,-124.855,38.270
1679946039972,2023-03-27T14:40:39.972,28.700,-124.276,-124.874,44.970
1679946039992,2023-03-27T14:40:39.992,28.720,-118.948,-124.874,39.028
1679946040012,2023-03-27T14:40:40.012,28.740,-87.839,-124.874,23.346
1679946040032,2023-03-27T14:40:40.032,28.760,-58.373,-81.143,10.758
1679946040052,2023-03-27T14:40:40.052,28.780,-52.969,-31.608,10.549
1679946040072,2023-03-27T14:40:40.072,28.800,-62.824,-48.895,10.530
1679946040092,2023-03-27T14:40:40.092,28.820,-80.080,-26.067,-3.982
1679946040112,2023-03-27T14:40:40.112,28.840,-49.036,48.975,-35.633
1679946040132,2023-03-27T14:40:40.132,28.860,-13.346,101.540,-51.002
1679946040152,2023-03-27T14:40:40.152,28.880,-23.579,49.253,-47.805
1679946040172,2023-03-27T14:40:40.172,28.900,-67.309,-31.650,-36.612
1679946040192,2023-03-27T14:40:40.192,28.920,-78.853,-23.765,-21.764
1679946040212,2023-03-27T14:40:40.212,28.940,-31.052,67.111,-20.697
1679946040232,2023-03-27T14:40:40.232,28.960,8.666,124.874,-16.231
1679946040252,2023-03-27T14:40:40.252,28.980,2.778,107.679,-7.717
1679946040272,2023-03-27T14:40:40.272,29.000,-26.521,32.626,-5.781
1679946040292,2023-03-27T14:40:40.292,29.020,-45.667,-28.765,-10.061
1679946040312,2023-03-27T14:40:40.312,29.040,-28.590,-28.765,-8.197
1679946040332,2023-03-27T14:40:40.332,29.060,-3.327,7.759,-1.749
1679946040352,2023-03-27T14:40:40.352,29.080,8.830,35.038,0.553
1679946040372,2023-03-27T14:40:40.372,29.100,9.748,43.327,-1.837
1679946040392,2023-03-27T14:40:40.392,29.120,4.577,37.744,-7.466
1679946040412,2023-03-27T14:40:40.412,29.140,-7.527,12.332,-10.152
1679946040432,2023-03-27T14:40:40.432,29.160,-19.287,-33.232,-5.549
1679946040452,2023-03-27T14:40:40.452,29.180,-25.069,-61.273,0.488
1679946040472,2023-03-27T14:40:40.472,29.200,-8.857,-17.237,-1.547
1679946040492,2023-03-27T14:40:40.492,29.220,29.764,75.678,-14.310
1679946040512,2023-03-27T14:40:40.512,29.240,54.051,124.874,-20.434
1679946040532,2023-03-27T14:40:40.532,29.260,46.772,123.247,-20.770
1679946040552,2023-03-27T14:40:40.552,29.280,20.972,68.826,-27.165
1679946040572,2023-03-27T14:40:40.572,29.300,7.824,12.820,-26.200
1679946040592,2023-03-27T14:40:40.592,29.320,13.258,21.181,-13.041
1679946040612,2023-03-27T14:40:40.612,29.340,16.818,75.968,-15.229
1679946040632,2023-03-27T14:40:40.632,29.360,21.109,124.874,-20.602
1679946040652,2023-03-27T14:40:40.652,29.380,25.347,124.874,-27.214
1679946040672,2023-03-27T14:40:40.672,29.400,18.243,123.960,-26.944
1679946040692,2023-03-27T14:40:40.692,29.420,17.652,109.966,-14.695
1679946040712,2023-03-27T14:40:40.712,29.440,18.075,42.893,9.425
1679946040732,2023-03-27T14:40:40.732,29.460,2.073,4.272,11.307
1679946040752,2023-03-27T14:40:40.752,29.480,-6.452,24.672,-4.768
1679946040772,2023-03-27T14:40:40.772,29.500,2.146,70.316,-22.671
1679946040792,2023-03-27T14:40:40.792,29.520,7.767,108.792,-39.162
1679946040812,2023-03-27T14:40:40.812,29.540,16.322,124.874,-51.341
1679946040832,2023-03-27T14:40:40.832,29.560,18.098,124.874,-55.412
1679946040852,2023-03-27T14:40:40.852,29.580,13.605,124.493,-58.453
1679946040872,2023-03-27T14:40:40.872,29.600,18.178,120.838,-35.629
1679946040892,2023-03-27T14:40:40.892,29.620,20.964,76.406,-12.961
1679946040912,2023-03-27T14:40:40.912,29.640,16.307,37.229,-13.529
1679946040932,2023-03-27T14:40:40.932,29.660,13.853,30.465,-3.819
1679946040952,2023-03-27T14:40:40.952,29.680,15.297,28.247,1.502
1679946040972,2023-03-27T14:40:40.972,29.700,18.761,29.611,-1.833
1679946040992,2023-03-27T14:40:40.992,29.720,17.031,32.313,2.671
1679946041012,2023-03-27T14:40:41.012,29.740,13.876,19.546,3.849
1679946041032,2023-03-27T14:40:41.032,29.760,21.582,20.469,-10.625
1679946041052,2023-03-27T14:40:41.052,29.780,27.679,48.426,-28.186
1679946041072,2023-03-27T14:40:41.072,29.800,28.201,81.860,-53.346
1679946041092,2023-03-27T14:40:41.092,29.820,40.179,124.874,-49.855
1679946041112,2023-03-27T14:40:41.112,29.840,32.477,124.874,0.709
1679946041132,2023-03-27T14:40:41.132,29.860,-5.877,90.099,40.575
1679946041152,2023-03-27T14:40:41.152,29.880,-9.729,-1.818,43.872
1679946041172,2023-03-27T14:40:41.172,29.900,-2.538,-63.887,23.498
1679946041192,2023-03-27T14:40:41.192,29.920,5.751,-40.373,11.288
1679946041212,2023-03-27T14:40:41.212,29.940,14.581,20.400,-1.723
1679946041232,2023-03-27T14:40:41.232,29.960,33.643,67.805,-16.250
1679946041252,2023-03-27T14:40:41.252,29.980,37.077,104.775,-13.053
1679946041272,2023-03-27T14:40:41.272,30.000,24.821,104.512,7.142
1679946041292,2023-03-27T14:40:41.292,30.020,15.884,70.846,30.213
1679946041312,2023-03-27T14:40:41.312,30.040,-6.361,18.681,39.977
1679946041332,2023-03-27T14:40:41.332,30.060,-13.247,-15.080,36.162
1679946041352,2023-03-27T14:40:41.352,30.080,-8.487,6.029,32.790
1679946041372,2023-03-27T14:40:41.372,30.100,-11.585,27.088,31.402
1679946041392,2023-03-27T14:40:41.392,30.120,-3.761,31.825,23.773
1679946041412,2023-03-27T14:40:41.412,30.140,5.415,41.883,13.754
1679946041432,2023-03-27T14:40:41.432,30.160,5.671,50.293,9.245
1679946041452,2023-03-27T14:40:41.452,30.180,1.543,55.000,14.085
1679946041472,2023-03-27T14:40:41.472,30.200,-13.277,40.069,22.138
1679946041492,2023-03-27T14:40:41.492,30.220,-23.060,18.068,14.836
1679946041512,2023-03-27T14:40:41.512,30.240,-16.368,19.672,9.973
1679946041532,2023-03-27T14:40:41.532,30.260,-10.030,38.514,9.989
1679946041552,2023-03-27T14:40:41.552,30.280,1.303,62.386,9.063
1679946041572,2023-03-27T14:40:41.572,30.300,9.043,72.481,4.299
1679946041592,2023-03-27T14:40:41.592,30.320,4.996,51.848,11.578
1679946041612,2023-03-27T14:40:41.612,30.340,-9.352,9.386,21.204
1679946041632,2023-03-27T14:40:41.632,30.360,-27.359,-33.396,12.588
1679946041652,2023-03-27T14:40:41.652,30.380,-20.171,-34.021,11.925
1679946041672,2023-03-27T14:40:41.672,30.400,-10.076,-8.956,13.327
1679946041692,2023-03-27T14:40:41.692,30.420,-9.466,-8.666,8.727
1679946041712,2023-03-27T14:40:41.712,30.440,-5.008,-16.269,6.715
1679946041732,2023-03-27T14:40:41.732,30.460,-3.274,-10.358,4.405
1679946041752,2023-03-27T14:40:41.752,30.480,-4.806,-3.053,1.665
1679946041772,2023-03-27T14:40:41.772,30.500,-10.633,1.486,1.795
1679946041792,2023-03-27T14:40:41.792,30.520,-16.502,-0.488,3.453
1679946041812,2023-03-27T14:40:41.812,30.540,-19.821,-6.879,3.190
1679946041832,2023-03-27T14:40:41.832,30.560,-19.455,-16.490,0.663
1679946041852,2023-03-27T14:40:41.852,30.580,-23.815,-28.175,-3.247
1679946041872,2023-03-27T14:40:41.872,30.600,-29.428,-43.510,-1.658
1679946041892,2023-03-27T14:40:41.892,30.620,-33.205,-53.243,3.449
1679946041912,2023-03-27T14:40:41.912,30.640,-32.389,-55.396,6.502
1679946041932,2023-03-27T14:40:41.932,30.660,-21.662,-57.984,0.175
1679946041952,2023-03-27T14:40:41.952,30.680,-2.637,-55.080,-23.670
1679946041972,2023-03-27T14:40:41.972,30.700,12.561,-42.111,-53.049
1679946041992,2023-03-27T14:40:41.992,30.720,22.321,-42.043,-58.788
1679946042012,2023-03-27T14:40:42.012,30.740,31.612,-55.400,-53.872
1679946042032,2023-03-27T14:40:42.032,30.760,46.319,-43.571,-62.923
1679946042052,2023-03-27T14:40:42.052,30.780,66.387,2.363,-72.188
1679946042072,2023-03-27T14:40:42.072,30.800,73.205,31.021,-56.090
1679946042092,2023-03-27T14:40:42.092,30.820,67.523,6.246,-34.489
1679946042112,2023-03-27T14:40:42.112,30.840,56.090,-32.237,-35.835
1679946042132,2023-03-27T14:40:42.132,30.860,59.097,-67.934,-46.570
1679946042152,2023-03-27T14:40:42.152,30.880,72.188,-73.266,-53.723
1679946042172,2023-03-27T14:40:42.172,30.900,80.206,-68.910,-64.600
1679946042192,2023-03-27T14:40:42.192,30.920,95.301,-69.482,-78.552
1679946042212,2023-03-27T14:40:42.212,30.940,110.030,-62.622,-91.391
1679946042232,2023-03-27T14:40:42.232,30.960,122.656,-52.107,-104.295
1679946042252,2023-03-27T14:40:42.252,30.980,124.874,-38.765,-120.278
1679946042272,2023-03-27T14:40:42.272,31.000,124.783,-18.281,-124.874
1679946042292,2023-03-27T14:40:42.292,31.020,124.806,-5.229,-124.855
1679946042312,2023-03-27T14:40:42.312,31.040,124.874,-24.093,-124.748
1679946042332,2023-03-27T14:40:42.332,31.060,105.614,-88.624,-124.874
1679946042352,2023-03-27T14:40:42.352,31.080,59.398,-124.874,-124.874
1679946042372,2023-03-27T14:40:42.372,31.100,3.780,-124.874,-124.874
1679946042392,2023-03-27T14:40:42.392,31.120,-47.793,-124.017,-124.874
1679946042412,2023-03-27T14:40:42.412,31.140,-72.900,-124.874,-124.874
1679946042432,2023-03-27T14:40:42.432,31.160,-95.694,-124.874,-124.874
1679946042452,2023-03-27T14:40:42.452,31.180,-124.874,-124.859,-124.874
1679946042472,2023-03-27T14:40:42.472,31.200,-124.874,-124.874,-124.874
1679946042492,2023-03-27T14:40:42.492,31.220,-109.630,-31.803,-124.874
1679946042512,2023-03-27T14:40:42.512,31.240,94.425,124.874,-121.361
1679946042532,2023-03-27T14:40:42.532,31.260,124.874,124.874,-79.737
1679946042552,2023-03-27T14:40:42.552,31.280,103.952,121.357,9.066
1679946042572,2023-03-27T14:40:42.572,31.300,24.356,53.464,34.764
1679946042592,2023-03-27T14:40:42.592,31.320,-35.309,-102.881,34.143
1679946042612,2023-03-27T14:40:42.612,31.340,-61.345,-124.874,30.758
1679946042632,2023-03-27T14:40:42.632,31.360,-69.459,-122.599,19.516
1679946042652,2023-03-27T14:40:42.652,31.380,-55.667,-85.796,7.801
1679946042672,2023-03-27T14:40:42.672,31.400,-20.476,11.280,-3.735
1679946042692,2023-03-27T14:40:42.692,31.420,37.515,106.582,-2.069
1679946042712,2023-03-27T14:40:42.712,31.440,76.002,124.874,2.046
1679946042732,2023-03-27T14:40:42.732,31.460,64.127,115.514,6.963
1679946042752,2023-03-27T14:40:42.752,31.480,54.649,66.951,9.924
1679946042772,2023-03-27T14:40:42.772,31.500,35.686,29.280,9.280
1679946042792,2023-03-27T14:40:42.792,31.520,4.981,21.258,-4.520
1679946042812,2023-03-27T14:40:42.812,31.540,-12.332,10.777,-21.364
1679946042832,2023-03-27T14:40:42.832,31.560,-15.953,-8.887,-18.148
1679946042852,2023-03-27T14:40:42.852,31.580,-15.716,-30.598,-1.551
1679946042872,2023-03-27T14:40:42.872,31.600,-11.018,-46.490,14.554
1679946042892,2023-03-27T14:40:42.892,31.620,-5.370,-49.085,25.918
1679946042912,2023-03-27T14:40:42.912,31.640,0.938,-36.631,28.758
1679946042932,2023-03-27T14:40:42.932,31.660,6.220,-20.507,21.898
1679946042952,2023-03-27T14:40:42.952,31.680,-0.053,-12.778,12.241
1679946042972,2023-03-27T14:40:42.972,31.700,-19.455,-21.886,8.582
1679946042992,2023-03-27T14:40:42.992,31.720,-35.553,-40.857,11.204
1679946043012,2023-03-27T14:40:43.012,31.740,-34.707,-58.342,15.465
1679946043032,2023-03-27T14:40:43.032,31.760,-27.614,-69.219,21.448
1679946043052,2023-03-27T14:40:43.052,31.780,-24.070,-70.835,22.713
1679946043072,2023-03-27T14:40:43.072,31.800,-22.595,-68.011,17.896
1679946043092,2023-03-27T14:40:43.092,31.820,-19.630,-61.513,12.835
1679946043112,2023-03-27T14:40:43.112,31.840,-10.690,-43.594,10.423
1679946043132,2023-03-27T14:40:43.132,31.860,-0.880,-20.061,10.358
1679946043152,2023-03-27T14:40:43.152,31.880,8.521,-0.171,6.917
1679946043172,2023-03-27T14:40:43.172,31.900,13.944,15.229,2.085
1679946043192,2023-03-27T14:40:43.192,31.920,11.311,21.159,-0.095
1679946043212,2023-03-27T14:40:43.212,31.940,6.696,16.787,-1.052
1679946043232,2023-03-27T14:40:43.232,31.960,4.539,9.489,-2.287
1679946043252,2023-03-27T14:40:43.252,31.980,4.059,5.091,-2.813
1679946043272,2023-03-27T14:40:43.272,32.000,5.271,5.335,-3.396
1679946043292,2023-03-27T14:40:43.292,32.020,6.898,11.280,-3.956
1679946043312,2023-03-27T14:40:43.312,32.040,6.654,16.730,-4.447
1679946043332,2023-03-27T14:40:43.332,32.060,5.918,18.361,-4.985
1679946043352,2023-03-27T14:40:43.352,32.080,6.517,17.553,-5.762
1679946043372,2023-03-27T14:40:43.372,32.100,6.673,17.100,-5.179
1679946043392,2023-03-27T14:40:43.392,32.120,4.851,15.945,-4.390
1679946043412,2023-03-27T14:40:43.412,32.140,3.205,12.595,-4.642
1679946043432,2023-03-27T14:40:43.432,32.160,1.673,8.830,-4.493
1679946043452,2023-03-27T14:40:43.452,32.180,-0.511,6.368,-3.559
1679946043472,2023-03-27T14:40:43.472,32.200,-0.915,4.554,-2.919
1679946043492,2023-03-27T14:40:43.492,32.220,0.427,4.154,-2.530
1679946043512,2023-03-27T14:40:43.512,32.240,1.528,5.252,-2.218
1679946043532,2023-03-27T14:40:43.532,32.260,2.771,6.479,-2.671
1679946043552,2023-03-27T14:40:43.552,32.280,3.590,8.159,-3.064
1679946043572,2023-03-27T14:40:43.572,32.300,3.110,9.196,-2.904
1679946043592,2023-03-27T14:40:43.592,32.320,1.730,7.912,-2.866
1679946043612,2023-03-27T14:40:43.612,32.340,-0.221,4.104,-2.732
1679946043632,2023-03-27T14:40:43.632,32.360,-1.216,-0.983,-2.222
1679946043652,2023-03-27T14:40:43.652,32.380,-1.894,-4.604,-1.120
1679946043672,2023-03-27T14:40:43.672,32.400,-2.382,-5.762,-0.408
1679946043692,2023-03-27T14:40:43.692,32.420,-1.528,-5.164,-0.522
1679946043712,2023-03-27T14:40:43.712,32.440,-1.014,-3.091,-1.044
1679946043732,2023-03-27T14:40:43.732,32.460,-1.475,-1.471,-1.623
1679946043752,2023-03-27T14:40:43.752,32.480,-1.170,-1.223,-2.214
1679946043772,2023-03-27T14:40:43.772,32.500,0.454,-0.770,-2.614
1679946043792,2023-03-27T14:40:43.792,32.520,0.393,-0.095,-2.614
1679946043812,2023-03-27T14:40:43.812,32.540,0.210,0.633,-2.771
1679946043832,2023-03-27T14:40:43.832,32.560,1.063,0.705,-3.674
1679946043852,2023-03-27T14:40:43.852,32.580,1.764,1.402,-3.746
1679946043872,2023-03-27T14:40:43.872,32.600,1.425,2.851,-3.106
1679946043892,2023-03-27T14:40:43.892,32.620,1.623,3.251,-2.500
1679946043912,2023-03-27T14:40:43.912,32.640,1.932,2.226,-1.509
1679946043932,2023-03-27T14:40:43.932,32.660,1.216,0.716,-0.636
1679946043952,2023-03-27T14:40:43.952,32.680,0.842,-0.373,-0.606
1679946043972,2023-03-27T14:40:43.972,32.700,0.838,-0.164,-1.155
1679946043992,2023-03-27T14:40:43.992,32.720,1.101,1.162,-1.509
1679946044012,2023-03-27T14:40:44.012,32.740,1.677,2.127,-1.345
1679946044032,2023-03-27T14:40:44.032,32.760,2.294,2.950,-1.372
1679946044052,2023-03-27T14:40:44.052,32.780,2.572,3.430,-1.787
1679946044072,2023-03-27T14:40:44.072,32.800,1.997,2.729,-2.176
1679946044092,2023-03-27T14:40:44.092,32.820,0.995,1.353,-2.279
1679946044112,2023-03-27T14:40:44.112,32.840,0.434,0.293,-1.505
1679946044132,2023-03-27T14:40:44.132,32.860,0.366,-0.290,-1.139
1679946044152,2023-03-27T14:40:44.152,32.880,0.556,0.061,-1.018
1679946044172,2023-03-27T14:40:44.172,32.900,0.800,1.071,-1.242
1679946044192,2023-03-27T14:40:44.192,32.920,0.549,1.734,-1.570
1679946044212,2023-03-27T14:40:44.212,32.940,0.122,1.345,-2.035
1679946044232,2023-03-27T14:40:44.232,32.960,-0.164,0.648,-2.016
1679946044252,2023-03-27T14:40:44.252,32.980,0.175,0.057,-2.020
1679946044272,2023-03-27T14:40:44.272,33.000,0.339,-0.019,-2.008
1679946044292,2023-03-27T14:40:44.292,33.020,0.198,-0.038,-1.940
1679946044312,2023-03-27T14:40:44.312,33.040,0.423,-0.400,-1.921
1679946044332,2023-03-27T14:40:44.332,33.060,0.953,-0.324,-1.707
1679946044352,2023-03-27T14:40:44.352,33.080,1.425,0.724,-1.395
1679946044372,2023-03-27T14:40:44.372,33.100,1.692,1.947,-1.208
1679946044392,2023-03-27T14:40:44.392,33.120,1.673,2.279,-1.608
1679946044412,2023-03-27T14:40:44.412,33.140,1.319,1.959,-1.444
1679946044432,2023-03-27T14:40:44.432,33.160,0.671,1.109,-0.758
1679946044452,2023-03-27T14:40:44.452,33.180,0.671,-0.103,-0.434
1679946044472,2023-03-27T14:40:44.472,33.200,1.117,-0.354,-0.332
1679946044492,2023-03-27T14:40:44.492,33.220,1.364,0.488,-0.454
1679946044512,2023-03-27T14:40:44.512,33.240,1.441,1.372,-0.610
1679946044532,2023-03-27T14:40:44.532,33.260,1.456,1.563,-0.678
1679946044552,2023-03-27T14:40:44.552,33.280,1.159,1.361,-0.957
1679946044572,2023-03-27T14:40:44.572,33.300,0.823,0.614,-0.995
1679946044592,2023-03-27T14:40:44.592,33.320,0.678,-0.126,-0.728
1679946044612,2023-03-27T14:40:44.612,33.340,1.181,-0.225,-0.431
1679946044632,2023-03-27T14:40:44.632,33.360,1.380,0.534,-0.351
1679946044652,2023-03-27T14:40:44.652,33.380,1.044,1.162,-0.534
1679946044672,2023-03-27T14:40:44.672,33.400,0.976,1.456,-0.804
1679946044692,2023-03-27T14:40:44.692,33.420,1.044,1.109,-0.877
1679946044712,2023-03-27T14:40:44.712,33.440,0.922,0.400,-0.713
1679946044732,2023-03-27T14:40:44.732,33.460,0.545,-0.015,-0.800
1679946044752,2023-03-27T14:40:44.752,33.480,0.633,-0.091,-0.972
1679946044772,2023-03-27T14:40:44.772,33.500,1.288,0.377,-0.835
1679946044792,2023-03-27T14:40:44.792,33.520,1.814,1.151,-0.332
1679946044812,2023-03-27T14:40:44.812,33.540,2.077,1.532,-0.358
1679946044832,2023-03-27T14:40:44.832,33.560,1.825,1.631,-0.473
1679946044852,2023-03-27T14:40:44.852,33.580,1.410,1.616,-0.583
1679946044872,2023-03-27T14:40:44.872,33.600,1.601,1.578,-0.473
1679946044892,2023-03-27T14:40:44.892,33.620,1.829,1.502,-0.076
1679946044912,2023-03-27T14:40:44.912,33.640,1.536,1.246,-0.149
1679946044932,2023-03-27T14:40:44.932,33.660,1.357,1.357,-0.385
1679946044952,2023-03-27T14:40:44.952,33.680,1.502,1.025,-0.560
1679946044972,2023-03-27T14:40:44.972,33.700,1.601,0.507,-0.526
1679946044992,2023-03-27T14:40:44.992,33.720,1.311,0.225,-0.415
1679946045012,2023-03-27T14:40:45.012,33.740,0.755,-0.034,-0.614
1679946045032,2023-03-27T14:40:45.032,33.760,0.404,-0.133,-0.957
1679946045052,2023-03-27T14:40:45.052,33.780,0.339,0.160,-0.979
1679946045072,2023-03-27T14:40:45.072,33.800,0.892,0.667,-0.755
1679946045092,2023-03-27T14:40:45.092,33.820,1.479,1.018,-0.617
1679946045112,2023-03-27T14:40:45.112,33.840,1.818,1.025,-0.534
1679946045132,2023-03-27T14:40:45.132,33.860,1.749,0.850,-0.579
1679946045152,2023-03-27T14:40:45.152,33.880,1.406,0.758,-0.545
1679946045172,2023-03-27T14:40:45.172,33.900,1.311,1.235,-0.507
1679946045192,2023-03-27T14:40:45.192,33.920,1.437,1.818,-0.598
1679946045212,2023-03-27T14:40:45.212,33.940,1.296,1.524,-0.454
1679946045232,2023-03-27T14:40:45.232,33.960,0.785,0.419,-0.625
1679946045252,2023-03-27T14:40:45.252,33.980,0.431,0.297,-1.052
1679946045272,2023-03-27T14:40:45.272,34.000,0.575,0.427,-1.155
1679946045292,2023-03-27T14:40:45.292,34.020,0.938,0.156,-0.816
1679946045312,2023-03-27T14:40:45.312,34.040,1.212,0.011,-0.678
1679946045332,2023-03-27T14:40:45.332,34.060,1.101,0.278,-0.751
1679946045352,2023-03-27T14:40:45.352,34.080,0.968,0.522,-0.835
1679946045372,2023-03-27T14:40:45.372,34.100,0.945,0.732,-0.617
1679946045392,2023-03-27T14:40:45.392,34.120,0.812,0.998,-0.690
1679946045412,2023-03-27T14:40:45.412,34.140,0.560,1.120,-1.273
1679946045432,2023-03-27T14:40:45.432,34.160,0.507,1.159,-1.433
1679946045452,2023-03-27T14:40:45.452,34.180,0.602,0.926,-1.303
1679946045472,2023-03-27T14:40:45.472,34.200,1.002,0.354,-1.063
1679946045492,2023-03-27T14:40:45.492,34.220,1.178,0.038,-0.739
1679946045512,2023-03-27T14:40:45.512,34.240,1.018,0.347,-0.774
1679946045532,2023-03-27T14:40:45.532,34.260,1.090,0.819,-0.835
1679946045552,2023-03-27T14:40:45.552,34.280,1.479,1.242,-0.541
1679946045572,2023-03-27T14:40:45.572,34.300,1.246,1.376,-0.450
1679946045592,2023-03-27T14:40:45.592,34.320,0.469,1.128,-0.774
1679946045612,2023-03-27T14:40:45.612,34.340,0.160,0.762,-0.953
1679946045632,2023-03-27T14:40:45.632,34.360,0.926,0.156,-0.522
1679946045652,2023-03-27T14:40:45.652,34.380,1.368,-0.373,-0.244
1679946045672,2023-03-27T14:40:45.672,34.400,0.774,-0.511,-0.530
1679946045692,2023-03-27T14:40:45.692,34.420,0.309,-0.484,-0.838
1679946045712,2023-03-27T14:40:45.712,34.440,0.415,-0.457,-0.911
1679946045732,2023-03-27T14:40:45.732,34.460,0.690,-0.278,-0.957
1679946045752,2023-03-27T14:40:45.752,34.480,0.938,0.328,-1.128
1679946045772,2023-03-27T14:40:45.772,34.500,0.995,0.640,-1.132
1679946045792,2023-03-27T14:40:45.792,34.520,0.873,0.347,-0.987
1679946045812,2023-03-27T14:40:45.812,34.540,0.903,0.305,-0.888
1679946045832,2023-03-27T14:40:45.832,34.560,1.139,0.713,-0.720
1679946045852,2023-03-27T14:40:45.852,34.580,1.178,0.949,-0.553
1679946045872,2023-03-27T14:40:45.872,34.600,0.720,0.385,-0.591
1679946045892,2023-03-27T14:40:45.892,34.620,0.469,-0.347,-0.762
1679946045912,2023-03-27T14:40:45.912,34.640,0.278,-0.823,-0.934
1679946045932,2023-03-27T14:40:45.932,34.660,-0.030,-0.716,-1.166
1679946045952,2023-03-27T14:40:45.952,34.680,0.236,-0.438,-1.311
1679946045972,2023-03-27T14:40:45.972,34.700,0.633,-0.008,-1.292
1679946045992,2023-03-27T14:40:45.992,34.720,1.071,0.286,-0.949
1679946046012,2023-03-27T14:40:46.012,34.740,1.162,0.743,-0.690
1679946046032,2023-03-27T14:40:46.032,34.760,1.391,1.669,-0.972
1679946046052,2023-03-27T14:40:46.052,34.780,1.471,2.016,-0.991
1679946046072,2023-03-27T14:40:46.072,34.800,1.185,1.509,-0.964
1679946046092,2023-03-27T14:40:46.092,34.820,0.953,1.079,-1.002
1679946046112,2023-03-27T14:40:46.112,34.840,0.831,0.652,-1.025
1679946046132,2023-03-27T14:40:46.132,34.860,0.396,0.282,-1.120
1679946046152,2023-03-27T14:40:46.152,34.880,-0.057,0.111,-1.406
1679946046172,2023-03-27T14:40:46.172,34.900,-0.111,0.027,-1.684
1679946046192,2023-03-27T14:40:46.192,34.920,0.034,0.225,-1.784
1679946046212,2023-03-27T14:40:46.212,34.940,0.019,0.553,-1.845
1679946046232,2023-03-27T14:40:46.232,34.960,0.431,0.614,-1.490
1679946046252,2023-03-27T14:40:46.252,34.980,0.907,0.545,-1.101
1679946046272,2023-03-27T14:40:46.272,35.000,1.231,0.450,-0.808
1679946046292,2023-03-27T14:40:46.292,35.020,1.056,0.358,-0.998
1679946046312,2023-03-27T14:40:46.312,35.040,0.850,0.141,-1.220
1679946046332,2023-03-27T14:40:46.332,35.060,0.808,-0.091,-1.029
1679946046352,2023-03-27T14:40:46.352,35.080,0.705,-0.099,-0.854
1679946046372,2023-03-27T14:40:46.372,35.100,0.614,-0.065,-0.690
1679946046392,2023-03-27T14:40:46.392,35.120,0.636,0.126,-0.617
1679946046412,2023-03-27T14:40:46.412,35.140,0.812,0.236,-0.701
1679946046432,2023-03-27T14:40:46.432,35.160,0.869,0.210,-0.598
1679946046452,2023-03-27T14:40:46.452,35.180,0.998,-0.011,-0.644
1679946046472,2023-03-27T14:40:46.472,35.200,1.204,-0.019,-0.861
1679946046492,2023-03-27T14:40:46.492,35.220,1.479,-0.080,-0.770
1679946046512,2023-03-27T14:40:46.512,35.240,0.976,-0.179,-0.522
1679946046532,2023-03-27T14:40:46.532,35.260,0.301,0.000,-0.682
1679946046552,2023-03-27T14:40:46.552,35.280,0.381,0.381,-0.716
1679946046572,2023-03-27T14:40:46.572,35.300,1.288,0.678,-0.149
1679946046592,2023-03-27T14:40:46.592,35.320,1.864,0.915,0.225
1679946046612,2023-03-27T14:40:46.612,35.340,1.429,0.995,-0.065
1679946046632,2023-03-27T14:40:46.632,35.360,0.747,0.713,-0.514
1679946046652,2023-03-27T14:40:46.652,35.380,0.777,0.198,-0.602
1679946046672,2023-03-27T14:40:46.672,35.400,1.040,-0.084,-0.785
1679946046692,2023-03-27T14:40:46.692,35.420,1.071,-0.225,-1.181
1679946046712,2023-03-27T14:40:46.712,35.440,0.636,-0.015,-1.075
1679946046732,2023-03-27T14:40:46.732,35.460,0.796,0.595,-0.896
1679946046752,2023-03-27T14:40:46.752,35.480,1.692,1.326,-0.423
1679946046772,2023-03-27T14:40:46.772,35.500,2.241,1.681,0.171
1679946046792,2023-03-27T14:40:46.792,35.520,2.046,1.570,0.000
1679946046812,2023-03-27T14:40:46.812,35.540,1.444,1.086,-0.595
1679946046832,2023-03-27T14:40:46.832,35.560,0.972,0.755,-0.884
1679946046852,2023-03-27T14:40:46.852,35.580,1.147,0.370,-0.903
1679946046872,2023-03-27T14:40:46.872,35.600,1.174,0.354,-0.766
1679946046892,2023-03-27T14:40:46.892,35.620,1.399,0.412,-0.686
1679946046912,2023-03-27T14:40:46.912,35.640,1.738,0.728,-1.372
1679946046932,2023-03-27T14:40:46.932,35.660,2.424,2.088,-2.504
1679946046952,2023-03-27T14:40:46.952,35.680,4.173,4.249,-1.540
1679946046972,2023-03-27T14:40:46.972,35.700,6.048,5.332,0.842
1679946046992,2023-03-27T14:40:46.992,35.720,3.323,4.398,-0.274
1679946047012,2023-03-27T14:40:47.012,35.740,-0.454,1.704,-3.971
1679946047032,2023-03-27T14:40:47.032,35.760,-1.486,-0.122,-5.008
1679946047052,2023-03-27T14:40:47.052,35.780,-2.287,-0.213,-2.424
1679946047072,2023-03-27T14:40:47.072,35.800,-2.161,0.705,0.362
1679946047092,2023-03-27T14:40:47.092,35.820,-0.202,1.673,-0.236
1679946047112,2023-03-27T14:40:47.112,35.840,-1.742,0.198,-3.319
1679946047132,2023-03-27T14:40:47.132,35.860,-3.445,-2.462,-5.930
1679946047152,2023-03-27T14:40:47.152,35.880,0.293,2.401,-4.596
1679946047172,2023-03-27T14:40:47.172,35.900,6.795,25.038,-0.774
1679946047192,2023-03-27T14:40:47.192,35.920,17.873,52.790,3.445
1679946047212,2023-03-27T14:40:47.212,35.940,28.396,69.226,6.330
1679946047232,2023-03-27T14:40:47.232,35.960,26.391,62.344,6.444
1679946047252,2023-03-27T14:40:47.252,35.980,16.978,53.952,8.289
1679946047272,2023-03-27T14:40:47.272,36.000,13.304,48.998,11.265
1679946047292,2023-03-27T14:40:47.292,36.020,13.407,41.848,16.856
1679946047312,2023-03-27T14:40:47.312,36.040,10.976,37.759,22.591
1679946047332,2023-03-27T14:40:47.332,36.060,12.321,40.747,28.479
1679946047352,2023-03-27T14:40:47.352,36.080,20.164,52.344,35.351
1679946047372,2023-03-27T14:40:47.372,36.100,31.197,77.462,45.499
1679946047392,2023-03-27T14:40:47.392,36.120,39.581,103.502,53.925
1679946047412,2023-03-27T14:40:47.412,36.140,36.753,112.271,59.474
1679946047432,2023-03-27T14:40:47.432,36.160,22.191,96.090,65.495
1679946047452,2023-03-27T14:40:47.452,36.180,1.128,61.543,71.742
1679946047472,2023-03-27T14:40:47.472,36.200,-19.829,29.040,80.290
1679946047492,2023-03-27T14:40:47.492,36.220,-41.524,8.514,91.322
1679946047512,2023-03-27T14:40:47.512,36.240,-58.102,-5.206,103.872
1679946047532,2023-03-27T14:40:47.532,36.260,-63.594,-19.398,114.848
1679946047552,2023-03-27T14:40:47.552,36.280,-63.239,-34.306,122.485
1679946047572,2023-03-27T14:40:47.572,36.300,-60.614,-44.615,124.874
1679946047592,2023-03-27T14:40:47.592,36.320,-59.710,-38.659,124.874
1679946047612,2023-03-27T14:40:47.612,36.340,-62.687,-15.922,124.817
1679946047632,2023-03-27T14:40:47.632,36.360,-67.763,11.018,124.874
1679946047652,2023-03-27T14:40:47.652,36.380,-76.635,16.307,124.874
1679946047672,2023-03-27T14:40:47.672,36.400,-88.967,-8.148,124.874
1679946047692,2023-03-27T14:40:47.692,36.420,-99.524,-43.468,124.874
1679946047712,2023-03-27T14:40:47.712,36.440,-111.486,-72.671,124.158
1679946047732,2023-03-27T14:40:47.732,36.460,-123.647,-91.829,114.405
1679946047752,2023-03-27T14:40:47.752,36.480,-124.874,-109.306,101.117
1679946047772,2023-03-27T14:40:47.772,36.500,-124.756,-124.543,94.284
1679946047792,2023-03-27T14:40:47.792,36.520,-124.829,-124.874,85.636
1679946047812,2023-03-27T14:40:47.812,36.540,-122.519,-120.240,70.149
1679946047832,2023-03-27T14:40:47.832,36.560,-105.678,-96.399,56.079
1679946047852,2023-03-27T14:40:47.852,36.580,-84.970,-75.884,48.788
1679946047872,2023-03-27T14:40:47.872,36.600,-72.180,-73.864,44.802
1679946047892,2023-03-27T14:40:47.892,36.620,-65.945,-75.236,33.178
1679946047912,2023-03-27T14:40:47.912,36.640,-59.356,-64.325,29.032
1679946047932,2023-03-27T14:40:47.932,36.660,-63.079,-48.453,37.900
1679946047952,2023-03-27T14:40:47.952,36.680,-67.325,-43.704,37.428
1679946047972,2023-03-27T14:40:47.972,36.700,-50.320,-46.742,28.457
1679946047992,2023-03-27T14:40:47.992,36.720,-40.225,-46.905,21.822
1679946048012,2023-03-27T14:40:48.012,36.740,-32.561,-45.842,17.351
1679946048032,2023-03-27T14:40:48.032,36.760,-33.354,-43.175,29.383
1679946048052,2023-03-27T14:40:48.052,36.780,-41.117,-40.579,33.712
1679946048072,2023-03-27T14:40:48.072,36.800,-40.633,-37.443,27.832
1679946048092,2023-03-27T14:40:48.092,36.820,-36.098,-39.973,41.498
1679946048112,2023-03-27T14:40:48.112,36.840,-29.196,-60.072,52.088
1679946048132,2023-03-27T14:40:48.132,36.860,-16.269,-66.646,41.406
1679946048152,2023-03-27T14:40:48.152,36.880,0.476,-35.480,35.983
1679946048172,2023-03-27T14:40:48.172,36.900,16.319,0.755,35.534
1679946048192,2023-03-27T14:40:48.192,36.920,27.439,37.542,31.540
1679946048212,2023-03-27T14:40:48.212,36.940,38.281,47.515,66.902
1679946048232,2023-03-27T14:40:48.232,36.960,32.729,-14.131,93.239
1679946048252,2023-03-27T14:40:48.252,36.980,28.853,-67.458,88.159
1679946048272,2023-03-27T14:40:48.272,37.000,34.832,-70.553,83.342
1679946048292,2023-03-27T14:40:48.292,37.020,49.931,-69.005,74.829
1679946048312,2023-03-27T14:40:48.312,37.040,48.792,-82.340,68.586
1679946048332,2023-03-27T14:40:48.332,37.060,40.736,-104.375,65.393
1679946048352,2023-03-27T14:40:48.352,37.080,34.691,-108.011,57.127
1679946048372,2023-03-27T14:40:48.372,37.100,42.847,-93.140,41.208
1679946048392,2023-03-27T14:40:48.392,37.120,57.336,-73.136,37.759
1679946048412,2023-03-27T14:40:48.412,37.140,46.898,-19.051,20.774
1679946048432,2023-03-27T14:40:48.432,37.160,57.066,45.976,-2.481
1679946048452,2023-03-27T14:40:48.452,37.180,96.185,31.772,39.794
1679946048472,2023-03-27T14:40:48.472,37.200,72.207,-10.400,30.579
1679946048492,2023-03-27T14:40:48.492,37.220,55.998,-11.383,6.242
1679946048512,2023-03-27T14:40:48.512,37.240,84.055,9.703,12.016
1679946048532,2023-03-27T14:40:48.532,37.260,110.774,23.034,22.127
1679946048552,2023-03-27T14:40:48.552,37.280,119.017,31.578,25.339
1679946048572,2023-03-27T14:40:48.572,37.300,114.615,44.428,19.276
1679946048592,2023-03-27T14:40:48.592,37.320,106.986,50.522,19.779
1679946048612,2023-03-27T14:40:48.612,37.340,85.400,17.374,38.399
1679946048632,2023-03-27T14:40:48.632,37.360,42.919,-40.671,51.955
1679946048652,2023-03-27T14:40:48.652,37.380,10.922,-70.499,55.511
1679946048672,2023-03-27T14:40:48.672,37.400,16.330,-46.441,59.569
1679946048692,2023-03-27T14:40:48.692,37.420,40.675,-1.829,43.902
1679946048712,2023-03-27T14:40:48.712,37.440,43.270,-0.088,19.543
1679946048732,2023-03-27T14:40:48.732,37.460,27.489,-8.243,8.327
1679946048752,2023-03-27T14:40:48.752,37.480,23.716,19.428,7.805
1679946048772,2023-03-27T14:40:48.772,37.500,11.056,45.808,3.300
1679946048792,2023-03-27T14:40:48.792,37.520,-22.885,48.716,0.343
1679946048812,2023-03-27T14:40:48.812,37.540,-36.639,66.479,0.522
1679946048832,2023-03-27T14:40:48.832,37.560,-19.162,115.156,-21.753
1679946048852,2023-03-27T14:40:48.852,37.580,14.417,124.874,-39.527
1679946048872,2023-03-27T14:40:48.872,37.600,35.534,124.562,-23.579
1679946048892,2023-03-27T14:40:48.892,37.620,52.931,124.569,-7.355
1679946048912,2023-03-27T14:40:48.912,37.640,56.292,124.874,4.611
1679946048932,2023-03-27T14:40:48.932,37.660,45.690,122.805,25.213
1679946048952,2023-03-27T14:40:48.952,37.680,43.083,121.772,31.898
1679946048972,2023-03-27T14:40:48.972,37.700,40.880,124.874,22.485
1679946048992,2023-03-27T14:40:48.992,37.720,44.623,124.874,13.136
1679946049012,2023-03-27T14:40:49.012,37.740,47.138,124.813,12.134
1679946049032,2023-03-27T14:40:49.032,37.760,43.601,111.010,18.807
1679946049052,2023-03-27T14:40:49.052,37.780,39.844,84.909,29.002
1679946049072,2023-03-27T14:40:49.072,37.800,32.904,70.785,34.615
1679946049092,2023-03-27T14:40:49.092,37.820,30.625,77.241,31.174
1679946049112,2023-03-27T14:40:49.112,37.840,33.521,94.905,23.796
1679946049132,2023-03-27T14:40:49.132,37.860,37.458,99.398,16.825
1679946049152,2023-03-27T14:40:49.152,37.880,39.909,79.935,18.880
1679946049172,2023-03-27T14:40:49.172,37.900,41.818,49.863,23.338
1679946049192,2023-03-27T14:40:49.192,37.920,38.178,55.899,18.037
1679946049212,2023-03-27T14:40:49.212,37.940,39.238,72.744,18.712
1679946049232,2023-03-27T14:40:49.232,37.960,36.490,77.919,15.377
1679946049252,2023-03-27T14:40:49.252,37.980,32.096,63.335,8.178
1679946049272,2023-03-27T14:40:49.272,38.000,26.410,38.704,-7.603
1679946049292,2023-03-27T14:40:49.292,38.020,23.216,40.682,-25.050
1679946049312,2023-03-27T14:40:49.312,38.040,26.867,61.269,-35.739
1679946049332,2023-03-27T14:40:49.332,38.060,26.159,70.191,-42.889
1679946049352,2023-03-27T14:40:49.352,38.080,16.898,52.873,-42.130
1679946049372,2023-03-27T14:40:49.372,38.100,5.796,27.302,-43.106
1679946049392,2023-03-27T14:40:49.392,38.120,5.232,6.913,-54.478
1679946049412,2023-03-27T14:40:49.412,38.140,23.639,14.745,-68.979
1679946049432,2023-03-27T14:40:49.432,38.160,44.840,90.427,-77.732
1679946049452,2023-03-27T14:40:49.452,38.180,63.190,124.874,-85.038
1679946049472,2023-03-27T14:40:49.472,38.200,72.458,124.874,-93.296
1679946049492,2023-03-27T14:40:49.492,38.220,70.412,116.098,-91.151
1679946049512,2023-03-27T14:40:49.512,38.240,56.166,89.630,-81.117
1679946049532,2023-03-27T14:40:49.532,38.260,40.492,37.938,-62.927
1679946049552,2023-03-27T14:40:49.552,38.280,28.712,-8.460,-48.990
1679946049572,2023-03-27T14:40:49.572,38.300,28.258,-24.863,-32.851
1679946049592,2023-03-27T14:40:49.592,38.320,21.094,-28.777,-17.066
1679946049612,2023-03-27T14:40:49.612,38.340,13.415,-57.355,-17.550
1679946049632,2023-03-27T14:40:49.632,38.360,6.540,-98.377,-22.752
1679946049652,2023-03-27T14:40:49.652,38.380,-4.809,-106.871,-27.729
1679946049672,2023-03-27T14:40:49.672,38.400,-9.829,-89.436,-36.235
1679946049692,2023-03-27T14:40:49.692,38.420,-5.857,-63.624,-47.546
1679946049712,2023-03-27T14:40:49.712,38.440,7.889,-37.534,-55.431
1679946049732,2023-03-27T14:40:49.732,38.460,15.857,-27.043,-54.714
1679946049752,2023-03-27T14:40:49.752,38.480,3.895,-52.317,-46.334
1679946049772,2023-03-27T14:40:49.772,38.500,-8.323,-103.971,-43.053
1679946049792,2023-03-27T14:40:49.792,38.520,-12.611,-124.874,-45.229
1679946049812,2023-03-27T14:40:49.812,38.540,-18.655,-124.874,-52.584
1679946049832,2023-03-27T14:40:49.832,38.560,-13.464,-120.865,-63.521
1679946049852,2023-03-27T14:40:49.852,38.580,0.408,-85.884,-75.187
1679946049872,2023-03-27T14:40:49.872,38.600,1.475,-74.158,-97.752
1679946049892,2023-03-27T14:40:49.892,38.620,-19.101,-111.620,-121.498
1679946049912,2023-03-27T14:40:49.912,38.640,-30.175,-124.874,-108.277
1679946049932,2023-03-27T14:40:49.932,38.660,-62.771,-124.859,-80.686
1679946049952,2023-03-27T14:40:49.952,38.680,-124.874,-124.508,-62.275
1679946049972,2023-03-27T14:40:49.972,38.700,-124.234,-124.874,-67.485
1679946049992,2023-03-27T14:40:49.992,38.720,-106.540,-120.179,-71.989
1679946050012,2023-03-27T14:40:50.012,38.740,-112.027,-77.302,-48.502
1679946050032,2023-03-27T14:40:50.032,38.760,-111.761,-66.452,-4.848
1679946050052,2023-03-27T14:40:50.052,38.780,-109.714,-115.873,27.264
1679946050072,2023-03-27T14:40:50.072,38.800,-104.192,-124.874,31.189
1679946050092,2023-03-27T14:40:50.092,38.820,-100.126,-124.375,44.989
1679946050112,2023-03-27T14:40:50.112,38.840,-101.181,-124.569,60.206
1679946050132,2023-03-27T14:40:50.132,38.860,-96.345,-124.874,53.236
1679946050152,2023-03-27T14:40:50.152,38.880,-71.860,-112.046,26.380
1679946050172,2023-03-27T14:40:50.172,38.900,-45.991,-27.988,21.128
1679946050192,2023-03-27T14:40:50.192,38.920,-31.505,29.634,28.720
1679946050212,2023-03-27T14:40:50.212,38.940,-30.404,0.053,48.540
1679946050232,2023-03-27T14:40:50.232,38.960,-42.961,-72.938,54.390
1679946050252,2023-03-27T14:40:50.252,38.980,-51.902,-100.225,45.354
1679946050272,2023-03-27T14:40:50.272,39.000,-38.544,-75.648,45.175
1679946050292,2023-03-27T14:40:50.292,39.020,-28.300,-51.048,48.213
1679946050312,2023-03-27T14:40:50.312,39.040,-22.790,-34.405,44.493
1679946050332,2023-03-27T14:40:50.332,39.060,-17.389,-22.134,43.361
1679946050352,2023-03-27T14:40:50.352,39.080,-9.989,-21.513,44.600
1679946050372,2023-03-27T14:40:50.372,39.100,-5.354,-45.678,54.249
1679946050392,2023-03-27T14:40:50.392,39.120,-11.627,-88.948,65.827
1679946050412,2023-03-27T14:40:50.412,39.140,-11.040,-123.331,67.542
1679946050432,2023-03-27T14:40:50.432,39.160,-0.633,-124.874,61.490
1679946050452,2023-03-27T14:40:50.452,39.180,10.183,-108.742,47.237
1679946050472,2023-03-27T14:40:50.472,39.200,35.739,-24.981,24.261
1679946050492,2023-03-27T14:40:50.492,39.220,80.880,43.251,16.585
1679946050512,2023-03-27T14:40:50.512,39.240,84.840,29.070,42.412
1679946050532,2023-03-27T14:40:50.532,39.260,44.021,-35.736,48.262
1679946050552,2023-03-27T14:40:50.552,39.280,13.617,-69.661,35.781
1679946050572,2023-03-27T14:40:50.572,39.300,26.711,-59.596,47.515
1679946050592,2023-03-27T14:40:50.592,39.320,60.945,-35.960,38.476
1679946050612,2023-03-27T14:40:50.612,39.340,91.639,2.184,24.600
1679946050632,2023-03-27T14:40:50.632,39.360,121.029,28.872,35.625
1679946050652,2023-03-27T14:40:50.652,39.380,124.874,27.561,49.390
1679946050672,2023-03-27T14:40:50.672,39.400,124.607,20.248,58.510
1679946050692,2023-03-27T14:40:50.692,39.420,124.741,46.734,60.236
1679946050712,2023-03-27T14:40:50.712,39.440,124.874,71.536,54.531
1679946050732,2023-03-27T14:40:50.732,39.460,124.874,77.588,57.142
1679946050752,2023-03-27T14:40:50.752,39.480,124.874,59.954,67.176
1679946050772,2023-03-27T14:40:50.772,39.500,124.714,7.668,77.809
1679946050792,2023-03-27T14:40:50.792,39.520,123.338,-19.024,80.042
1679946050812,2023-03-27T14:40:50.812,39.540,124.718,22.992,71.079
1679946050832,2023-03-27T14:40:50.832,39.560,124.874,114.756,52.797
1679946050852,2023-03-27T14:40:50.852,39.580,124.855,124.874,51.071
1679946050872,2023-03-27T14:40:50.872,39.600,124.870,123.769,62.908
1679946050892,2023-03-27T14:40:50.892,39.620,114.299,122.786,70.454
1679946050912,2023-03-27T14:40:50.912,39.640,73.796,93.495,70.404
1679946050932,2023-03-27T14:40:50.932,39.660,53.266,64.459,60.133
1679946050952,2023-03-27T14:40:50.952,39.680,59.291,85.015,29.238
1679946050972,2023-03-27T14:40:50.972,39.700,83.819,124.874,5.080
1679946050992,2023-03-27T14:40:50.992,39.720,103.758,124.874,3.506
1679946051012,2023-03-27T14:40:51.012,39.740,82.168,124.089,-6.433
1679946051032,2023-03-27T14:40:51.032,39.760,49.367,101.052,5.785
1679946051052,2023-03-27T14:40:51.052,39.780,14.531,52.203,16.982
1679946051072,2023-03-27T14:40:51.072,39.800,-30.884,13.136,7.885
1679946051092,2023-03-27T14:40:51.092,39.820,-47.138,-13.651,-4.303
1679946051112,2023-03-27T14:40:51.112,39.840,-44.413,-10.762,-7.290
1679946051132,2023-03-27T14:40:51.132,39.860,-41.688,-1.490,-14.146
1679946051152,2023-03-27T14:40:51.152,39.880,-28.780,11.860,-31.269
1679946051172,2023-03-27T14:40:51.172,39.900,-8.064,33.239,-45.259
1679946051192,2023-03-27T14:40:51.192,39.920,6.719,61.079,-53.632
1679946051212,2023-03-27T14:40:51.212,39.940,13.636,71.543,-57.252
1679946051232,2023-03-27T14:40:51.232,39.960,11.021,71.875,-63.457
1679946051252,2023-03-27T14:40:51.252,39.980,7.210,56.711,-59.992
1679946051272,2023-03-27T14:40:51.272,40.000,11.273,33.205,-43.449
1679946051292,2023-03-27T14:40:51.292,40.020,9.131,13.487,-34.135
1679946051312,2023-03-27T14:40:51.312,40.040,10.823,6.399,-38.510
1679946051332,2023-03-27T14:40:51.332,40.060,29.466,42.550,-41.185
1679946051352,2023-03-27T14:40:51.352,40.080,48.201,89.905,-47.843
1679946051372,2023-03-27T14:40:51.372,40.100,56.159,103.460,-50.141
1679946051392,2023-03-27T14:40:51.392,40.120,45.770,77.866,-41.338
1679946051412,2023-03-27T14:40:51.412,40.140,26.966,42.668,-33.300
1679946051432,2023-03-27T14:40:51.432,40.160,17.016,18.037,-35.991
1679946051452,2023-03-27T14:40:51.452,40.180,21.837,16.818,-42.035
1679946051472,2023-03-27T14:40:51.472,40.200,31.810,35.114,-46.757
1679946051492,2023-03-27T14:40:51.492,40.220,42.313,49.642,-48.571
1679946051512,2023-03-27T14:40:51.512,40.240,43.720,42.218,-48.506
1679946051532,2023-03-27T14:40:51.532,40.260,34.752,19.230,-48.251
1679946051552,2023-03-27T14:40:51.552,40.280,27.565,-0.556,-46.966
1679946051572,2023-03-27T14:40:51.572,40.300,30.149,-12.389,-50.457
1679946051592,2023-03-27T14:40:51.592,40.320,32.416,-22.919,-60.046
1679946051612,2023-03-27T14:40:51.612,40.340,28.864,-50.415,-64.345
1679946051632,2023-03-27T14:40:51.632,40.360,28.399,-89.882,-58.998
1679946051652,2023-03-27T14:40:51.652,40.380,24.943,-113.727,-51.692
1679946051672,2023-03-27T14:40:51.672,40.400,25.107,-116.730,-47.439
1679946051692,2023-03-27T14:40:51.692,40.420,26.559,-92.992,-40.286
1679946051712,2023-03-27T14:40:51.712,40.440,25.305,-65.248,-40.072
1679946051732,2023-03-27T14:40:51.732,40.460,27.500,-66.280,-59.089
1679946051752,2023-03-27T14:40:51.752,40.480,22.732,-94.611,-63.365
1679946051772,2023-03-27T14:40:51.772,40.500,26.174,-123.822,-49.676
1679946051792,2023-03-27T14:40:51.792,40.520,23.891,-124.874,-44.489
1679946051812,2023-03-27T14:40:51.812,40.540,-6.951,-124.470,-38.723
1679946051832,2023-03-27T14:40:51.832,40.560,-32.374,-124.802,-28.582
1679946051852,2023-03-27T14:40:51.852,40.580,-40.187,-124.874,-28.247
1679946051872,2023-03-27T14:40:51.872,40.600,-43.723,-124.874,-33.617
1679946051892,2023-03-27T14:40:51.892,40.620,-44.611,-122.100,-32.668
1679946051912,2023-03-27T14:40:51.912,40.640,-44.680,-109.394,-23.941
1679946051932,2023-03-27T14:40:51.932,40.660,-64.436,-106.402,9.451
1679946051952,2023-03-27T14:40:51.952,40.680,-76.361,-115.701,44.699
1679946051972,2023-03-27T14:40:51.972,40.700,-63.887,-124.874,36.734
1679946051992,2023-03-27T14:40:51.992,40.720,-34.063,-100.564,-8.136
1679946052012,2023-03-27T14:40:52.012,40.740,-18.929,-26.566,-33.281
1679946052032,2023-03-27T14:40:52.032,40.760,5.709,53.960,-4.135
1679946052052,2023-03-27T14:40:52.052,40.780,39.889,91.353,17.489
1679946052072,2023-03-27T14:40:52.072,40.800,48.430,56.052,33.655
1679946052092,2023-03-27T14:40:52.092,40.820,35.301,6.372,37.744
1679946052112,2023-03-27T14:40:52.112,40.840,12.283,-8.388,48.224
1679946052132,2023-03-27T14:40:52.132,40.860,-25.492,-16.505,83.011
1679946052152,2023-03-27T14:40:52.152,40.880,-51.673,-76.349,80.697
1679946052172,2023-03-27T14:40:52.172,40.900,-67.660,-124.874,58.034
1679946052192,2023-03-27T14:40:52.192,40.920,-57.938,-124.874,35.697
1679946052212,2023-03-27T14:40:52.212,40.940,-30.084,-123.773,12.561
1679946052232,2023-03-27T14:40:52.232,40.960,-12.786,-124.874,-4.066
1679946052252,2023-03-27T14:40:52.252,40.980,-23.441,-124.874,-12.222
1679946052272,2023-03-27T14:40:52.272,41.000,-56.231,-124.855,-14.954
1679946052292,2023-03-27T14:40:52.292,41.020,-106.018,-124.874,-13.335
1679946052312,2023-03-27T14:40:52.312,41.040,-124.874,-124.874,-12.584
1679946052332,2023-03-27T14:40:52.332,41.060,-122.351,-124.874,-25.507
1679946052352,2023-03-27T14:40:52.352,41.080,-103.521,-119.543,-35.335
1679946052372,2023-03-27T14:40:52.372,41.100,-96.966,-89.352,-34.748
1679946052392,2023-03-27T14:40:52.392,41.120,-103.045,-80.156,-26.806
1679946052412,2023-03-27T14:40:52.412,41.140,-87.481,-66.749,-9.371
1679946052432,2023-03-27T14:40:52.432,41.160,-61.563,-20.716,0.987
1679946052452,2023-03-27T14:40:52.452,41.180,-43.159,14.101,0.625
1679946052472,2023-03-27T14:40:52.472,41.200,-38.373,16.010,1.776
1679946052492,2023-03-27T14:40:52.492,41.220,-23.777,56.204,16.993
1679946052512,2023-03-27T14:40:52.512,41.240,13.357,124.874,30.949
1679946052532,2023-03-27T14:40:52.532,41.260,10.587,120.938,7.557
1679946052552,2023-03-27T14:40:52.552,41.280,17.355,104.306,-9.931
1679946052572,2023-03-27T14:40:52.572,41.300,25.080,90.137,-7.694
1679946052592,2023-03-27T14:40:52.592,41.320,4.405,56.612,-14.935
1679946052612,2023-03-27T14:40:52.612,41.340,-3.659,57.873,-18.342
1679946052632,2023-03-27T14:40:52.632,41.360,6.025,84.722,-17.744
1679946052652,2023-03-27T14:40:52.652,41.380,15.949,103.053,-21.677
1679946052672,2023-03-27T14:40:52.672,41.400,26.665,121.974,-26.014
1679946052692,2023-03-27T14:40:52.692,41.420,36.974,124.874,-29.562
1679946052712,2023-03-27T14:40:52.712,41.440,40.202,124.684,-31.212
1679946052732,2023-03-27T14:40:52.732,41.460,26.128,124.775,-23.087
1679946052752,2023-03-27T14:40:52.752,41.480,11.056,124.874,-28.899
1679946052772,2023-03-27T14:40:52.772,41.500,14.482,124.577,-35.591
1679946052792,2023-03-27T14:40:52.792,41.520,17.058,116.452,-31.021
1679946052812,2023-03-27T14:40:52.812,41.540,4.931,104.623,-42.062
1679946052832,2023-03-27T14:40:52.832,41.560,-4.493,104.082,-60.736
1679946052852,2023-03-27T14:40:52.852,41.580,0.286,116.601,-72.340
1679946052872,2023-03-27T14:40:52.872,41.600,10.545,124.874,-69.482
1679946052892,2023-03-27T14:40:52.892,41.620,11.585,123.140,-57.416
1679946052912,2023-03-27T14:40:52.912,41.640,2.900,104.123,-47.428
1679946052932,2023-03-27T14:40:52.932,41.660,-1.543,80.202,-46.025
1679946052952,2023-03-27T14:40:52.952,41.680,-4.219,77.062,-57.477
1679946052972,2023-03-27T14:40:52.972,41.700,-0.095,105.492,-75.976
1679946052992,2023-03-27T14:40:52.992,41.720,17.664,124.874,-84.726
1679946053012,2023-03-27T14:40:53.012,41.740,34.604,124.874,-78.552
1679946053032,2023-03-27T14:40:53.032,41.760,44.768,124.425,-56.795
1679946053052,2023-03-27T14:40:53.052,41.780,36.486,124.874,-36.623
1679946053072,2023-03-27T14:40:53.072,41.800,25.156,124.539,-13.289
1679946053092,2023-03-27T14:40:53.092,41.820,18.899,99.036,7.995
1679946053112,2023-03-27T14:40:53.112,41.840,9.596,56.955,16.711
1679946053132,2023-03-27T14:40:53.132,41.860,19.512,50.168,21.582
1679946053152,2023-03-27T14:40:53.152,41.880,41.139,76.791,25.442
1679946053172,2023-03-27T14:40:53.172,41.900,52.332,109.364,32.035
1679946053192,2023-03-27T14:40:53.192,41.920,55.583,124.184,42.199
1679946053212,2023-03-27T14:40:53.212,41.940,55.080,124.874,46.258
1679946053232,2023-03-27T14:40:53.232,41.960,53.342,124.775,58.155
1679946053252,2023-03-27T14:40:53.252,41.980,33.403,122.405,85.004
1679946053272,2023-03-27T14:40:53.272,42.000,4.154,78.880,102.153
1679946053292,2023-03-27T14:40:53.292,42.020,-4.794,16.235,106.429
1679946053312,2023-03-27T14:40:53.312,42.040,-6.700,-3.613,102.614
1679946053332,2023-03-27T14:40:53.332,42.060,-10.122,0.419,96.475
1679946053352,2023-03-27T14:40:53.352,42.080,2.016,21.864,83.327
1679946053372,2023-03-27T14:40:53.372,42.100,18.620,71.052,71.563
1679946053392,2023-03-27T14:40:53.392,42.120,7.401,104.699,86.704
1679946053412,2023-03-27T14:40:53.412,42.140,-13.529,99.196,101.040
1679946053432,2023-03-27T14:40:53.432,42.160,-36.136,90.381,98.914
1679946053452,2023-03-27T14:40:53.452,42.180,-36.822,85.126,92.748
1679946053472,2023-03-27T14:40:53.472,42.200,-27.100,71.734,86.425
1679946053492,2023-03-27T14:40:53.492,42.220,-16.322,60.568,80.339
1679946053512,2023-03-27T14:40:53.512,42.240,-16.079,63.941,74.501
1679946053532,2023-03-27T14:40:53.532,42.260,-21.635,54.428,76.166
1679946053552,2023-03-27T14:40:53.552,42.280,-29.013,43.388,67.168
1679946053572,2023-03-27T14:40:53.572,42.300,-32.835,39.428,52.538
1679946053592,2023-03-27T14:40:53.592,42.320,-27.603,26.669,45.556
1679946053612,2023-03-27T14:40:53.612,42.340,-15.804,-7.100,47.530
1679946053632,2023-03-27T14:40:53.632,42.360,-11.006,-27.092,46.132
1679946053652,2023-03-27T14:40:53.652,42.380,0.351,6.029,25.922
1679946053672,2023-03-27T14:40:53.672,42.400,15.133,45.248,22.588
1679946053692,2023-03-27T14:40:53.692,42.420,-6.482,52.058,38.788
1679946053712,2023-03-27T14:40:53.712,42.440,-24.592,27.961,36.223
1679946053732,2023-03-27T14:40:53.732,42.460,-20.697,-12.146,40.179
1679946053752,2023-03-27T14:40:53.752,42.480,-12.435,-37.123,35.522
1679946053772,2023-03-27T14:40:53.772,42.500,0.255,-19.790,31.151
1679946053792,2023-03-27T14:40:53.792,42.520,12.565,14.043,27.405
1679946053812,2023-03-27T14:40:53.812,42.540,18.396,39.238,20.442
1679946053832,2023-03-27T14:40:53.832,42.560,17.858,21.551,20.701
1679946053852,2023-03-27T14:40:53.852,42.580,-4.459,10.202,26.578
1679946053872,2023-03-27T14:40:53.872,42.600,-13.418,-10.217,19.764
1679946053892,2023-03-27T14:40:53.892,42.620,1.604,-36.589,10.145
1679946053912,2023-03-27T14:40:53.912,42.640,8.136,-41.639,10.419
1679946053932,2023-03-27T14:40:53.932,42.660,-1.757,-50.579,9.009
1679946053952,2023-03-27T14:40:53.952,42.680,-5.861,-83.845,11.559
1679946053972,2023-03-27T14:40:53.972,42.700,-11.761,-123.365,18.982
1679946053992,2023-03-27T14:40:53.992,42.720,-13.182,-124.874,14.760
1679946054012,2023-03-27T14:40:54.012,42.740,-10.857,-108.700,5.347
1679946054032,2023-03-27T14:40:54.032,42.760,-9.268,-81.753,4.954
1679946054052,2023-03-27T14:40:54.052,42.780,-20.774,-93.399,15.861
1679946054072,2023-03-27T14:40:54.072,42.800,-52.283,-124.874,23.331
1679946054092,2023-03-27T14:40:54.092,42.820,-80.141,-124.874,25.629
1679946054112,2023-03-27T14:40:54.112,42.840,-99.409,-124.306,28.163
1679946054132,2023-03-27T14:40:54.132,42.860,-109.935,-124.840,30.137
1679946054152,2023-03-27T14:40:54.152,42.880,-110.492,-124.874,28.392
1679946054172,2023-03-27T14:40:54.172,42.900,-106.825,-124.870,27.397
1679946054192,2023-03-27T14:40:54.192,42.920,-95.198,-124.874,24.112
1679946054212,2023-03-27T14:40:54.212,42.940,-77.858,-124.874,14.867
1679946054232,2023-03-27T14:40:54.232,42.960,-63.552,-124.874,12.885
1679946054252,2023-03-27T14:40:54.252,42.980,-58.243,-124.874,19.684
1679946054272,2023-03-27T14:40:54.272,43.000,-71.540,-124.874,26.616
1679946054292,2023-03-27T14:40:54.292,43.020,-85.244,-124.874,27.500
1679946054312,2023-03-27T14:40:54.312,43.040,-77.687,-124.531,21.105
1679946054332,2023-03-27T14:40:54.332,43.060,-68.540,-118.670,11.341
1679946054352,2023-03-27T14:40:54.352,43.080,-79.634,-123.620,0.099
1679946054372,2023-03-27T14:40:54.372,43.100,-87.046,-124.874,-11.578
1679946054392,2023-03-27T14:40:54.392,43.120,-73.289,-98.232,-22.679
1679946054412,2023-03-27T14:40:54.412,43.140,-53.251,-48.365,-33.197
1679946054432,2023-03-27T14:40:54.432,43.160,-45.114,-28.243,-38.331
1679946054452,2023-03-27T14:40:54.452,43.180,-55.393,-42.195,-32.984
1679946054472,2023-03-27T14:40:54.472,43.200,-76.490,-69.615,-27.309
1679946054492,2023-03-27T14:40:54.492,43.220,-93.742,-81.246,-24.520
1679946054512,2023-03-27T14:40:54.512,43.240,-102.546,-82.271,-30.313
1679946054532,2023-03-27T14:40:54.532,43.260,-101.181,-75.290,-38.346
1679946054552,2023-03-27T14:40:54.552,43.280,-93.140,-60.869,-50.762
1679946054572,2023-03-27T14:40:54.572,43.300,-83.129,-44.787,-57.748
1679946054592,2023-03-27T14:40:54.592,43.320,-68.251,-16.921,-56.543
1679946054612,2023-03-27T14:40:54.612,43.340,-60.099,-7.942,-53.014
1679946054632,2023-03-27T14:40:54.632,43.360,-58.262,-14.676,-43.495
1679946054652,2023-03-27T14:40:54.652,43.380,-51.963,-12.542,-40.171
1679946054672,2023-03-27T14:40:54.672,43.400,-52.698,-21.582,-47.348
1679946054692,2023-03-27T14:40:54.692,43.420,-58.525,-32.995,-51.139
1679946054712,2023-03-27T14:40:54.712,43.440,-57.447,-22.248,-50.869
1679946054732,2023-03-27T14:40:54.732,43.460,-54.794,-4.809,-55.659
1679946054752,2023-03-27T14:40:54.752,43.480,-50.583,8.148,-61.608
1679946054772,2023-03-27T14:40:54.772,43.500,-46.475,20.473,-60.354
1679946054792,2023-03-27T14:40:54.792,43.520,-39.893,32.866,-50.385
1679946054812,2023-03-27T14:40:54.812,43.540,-37.367,22.885,-43.281
1679946054832,2023-03-27T14:40:54.832,43.560,-46.269,-6.822,-34.356
1679946054852,2023-03-27T14:40:54.852,43.580,-50.004,-22.104,-23.213
1679946054872,2023-03-27T14:40:54.872,43.600,-44.482,-18.826,-17.119
1679946054892,2023-03-27T14:40:54.892,43.620,-34.082,-13.590,-11.734
1679946054912,2023-03-27T14:40:54.912,43.640,-28.296,-17.839,-7.793
1679946054932,2023-03-27T14:40:54.932,43.660,-23.758,-18.979,-6.925
1679946054952,2023-03-27T14:40:54.952,43.680,-16.399,-11.944,-7.001
1679946054972,2023-03-27T14:40:54.972,43.700,-12.843,-10.823,-6.284
1679946054992,2023-03-27T14:40:54.992,43.720,-10.019,-13.681,-0.354
1679946055012,2023-03-27T14:40:55.012,43.740,-6.018,-18.110,4.223
1679946055032,2023-03-27T14:40:55.032,43.760,-1.311,-20.210,4.901
1679946055052,2023-03-27T14:40:55.052,43.780,4.783,-14.889,4.345
1679946055072,2023-03-27T14:40:55.072,43.800,14.409,-4.546,6.063
1679946055092,2023-03-27T14:40:55.092,43.820,23.479,0.926,9.684
1679946055112,2023-03-27T14:40:55.112,43.840,23.708,-7.367,12.813
1679946055132,2023-03-27T14:40:55.132,43.860,20.145,-17.287,14.219
1679946055152,2023-03-27T14:40:55.152,43.880,19.893,-13.194,14.897
1679946055172,2023-03-27T14:40:55.172,43.900,24.577,3.739,14.093
1679946055192,2023-03-27T14:40:55.192,43.920,32.428,28.144,11.482
1679946055212,2023-03-27T14:40:55.212,43.940,42.340,50.030,8.887
1679946055232,2023-03-27T14:40:55.232,43.960,43.186,41.563,6.631
1679946055252,2023-03-27T14:40:55.252,43.980,31.608,11.631,8.228
1679946055272,2023-03-27T14:40:55.272,44.000,23.338,-8.933,8.022
1679946055292,2023-03-27T14:40:55.292,44.020,23.140,-8.868,-2.031
1679946055312,2023-03-27T14:40:55.312,44.040,30.595,13.666,-15.434
1679946055332,2023-03-27T14:40:55.332,44.060,41.795,50.899,-36.098
1679946055352,2023-03-27T14:40:55.352,44.080,45.972,79.779,-62.527
1679946055372,2023-03-27T14:40:55.372,44.100,40.320,85.438,-89.718
1679946055392,2023-03-27T14:40:55.392,44.120,31.536,82.957,-104.425
1679946055412,2023-03-27T14:40:55.412,44.140,23.095,88.521,-115.892
1679946055432,2023-03-27T14:40:55.432,44.160,13.369,94.104,-124.874
1679946055452,2023-03-27T14:40:55.452,44.180,-3.975,94.920,-124.874
1679946055472,2023-03-27T14:40:55.472,44.200,-22.995,109.958,-124.672
1679946055492,2023-03-27T14:40:55.492,44.220,-30.423,124.874,-124.874
1679946055512,2023-03-27T14:40:55.512,44.240,-34.428,124.874,-124.874
1679946055532,2023-03-27T14:40:55.532,44.260,-51.166,124.543,-124.874
1679946055552,2023-03-27T14:40:55.552,44.280,-68.735,124.874,-124.874
1679946055572,2023-03-27T14:40:55.572,44.300,-83.769,114.760,-124.874
1679946055592,2023-03-27T14:40:55.592,44.320,-98.251,59.303,-124.874
1679946055612,2023-03-27T14:40:55.612,44.340,-111.555,-32.542,-124.874
1679946055632,2023-03-27T14:40:55.632,44.360,-124.874,-102.245,-124.874
1679946055652,2023-03-27T14:40:55.652,44.380,-124.874,-111.185,-124.874
1679946055672,2023-03-27T14:40:55.672,44.400,-124.588,-34.562,-124.874
1679946055692,2023-03-27T14:40:55.692,44.420,-120.979,113.361,-124.874
1679946055712,2023-03-27T14:40:55.712,44.440,50.743,124.874,-105.785
1679946055732,2023-03-27T14:40:55.732,44.460,124.874,122.835,-94.771
1679946055752,2023-03-27T14:40:55.752,44.480,113.464,124.318,-41.799
1679946055772,2023-03-27T14:40:55.772,44.500,53.849,113.041,-8.072
1679946055792,2023-03-27T14:40:55.792,44.520,39.447,46.425,-19.512
1679946055812,2023-03-27T14:40:55.812,44.540,21.875,33.323,-32.873
1679946055832,2023-03-27T14:40:55.832,44.560,-6.978,55.979,-75.964
1679946055852,2023-03-27T14:40:55.852,44.580,-16.795,58.251,-100.949
1679946055872,2023-03-27T14:40:55.872,44.600,-7.687,47.214,-76.852
1679946055892,2023-03-27T14:40:55.892,44.620,-4.699,34.920,-32.043
1679946055912,2023-03-27T14:40:55.912,44.640,-5.377,21.947,4.505
1679946055932,2023-03-27T14:40:55.932,44.660,-3.152,-0.358,23.655
1679946055952,2023-03-27T14:40:55.952,44.680,-11.029,-39.501,26.475
1679946055972,2023-03-27T14:40:55.972,44.700,-18.175,-52.207,13.952
1679946055992,2023-03-27T14:40:55.992,44.720,-13.624,-27.481,-4.417
1679946056012,2023-03-27T14:40:56.012,44.740,-7.210,6.745,-18.529
1679946056032,2023-03-27T14:40:56.032,44.760,-6.395,13.666,-19.710
1679946056052,2023-03-27T14:40:56.052,44.780,-4.066,-7.824,-6.917
1679946056072,2023-03-27T14:40:56.072,44.800,-2.511,-24.181,3.209
1679946056092,2023-03-27T14:40:56.092,44.820,-4.428,-21.502,5.606
1679946056112,2023-03-27T14:40:56.112,44.840,-4.768,-10.995,6.700
1679946056132,2023-03-27T14:40:56.132,44.860,-11.178,-12.923,15.846
1679946056152,2023-03-27T14:40:56.152,44.880,-42.736,-57.763,42.744
1679946056172,2023-03-27T14:40:56.172,44.900,-64.916,-121.467,64.585
1679946056192,2023-03-27T14:40:56.192,44.920,-53.434,-124.874,65.480
1679946056212,2023-03-27T14:40:56.212,44.940,-39.120,-124.002,53.948
1679946056232,2023-03-27T14:40:56.232,44.960,-33.418,-111.273,33.422
1679946056252,2023-03-27T14:40:56.252,44.980,-28.293,-67.378,18.155
1679946056272,2023-03-27T14:40:56.272,45.000,-23.540,-28.933,17.027
1679946056292,2023-03-27T14:40:56.292,45.020,-14.028,-7.245,14.665
1679946056312,2023-03-27T14:40:56.312,45.040,5.080,8.861,10.316
1679946056332,2023-03-27T14:40:56.332,45.060,25.877,32.854,4.668
1679946056352,2023-03-27T14:40:56.352,45.080,37.454,65.274,-7.302
1679946056372,2023-03-27T14:40:56.372,45.100,32.645,78.361,-13.415
1679946056392,2023-03-27T14:40:56.392,45.120,20.373,60.545,-13.994
1679946056412,2023-03-27T14:40:56.412,45.140,9.592,30.987,-12.252
1679946056432,2023-03-27T14:40:56.432,45.160,3.483,7.424,-8.918
1679946056452,2023-03-27T14:40:56.452,45.180,-0.008,-4.405,-6.174
1679946056472,2023-03-27T14:40:56.472,45.200,-3.064,-8.518,-4.466
1679946056492,2023-03-27T14:40:56.492,45.220,-4.722,-10.099,-3.788
1679946056512,2023-03-27T14:40:56.512,45.240,-3.342,-7.462,-4.482
1679946056532,2023-03-27T14:40:56.532,45.260,0.023,-1.280,-5.133
1679946056552,2023-03-27T14:40:56.552,45.280,3.361,3.034,-6.063
1679946056572,2023-03-27T14:40:56.572,45.300,6.414,5.175,-7.165
1679946056592,2023-03-27T14:40:56.592,45.320,6.822,6.120,-6.509
1679946056612,2023-03-27T14:40:56.612,45.340,4.333,5.827,-5.431
1679946056632,2023-03-27T14:40:56.632,45.360,2.706,4.543,-5.175
1679946056652,2023-03-27T14:40:56.652,45.380,3.159,3.285,-4.794
1679946056672,2023-03-27T14:40:56.672,45.400,2.660,3.338,-3.693
1679946056692,2023-03-27T14:40:56.692,45.420,1.075,4.447,-3.567
1679946056712,2023-03-27T14:40:56.712,45.440,-0.339,5.617,-4.829
1679946056732,2023-03-27T14:40:56.732,45.460,-0.297,5.983,-5.675
1679946056752,2023-03-27T14:40:56.752,45.480,1.940,6.170,-4.970
1679946056772,2023-03-27T14:40:56.772,45.500,2.885,4.935,-3.041
1679946056792,2023-03-27T14:40:56.792,45.520,2.165,1.696,-1.631
1679946056812,2023-03-27T14:40:56.812,45.540,0.046,-1.193,-1.227
1679946056832,2023-03-27T14:40:56.832,45.560,-1.784,-2.649,-1.925
1679946056852,2023-03-27T14:40:56.852,45.580,-0.728,-1.120,-2.607
1679946056872,2023-03-27T14:40:56.872,45.600,0.789,2.180,-2.203
1679946056892,2023-03-27T14:40:56.892,45.620,1.719,4.912,-2.176
1679946056912,2023-03-27T14:40:56.912,45.640,2.786,6.482,-2.401
1679946056932,2023-03-27T14:40:56.932,45.660,2.611,6.574,-2.805
1679946056952,2023-03-27T14:40:56.952,45.680,1.688,4.634,-3.014
1679946056972,2023-03-27T14:40:56.972,45.700,0.770,1.570,-2.203
1679946056992,2023-03-27T14:40:56.992,45.720,-0.053,-0.640,-1.502
1679946057012,2023-03-27T14:40:57.012,45.740,0.225,-0.461,-1.147
1679946057032,2023-03-27T14:40:57.032,45.760,1.292,1.616,-1.189
1679946057052,2023-03-27T14:40:57.052,45.780,2.382,3.617,-1.563
1679946057072,2023-03-27T14:40:57.072,45.800,3.018,4.756,-1.818
1679946057092,2023-03-27T14:40:57.092,45.820,3.114,5.373,-2.096
1679946057112,2023-03-27T14:40:57.112,45.840,2.729,5.469,-2.130
1679946057132,2023-03-27T14:40:57.132,45.860,1.604,4.436,-2.348
1679946057152,2023-03-27T14:40:57.152,45.880,0.976,2.603,-2.500
1679946057172,2023-03-27T14:40:57.172,45.900,1.025,1.242,-1.932
1679946057192,2023-03-27T14:40:57.192,45.920,0.846,0.423,-1.646
1679946057212,2023-03-27T14:40:57.212,45.940,0.697,0.065,-1.787
1679946057232,2023-03-27T14:40:57.232,45.960,0.332,0.716,-2.085
1679946057252,2023-03-27T14:40:57.252,45.980,0.770,2.191,-2.355
1679946057272,2023-03-27T14:40:57.272,46.000,1.551,3.251,-2.290
1679946057292,2023-03-27T14:40:57.292,46.020,1.597,3.979,-2.363
1679946057312,2023-03-27T14:40:57.312,46.040,1.513,3.601,-2.355
1679946057332,2023-03-27T14:40:57.332,46.060,1.429,2.062,-2.005
1679946057352,2023-03-27T14:40:57.352,46.080,0.892,0.514,-1.578
1679946057372,2023-03-27T14:40:57.372,46.100,0.720,0.126,-1.521
1679946057392,2023-03-27T14:40:57.392,46.120,1.067,0.896,-1.467
1679946057412,2023-03-27T14:40:57.412,46.140,1.723,1.936,-1.380
1679946057432,2023-03-27T14:40:57.432,46.160,2.210,2.923,-1.387
1679946057452,2023-03-27T14:40:57.452,46.180,2.024,3.647,-1.559
1679946057472,2023-03-27T14:40:57.472,46.200,1.643,3.899,-1.951
1679946057492,2023-03-27T14:40:57.492,46.220,1.330,3.594,-2.313
1679946057512,2023-03-27T14:40:57.512,46.240,1.090,2.504,-1.825
1679946057532,2023-03-27T14:40:57.532,46.260,0.899,1.086,-1.181
1679946057552,2023-03-27T14:40:57.552,46.280,0.930,0.530,-0.854
1679946057572,2023-03-27T14:40:57.572,46.300,1.067,1.098,-0.842
1679946057592,2023-03-27T14:40:57.592,46.320,1.341,1.749,-0.861
1679946057612,2023-03-27T14:40:57.612,46.340,1.448,2.050,-0.743
1679946057632,2023-03-27T14:40:57.632,46.360,1.315,2.081,-0.736
1679946057652,2023-03-27T14:40:57.652,46.380,1.136,2.012,-0.675
1679946057672,2023-03-27T14:40:57.672,46.400,1.341,2.008,-0.747
1679946057692,2023-03-27T14:40:57.692,46.420,1.460,1.509,-0.629
1679946057712,2023-03-27T14:40:57.712,46.440,1.559,0.892,-0.804
1679946057732,2023-03-27T14:40:57.732,46.460,1.776,0.701,-1.010
1679946057752,2023-03-27T14:40:57.752,46.480,1.505,0.629,-0.816
1679946057772,2023-03-27T14:40:57.772,46.500,1.265,0.347,-0.907
1679946057792,2023-03-27T14:40:57.792,46.520,1.044,0.347,-0.911
1679946057812,2023-03-27T14:40:57.812,46.540,1.025,0.842,-0.827
1679946057832,2023-03-27T14:40:57.832,46.560,1.056,1.410,-0.690
1679946057852,2023-03-27T14:40:57.852,46.580,0.838,1.456,-0.686
1679946057872,2023-03-27T14:40:57.872,46.600,0.617,1.025,-0.770
1679946057892,2023-03-27T14:40:57.892,46.620,0.537,0.133,-0.686
1679946057912,2023-03-27T14:40:57.912,46.640,0.278,-0.526,-0.617
1679946057932,2023-03-27T14:40:57.932,46.660,0.385,-0.579,-0.633
1679946057952,2023-03-27T14:40:57.952,46.680,0.827,0.278,-0.785
1679946057972,2023-03-27T14:40:57.972,46.700,1.300,1.406,-0.796
1679946057992,2023-03-27T14:40:57.992,46.720,1.364,1.719,-0.831
1679946058012,2023-03-27T14:40:58.012,46.740,1.563,1.460,-0.861
1679946058032,2023-03-27T14:40:58.032,46.760,1.658,1.117,-0.770
1679946058052,2023-03-27T14:40:58.052,46.780,1.441,0.800,-0.724
1679946058072,2023-03-27T14:40:58.072,46.800,1.372,0.602,-0.556
1679946058092,2023-03-27T14:40:58.092,46.820,1.326,0.857,-0.457
1679946058112,2023-03-27T14:40:58.112,46.840,0.896,1.189,-0.575
1679946058132,2023-03-27T14:40:58.132,46.860,0.918,1.326,-0.678
1679946058152,2023-03-27T14:40:58.152,46.880,1.490,1.502,-0.492
1679946058172,2023-03-27T14:40:58.172,46.900,1.681,1.223,-0.446
1679946058192,2023-03-27T14:40:58.192,46.920,1.124,0.499,-0.747
1679946058212,2023-03-27T14:40:58.212,46.940,0.583,-0.229,-1.242
1679946058232,2023-03-27T14:40:58.232,46.960,0.659,-0.457,-1.227
1679946058252,2023-03-27T14:40:58.252,46.980,1.048,-0.126,-0.899
1679946058272,2023-03-27T14:40:58.272,47.000,1.162,0.351,-0.621
1679946058292,2023-03-27T14:40:58.292,47.020,1.048,0.770,-0.568
1679946058312,2023-03-27T14:40:58.312,47.040,1.189,1.090,-0.560
1679946058332,2023-03-27T14:40:58.332,47.060,1.505,1.517,-0.438
1679946058352,2023-03-27T14:40:58.352,47.080,1.719,1.803,-0.271
1679946058372,2023-03-27T14:40:58.372,47.100,1.216,1.315,-0.587
1679946058392,2023-03-27T14:40:58.392,47.120,0.934,0.198,-0.934
1679946058412,2023-03-27T14:40:58.412,47.140,0.957,0.084,-0.766
1679946058432,2023-03-27T14:40:58.432,47.160,1.018,0.229,-0.728
1679946058452,2023-03-27T14:40:58.452,47.180,1.014,0.027,-0.678
1679946058472,2023-03-27T14:40:58.472,47.200,0.652,-0.377,-0.713
1679946058492,2023-03-27T14:40:58.492,47.220,0.640,-0.274,-0.617
1679946058512,2023-03-27T14:40:58.512,47.240,1.071,0.606,-0.507
1679946058532,2023-03-27T14:40:58.532,47.260,1.635,1.502,-0.495
1679946058552,2023-03-27T14:40:58.552,47.280,1.665,1.437,-0.484
1679946058572,2023-03-27T14:40:58.572,47.300,1.200,0.328,-0.518
1679946058592,2023-03-27T14:40:58.592,47.320,0.575,-0.877,-0.720
1679946058612,2023-03-27T14:40:58.612,47.340,0.023,-1.109,-1.101
1679946058632,2023-03-27T14:40:58.632,47.360,0.286,-0.659,-1.166
1679946058652,2023-03-27T14:40:58.652,47.380,0.644,-0.187,-1.048
1679946058672,2023-03-27T14:40:58.672,47.400,1.006,0.099,-0.865
1679946058692,2023-03-27T14:40:58.692,47.420,1.303,0.419,-0.800
1679946058712,2023-03-27T14:40:58.712,47.440,1.395,0.556,-0.694
1679946058732,2023-03-27T14:40:58.732,47.460,1.261,0.309,-0.625
1679946058752,2023-03-27T14:40:58.752,47.480,1.185,0.751,-0.579
1679946058772,2023-03-27T14:40:58.772,47.500,1.391,1.631,-0.636
1679946058792,2023-03-27T14:40:58.792,47.520,1.322,1.406,-0.503
1679946058812,2023-03-27T14:40:58.812,47.540,0.663,0.297,-0.697
1679946058832,2023-03-27T14:40:58.832,47.560,0.332,-0.351,-0.976
1679946058852,2023-03-27T14:40:58.852,47.580,0.225,-0.488,-1.014
1679946058872,2023-03-27T14:40:58.872,47.600,0.354,-0.598,-1.101
1679946058892,2023-03-27T14:40:58.892,47.620,0.492,-0.362,-1.101
1679946058912,2023-03-27T14:40:58.912,47.640,0.831,-0.111,-0.880
1679946058932,2023-03-27T14:40:58.932,47.660,1.094,0.328,-0.766
1679946058952,2023-03-27T14:40:58.952,47.680,1.391,1.048,-0.671
1679946058972,2023-03-27T14:40:58.972,47.700,1.498,1.361,-0.655
1679946058992,2023-03-27T14:40:58.992,47.720,1.261,0.896,-0.671
1679946059012,2023-03-27T14:40:59.012,47.740,0.945,0.351,-0.697
1679946059032,2023-03-27T14:40:59.032,47.760,1.193,0.636,-0.747
1679946059052,2023-03-27T14:40:59.052,47.780,1.681,1.200,-0.473
1679946059072,2023-03-27T14:40:59.072,47.800,1.555,1.082,-0.373
1679946059092,2023-03-27T14:40:59.092,47.820,0.560,0.572,-0.869
1679946059112,2023-03-27T14:40:59.112,47.840,-0.122,-0.069,-1.277
1679946059132,2023-03-27T14:40:59.132,47.860,0.301,-0.381,-0.983
1679946059152,2023-03-27T14:40:59.152,47.880,0.579,-0.667,-0.625
1679946059172,2023-03-27T14:40:59.172,47.900,0.328,-0.945,-1.136
1679946059192,2023-03-27T14:40:59.192,47.920,-0.015,-1.101,-1.322
1679946059212,2023-03-27T14:40:59.212,47.940,0.316,-0.663,-1.063
1679946059232,2023-03-27T14:40:59.232,47.960,1.044,-0.030,-0.739
1679946059252,2023-03-27T14:40:59.252,47.980,1.414,0.541,-0.583
1679946059272,2023-03-27T14:40:59.272,48.000,1.178,0.938,-0.686
1679946059292,2023-03-27T14:40:59.292,48.020,1.052,0.998,-0.854
1679946059312,2023-03-27T14:40:59.312,48.040,1.277,1.174,-0.701
1679946059332,2023-03-27T14:40:59.332,48.060,1.471,2.058,-0.591
1679946059352,2023-03-27T14:40:59.352,48.080,1.391,1.978,-0.713
1679946059372,2023-03-27T14:40:59.372,48.100,0.358,0.351,-0.857
1679946059392,2023-03-27T14:40:59.392,48.120,-0.187,-1.105,-1.189
1679946059412,2023-03-27T14:40:59.412,48.140,0.118,-0.938,-1.117
1679946059432,2023-03-27T14:40:59.432,48.160,0.507,-0.259,-1.197
1679946059452,2023-03-27T14:40:59.452,48.180,0.545,-0.050,-1.086
1679946059472,2023-03-27T14:40:59.472,48.200,0.480,-0.202,-0.907
1679946059492,2023-03-27T14:40:59.492,48.220,0.633,-0.015,-0.751
1679946059512,2023-03-27T14:40:59.512,48.240,0.964,0.324,-0.758
1679946059532,2023-03-27T14:40:59.532,48.260,1.098,0.278,-0.804
1679946059552,2023-03-27T14:40:59.552,48.280,0.587,-0.004,-0.907
1679946059572,2023-03-27T14:40:59.572,48.300,0.152,-0.175,-1.132
1679946059592,2023-03-27T14:40:59.592,48.320,0.061,-0.393,-1.212
1679946059612,2023-03-27T14:40:59.612,48.340,0.069,-0.880,-1.223
1679946059632,2023-03-27T14:40:59.632,48.360,0.248,-1.006,-1.353
1679946059652,2023-03-27T14:40:59.652,48.380,0.320,-0.751,-1.258
1679946059672,2023-03-27T14:40:59.672,48.400,0.354,-0.564,-1.212
1679946059692,2023-03-27T14:40:59.692,48.420,0.709,-0.141,-1.037
1679946059712,2023-03-27T14:40:59.712,48.440,0.979,0.114,-0.655
1679946059732,2023-03-27T14:40:59.732,48.460,1.147,0.549,-0.602
1679946059752,2023-03-27T14:40:59.752,48.480,1.261,1.467,-0.785
1679946059772,2023-03-27T14:40:59.772,48.500,1.399,1.894,-0.701
1679946059792,2023-03-27T14:40:59.792,48.520,1.452,1.334,-0.499
1679946059812,2023-03-27T14:40:59.812,48.540,1.349,0.575,-0.511
1679946059832,2023-03-27T14:40:59.832,48.560,0.911,0.339,-0.697
1679946059852,2023-03-27T14:40:59.852,48.580,0.614,0.514,-0.831
1679946059872,2023-03-27T14:40:59.872,48.600,0.941,0.823,-0.743
1679946059892,2023-03-27T14:40:59.892,48.620,1.292,0.899,-0.694
1679946059912,2023-03-27T14:40:59.912,48.640,1.482,0.568,-0.598
1679946059932,2023-03-27T14:40:59.932,48.660,1.460,0.621,-0.503
1679946059952,2023-03-27T14:40:59.952,48.680,1.368,1.037,-0.636
1679946059972,2023-03-27T14:40:59.972,48.700,1.319,0.777,-0.396
1679946059992,2023-03-27T14:40:59.992,48.720,1.056,0.160,-0.377
1679946060012,2023-03-27T14:41:00.012,48.740,0.652,-0.202,-0.636
1679946060032,2023-03-27T14:41:00.032,48.760,1.048,-0.072,-0.682
1679946060052,2023-03-27T14:41:00.052,48.780,1.688,0.316,-0.454
1679946060072,2023-03-27T14:41:00.072,48.800,1.498,0.625,-0.293
1679946060092,2023-03-27T14:41:00.092,48.820,1.120,1.349,-0.808
1679946060112,2023-03-27T14:41:00.112,48.840,1.277,1.303,-0.945
1679946060132,2023-03-27T14:41:00.132,48.860,1.399,0.335,-0.716
1679946060152,2023-03-27T14:41:00.152,48.880,1.067,-0.111,-0.537
1679946060172,2023-03-27T14:41:00.172,48.900,0.621,0.084,-0.713
1679946060192,2023-03-27T14:41:00.192,48.920,0.888,0.595,-0.713
1679946060212,2023-03-27T14:41:00.212,48.940,1.433,1.296,-0.583
1679946060232,2023-03-27T14:41:00.232,48.960,1.822,1.361,-0.252
1679946060252,2023-03-27T14:41:00.252,48.980,1.734,1.280,-0.023
1679946060272,2023-03-27T14:41:00.272,49.000,1.166,0.865,-0.412
1679946060292,2023-03-27T14:41:00.292,49.020,0.979,0.606,-0.713
1679946060312,2023-03-27T14:41:00.312,49.040,0.861,0.690,-0.808
1679946060332,2023-03-27T14:41:00.332,49.060,1.033,0.884,-0.774
1679946060352,2023-03-27T14:41:00.352,49.080,1.269,1.082,-0.640
1679946060372,2023-03-27T14:41:00.372,49.100,1.326,1.037,-0.400
1679946060392,2023-03-27T14:41:00.392,49.120,1.559,0.838,-0.362
1679946060412,2023-03-27T14:41:00.412,49.140,1.589,0.854,-0.381
1679946060432,2023-03-27T14:41:00.432,49.160,1.555,0.499,-0.442
1679946060452,2023-03-27T14:41:00.452,49.180,1.113,0.175,-0.545
1679946060472,2023-03-27T14:41:00.472,49.200,0.675,0.053,-0.713
1679946060492,2023-03-27T14:41:00.492,49.220,0.770,0.259,-0.675
1679946060512,2023-03-27T14:41:00.512,49.240,0.896,0.168,-0.633
1679946060532,2023-03-27T14:41:00.532,49.260,0.877,0.133,-0.572
1679946060552,2023-03-27T14:41:00.552,49.280,1.048,-0.050,-0.705
1679946060572,2023-03-27T14:41:00.572,49.300,0.873,-0.313,-0.880
1679946060592,2023-03-27T14:41:00.592,49.320,0.667,-0.610,-0.964
1679946060612,2023-03-27T14:41:00.612,49.340,0.724,-0.678,-0.995
1679946060632,2023-03-27T14:41:00.632,49.360,0.713,-0.473,-0.979
1679946060652,2023-03-27T14:41:00.652,49.380,0.655,-0.354,-0.819
1679946060672,2023-03-27T14:41:00.672,49.400,0.602,-0.065,-0.716
1679946060692,2023-03-27T14:41:00.692,49.420,0.644,0.168,-0.625
1679946060712,2023-03-27T14:41:00.712,49.440,0.877,0.114,-0.495
1679946060732,2023-03-27T14:41:00.732,49.460,1.200,0.232,-0.461
1679946060752,2023-03-27T14:41:00.752,49.480,1.441,0.293,-0.454
1679946060772,2023-03-27T14:41:00.772,49.500,1.414,0.232,-0.614
1679946060792,2023-03-27T14:41:00.792,49.520,1.292,0.393,-0.793
1679946060812,2023-03-27T14:41:00.812,49.540,0.846,0.244,-0.263
1679946060832,2023-03-27T14:41:00.832,49.560,-1.162,-2.264,1.204
1679946060852,2023-03-27T14:41:00.852,49.580,-3.971,-6.951,1.006
1679946060872,2023-03-27T14:41:00.872,49.600,-4.116,-8.014,-0.438
1679946060892,2023-03-27T14:41:00.892,49.620,-1.597,-5.050,-0.168
1679946060912,2023-03-27T14:41:00.912,49.640,1.075,-1.738,0.873
1679946060932,2023-03-27T14:41:00.932,49.660,1.212,-2.786,2.504
1679946060952,2023-03-27T14:41:00.952,49.680,-1.414,-17.008,6.677
1679946060972,2023-03-27T14:41:00.972,49.700,-4.063,-38.822,9.836
1679946060992,2023-03-27T14:41:00.992,49.720,-6.597,-46.402,10.244
1679946061012,2023-03-27T14:41:01.012,49.740,-7.191,-39.554,8.853
1679946061032,2023-03-27T14:41:01.032,49.760,-4.912,-24.966,4.581
1679946061052,2023-03-27T14:41:01.052,49.780,-6.094,-6.601,4.577
1679946061072,2023-03-27T14:41:01.072,49.800,-9.352,1.212,11.421
1679946061092,2023-03-27T14:41:01.092,49.820,-11.040,-3.361,15.313
1679946061112,2023-03-27T14:41:01.112,49.840,-10.438,-3.106,13.270
1679946061132,2023-03-27T14:41:01.132,49.860,-4.684,9.173,9.177
1679946061152,2023-03-27T14:41:01.152,49.880,-2.671,21.486,9.428
1679946061172,2023-03-27T14:41:01.172,49.900,-10.732,12.085,17.626
1679946061192,2023-03-27T14:41:01.192,49.920,-20.530,-24.219,30.938
1679946061212,2023-03-27T14:41:01.212,49.940,-32.245,-50.217,39.661
1679946061232,2023-03-27T14:41:01.232,49.960,-39.002,-56.357,43.064
1679946061252,2023-03-27T14:41:01.252,49.980,-40.553,-60.118,43.777
1679946061272,2023-03-27T14:41:01.272,50.000,-39.950,-54.028,43.662
1679946061292,2023-03-27T14:41:01.292,50.020,-31.532,-35.351,47.915
1679946061312,2023-03-27T14:41:01.312,50.040,-23.079,-11.829,53.091
1679946061332,2023-03-27T14:41:01.332,50.060,-17.984,-2.123,57.111
1679946061352,2023-03-27T14:41:01.352,50.080,-15.332,-18.285,62.256
1679946061372,2023-03-27T14:41:01.372,50.100,-12.389,-42.210,73.579
1679946061392,2023-03-27T14:41:01.392,50.120,-13.700,-43.990,83.159
1679946061412,2023-03-27T14:41:01.412,50.140,-6.707,-20.130,86.052
1679946061432,2023-03-27T14:41:01.432,50.160,9.482,10.842,94.607
1679946061452,2023-03-27T14:41:01.452,50.180,26.574,52.630,102.576
1679946061472,2023-03-27T14:41:01.472,50.200,44.531,104.085,99.383
1679946061492,2023-03-27T14:41:01.492,50.220,62.801,124.874,100.126
1679946061512,2023-03-27T14:41:01.512,50.240,77.218,124.874,111.414
1679946061532,2023-03-27T14:41:01.532,50.260,75.316,124.360,121.978
1679946061552,2023-03-27T14:41:01.552,50.280,39.566,124.874,124.874
1679946061572,2023-03-27T14:41:01.572,50.300,-15.465,124.874,124.874
1679946061592,2023-03-27T14:41:01.592,50.320,-61.894,121.925,124.806
1679946061612,2023-03-27T14:41:01.612,50.340,-81.555,103.178,124.874
1679946061632,2023-03-27T14:41:01.632,50.360,-89.306,92.938,124.832
1679946061652,2023-03-27T14:41:01.652,50.380,-106.936,79.627,116.627
1679946061672,2023-03-27T14:41:01.672,50.400,-109.878,27.546,97.389
1679946061692,2023-03-27T14:41:01.692,50.420,-77.893,-11.772,81.303
1679946061712,2023-03-27T14:41:01.712,50.440,-47.035,-6.338,65.454
1679946061732,2023-03-27T14:41:01.732,50.460,-10.568,-2.104,44.958
1679946061752,2023-03-27T14:41:01.752,50.480,-13.533,22.279,28.403
1679946061772,2023-03-27T14:41:01.772,50.500,-74.607,14.177,53.613
1679946061792,2023-03-27T14:41:01.792,50.520,-99.596,-36.254,66.711
1679946061812,2023-03-27T14:41:01.812,50.540,-93.765,-85.636,55.922
1679946061832,2023-03-27T14:41:01.832,50.560,-121.650,-111.326,55.034
1679946061852,2023-03-27T14:41:01.852,50.580,-124.874,-124.874,55.454
1679946061872,2023-03-27T14:41:01.872,50.600,-124.470,-124.874,48.765
1679946061892,2023-03-27T14:41:01.892,50.620,-111.559,-124.569,37.694
1679946061912,2023-03-27T14:41:01.912,50.640,-72.778,-105.309,20.183
1679946061932,2023-03-27T14:41:01.932,50.660,-53.674,-45.960,18.106
1679946061952,2023-03-27T14:41:01.952,50.680,-49.059,4.554,29.752
1679946061972,2023-03-27T14:41:01.972,50.700,-47.165,18.811,31.227
1679946061992,2023-03-27T14:41:01.992,50.720,-47.809,14.588,19.173
1679946062012,2023-03-27T14:41:02.012,50.740,-48.445,15.736,4.809
1679946062032,2023-03-27T14:41:02.032,50.760,-45.941,23.502,-1.204
1679946062052,2023-03-27T14:41:02.052,50.780,-27.641,27.115,-9.649
1679946062072,2023-03-27T14:41:02.072,50.800,-10.126,34.371,-20.564
1679946062092,2023-03-27T14:41:02.092,50.820,-1.242,32.885,-23.392
1679946062112,2023-03-27T14:41:02.112,50.840,13.944,32.111,-30.530
1679946062132,2023-03-27T14:41:02.132,50.860,37.614,61.147,-40.553
1679946062152,2023-03-27T14:41:02.152,50.880,48.068,110.755,-49.146
1679946062172,2023-03-27T14:41:02.172,50.900,52.439,124.874,-48.815
1679946062192,2023-03-27T14:41:02.192,50.920,62.816,124.874,-46.235
1679946062212,2023-03-27T14:41:02.212,50.940,60.011,124.497,-30.434
1679946062232,2023-03-27T14:41:02.232,50.960,69.405,124.874,-7.096
1679946062252,2023-03-27T14:41:02.252,50.980,48.716,108.899,-24.661
1679946062272,2023-03-27T14:41:02.272,51.000,48.548,73.579,-13.761
1679946062292,2023-03-27T14:41:02.292,51.020,48.308,54.028,-18.030
1679946062312,2023-03-27T14:41:02.312,51.040,50.343,83.270,-6.402
1679946062332,2023-03-27T14:41:02.332,51.060,40.625,103.853,-6.178
1679946062352,2023-03-27T14:41:02.352,51.080,30.934,87.172,3.018
1679946062372,2023-03-27T14:41:02.372,51.100,4.360,68.544,28.662
1679946062392,2023-03-27T14:41:02.392,51.120,-3.338,60.030,42.915
1679946062412,2023-03-27T14:41:02.412,51.140,8.685,69.836,46.090
1679946062432,2023-03-27T14:41:02.432,51.160,8.556,86.780,52.252
1679946062452,2023-03-27T14:41:02.452,51.180,-5.877,98.430,63.876
1679946062472,2023-03-27T14:41:02.472,51.200,-39.642,111.368,74.958
1679946062492,2023-03-27T14:41:02.492,51.220,-51.128,97.005,75.465
1679946062512,2023-03-27T14:41:02.512,51.240,-49.954,68.045,81.258
1679946062532,2023-03-27T14:41:02.532,51.260,-58.662,44.726,88.270
1679946062552,2023-03-27T14:41:02.552,51.280,-63.079,46.086,92.538
1679946062572,2023-03-27T14:41:02.572,51.300,-74.840,56.947,92.027
1679946062592,2023-03-27T14:41:02.592,51.320,-94.844,21.322,99.970
1679946062612,2023-03-27T14:41:02.612,51.340,-91.082,-52.942,98.338
1679946062632,2023-03-27T14:41:02.632,51.360,-78.548,-44.219,87.668
1679946062652,2023-03-27T14:41:02.652,51.380,-56.639,3.746,65.263
1679946062672,2023-03-27T14:41:02.672,51.400,-29.981,7.908,58.777
1679946062692,2023-03-27T14:41:02.692,51.420,-34.604,-12.302,65.198
1679946062712,2023-03-27T14:41:02.712,51.440,-51.067,-30.171,63.117
1679946062732,2023-03-27T14:41:02.732,51.460,-54.939,-21.806,57.447
1679946062752,2023-03-27T14:41:02.752,51.480,-44.116,-11.082,56.772
1679946062772,2023-03-27T14:41:02.772,51.500,-31.056,-26.913,57.763
1679946062792,2023-03-27T14:41:02.792,51.520,-36.864,-58.045,56.239
1679946062812,2023-03-27T14:41:02.812,51.540,-55.267,-90.682,57.645
1679946062832,2023-03-27T14:41:02.832,51.560,-70.899,-122.992,67.294
1679946062852,2023-03-27T14:41:02.852,51.580,-76.936,-124.874,66.147
1679946062872,2023-03-27T14:41:02.872,51.600,-75.697,-124.440,51.277
1679946062892,2023-03-27T14:41:02.892,51.620,-67.412,-124.775,43.159
1679946062912,2023-03-27T14:41:02.912,51.640,-60.175,-122.668,27.405
1679946062932,2023-03-27T14:41:02.932,51.660,-49.386,-95.149,11.639
1679946062952,2023-03-27T14:41:02.952,51.680,-45.023,-76.536,8.655
1679946062972,2023-03-27T14:41:02.972,51.700,-52.035,-99.489,13.487
1679946062992,2023-03-27T14:41:02.992,51.720,-59.299,-124.874,18.788
1679946063012,2023-03-27T14:41:03.012,51.740,-70.610,-124.874,28.533
1679946063032,2023-03-27T14:41:03.032,51.760,-89.710,-124.360,40.865
1679946063052,2023-03-27T14:41:03.052,51.780,-119.200,-124.874,35.522
1679946063072,2023-03-27T14:41:03.072,51.800,-124.874,-124.874,26.715
1679946063092,2023-03-27T14:41:03.092,51.820,-118.525,-124.867,21.654
1679946063112,2023-03-27T14:41:03.112,51.840,-96.288,-124.874,20.644
1679946063132,2023-03-27T14:41:03.132,51.860,-83.491,-124.874,9.325
1679946063152,2023-03-27T14:41:03.152,51.880,-95.377,-124.874,-4.112
1679946063172,2023-03-27T14:41:03.172,51.900,-117.241,-124.874,-3.460
1679946063192,2023-03-27T14:41:03.192,51.920,-122.473,-122.519,-2.473
1679946063212,2023-03-27T14:41:03.212,51.940,-59.188,-48.864,-19.379
1679946063232,2023-03-27T14:41:03.232,51.960,-14.505,19.162,-22.843
1679946063252,2023-03-27T14:41:03.252,51.980,-31.380,-19.173,-10.385
1679946063272,2023-03-27T14:41:03.272,52.000,-55.998,-69.154,1.677
1679946063292,2023-03-27T14:41:03.292,52.020,-79.859,-101.090,2.313
1679946063312,2023-03-27T14:41:03.312,52.040,-56.475,-57.691,-6.932
1679946063332,2023-03-27T14:41:03.332,52.060,-20.728,-6.848,-15.861
1679946063352,2023-03-27T14:41:03.352,52.080,-12.363,-0.434,-3.316
1679946063372,2023-03-27T14:41:03.372,52.100,-28.083,-9.588,3.681
1679946063392,2023-03-27T14:41:03.392,52.120,-50.507,-23.720,2.946
1679946063412,2023-03-27T14:41:03.412,52.140,-78.289,-60.777,3.220
1679946063432,2023-03-27T14:41:03.432,52.160,-105.659,-108.152,1.986
1679946063452,2023-03-27T14:41:03.452,52.180,-110.088,-117.957,-1.715
1679946063472,2023-03-27T14:41:03.472,52.200,-89.710,-91.063,-10.213
1679946063492,2023-03-27T14:41:03.492,52.220,-78.129,-72.470,-18.712
1679946063512,2023-03-27T14:41:03.512,52.240,-80.595,-76.806,-29.661
1679946063532,2023-03-27T14:41:03.532,52.260,-79.977,-76.749,-35.789
1679946063552,2023-03-27T14:41:03.552,52.280,-70.469,-63.098,-44.139
1679946063572,2023-03-27T14:41:03.572,52.300,-71.029,-54.364,-40.709
1679946063592,2023-03-27T14:41:03.592,52.320,-67.824,-37.603,-32.866
1679946063612,2023-03-27T14:41:03.612,52.340,-47.012,-11.955,-33.727
1679946063632,2023-03-27T14:41:03.632,52.360,-24.527,13.457,-30.130
1679946063652,2023-03-27T14:41:03.652,52.380,-8.811,37.618,-29.665
1679946063672,2023-03-27T14:41:03.672,52.400,3.529,54.101,-33.921
1679946063692,2023-03-27T14:41:03.692,52.420,13.251,48.430,-38.971
1679946063712,2023-03-27T14:41:03.712,52.440,18.262,29.859,-44.245
1679946063732,2023-03-27T14:41:03.732,52.460,24.874,31.059,-48.098
1679946063752,2023-03-27T14:41:03.752,52.480,44.375,69.588,-57.054
1679946063772,2023-03-27T14:41:03.772,52.500,79.642,124.874,-61.296
1679946063792,2023-03-27T14:41:03.792,52.520,112.999,124.874,-58.083
1679946063812,2023-03-27T14:41:03.812,52.540,124.874,123.914,-44.546
1679946063832,2023-03-27T14:41:03.832,52.560,123.655,124.798,-28.236
1679946063852,2023-03-27T14:41:03.852,52.580,99.394,124.874,-13.178
1679946063872,2023-03-27T14:41:03.872,52.600,59.813,124.863,-14.752
1679946063892,2023-03-27T14:41:03.892,52.620,47.172,124.874,-20.979
1679946063912,2023-03-27T14:41:03.912,52.640,53.171,124.874,-16.448
1679946063932,2023-03-27T14:41:03.932,52.660,56.280,124.874,-8.472
1679946063952,2023-03-27T14:41:03.952,52.680,64.966,124.874,-0.385
1679946063972,2023-03-27T14:41:03.972,52.700,83.289,124.874,7.348
1679946063992,2023-03-27T14:41:03.992,52.720,82.340,124.874,11.101
1679946064012,2023-03-27T14:41:04.012,52.740,78.784,124.874,20.217
1679946064032,2023-03-27T14:41:04.032,52.760,58.068,124.874,37.900
1679946064052,2023-03-27T14:41:04.052,52.780,27.283,124.874,43.434
1679946064072,2023-03-27T14:41:04.072,52.800,9.440,124.874,36.555
1679946064092,2023-03-27T14:41:04.092,52.820,12.477,124.874,28.087
1679946064112,2023-03-27T14:41:04.112,52.840,35.179,124.874,23.388
1679946064132,2023-03-27T14:41:04.132,52.860,58.178,124.874,18.255
1679946064152,2023-03-27T14:41:04.152,52.880,77.374,124.874,9.295
1679946064172,2023-03-27T14:41:04.172,52.900,73.228,124.874,-7.900
1679946064192,2023-03-27T14:41:04.192,52.920,58.468,124.874,-23.956
1679946064212,2023-03-27T14:41:04.212,52.940,50.800,124.874,-35.861
1679946064232,2023-03-27T14:41:04.232,52.960,52.447,123.464,-45.781
1679946064252,2023-03-27T14:41:04.252,52.980,67.207,110.088,-52.275
1679946064272,2023-03-27T14:41:04.272,53.000,64.428,103.937,-59.947
1679946064292,2023-03-27T14:41:04.292,53.020,38.457,90.534,-62.999
1679946064312,2023-03-27T14:41:04.312,53.040,18.693,66.429,-48.354
1679946064332,2023-03-27T14:41:04.332,53.060,16.749,49.318,-35.705
1679946064352,2023-03-27T14:41:04.352,53.080,17.325,43.822,-31.296
1679946064372,2023-03-27T14:41:04.372,53.100,25.042,32.790,-36.700
1679946064392,2023-03-27T14:41:04.392,53.120,26.993,18.670,-38.998
1679946064412,2023-03-27T14:41:04.412,53.140,17.374,-3.159,-36.555
1679946064432,2023-03-27T14:41:04.432,53.160,-1.441,-42.931,-29.581
1679946064452,2023-03-27T14:41:04.452,53.180,-15.152,-79.158,-17.149
1679946064472,2023-03-27T14:41:04.472,53.200,-14.619,-96.040,-5.370
1679946064492,2023-03-27T14:41:04.492,53.220,-12.035,-105.305,-8.468
1679946064512,2023-03-27T14:41:04.512,53.240,-9.752,-107.081,-20.396
1679946064532,2023-03-27T14:41:04.532,53.260,0.655,-100.328,-27.085
1679946064552,2023-03-27T14:41:04.552,53.280,3.925,-97.435,-34.771
1679946064572,2023-03-27T14:41:04.572,53.300,-2.748,-96.387,-45.202
1679946064592,2023-03-27T14:41:04.592,53.320,3.582,-80.873,-55.979
1679946064612,2023-03-27T14:41:04.612,53.340,18.152,-55.442,-61.471
1679946064632,2023-03-27T14:41:04.632,53.360,25.930,-21.265,-65.774
1679946064652,2023-03-27T14:41:04.652,53.380,27.096,9.970,-72.702
1679946064672,2023-03-27T14:41:04.672,53.400,19.169,-7.805,-79.943
1679946064692,2023-03-27T14:41:04.692,53.420,1.425,-71.002,-72.420
1679946064712,2023-03-27T14:41:04.712,53.440,-23.681,-124.874,-53.159
1679946064732,2023-03-27T14:41:04.732,53.460,-39.950,-124.874,-41.448
1679946064752,2023-03-27T14:41:04.752,53.480,-32.881,-124.078,-39.756
1679946064772,2023-03-27T14:41:04.772,53.500,-31.330,-124.783,-37.546
1679946064792,2023-03-27T14:41:04.792,53.520,-57.420,-124.874,-19.459
1679946064812,2023-03-27T14:41:04.812,53.540,-74.676,-124.867,-17.973
1679946064832,2023-03-27T14:41:04.832,53.560,-100.762,-124.874,-55.335
1679946064852,2023-03-27T14:41:04.852,53.580,-113.418,-124.874,-22.435
1679946064872,2023-03-27T14:41:04.872,53.600,-84.970,-124.874,-43.392
1679946064892,2023-03-27T14:41:04.892,53.620,-50.282,-91.917,-83.453
1679946064912,2023-03-27T14:41:04.912,53.640,-71.086,2.134,-45.796
1679946064932,2023-03-27T14:41:04.932,53.660,-92.698,-28.011,58.506
1679946064952,2023-03-27T14:41:04.952,53.680,-86.749,-124.874,92.500
1679946064972,2023-03-27T14:41:04.972,53.700,-77.691,-124.874,27.210
1679946064992,2023-03-27T14:41:04.992,53.720,-60.724,-112.912,44.104
1679946065012,2023-03-27T14:41:05.012,53.740,-47.252,-112.409,57.961
1679946065032,2023-03-27T14:41:05.032,53.760,-48.876,-111.452,48.053
1679946065052,2023-03-27T14:41:05.052,53.780,-32.664,-107.252,61.025
1679946065072,2023-03-27T14:41:05.072,53.800,-19.920,-110.964,69.287
1679946065092,2023-03-27T14:41:05.092,53.820,-26.635,-106.601,64.943
1679946065112,2023-03-27T14:41:05.112,53.840,-26.315,-88.777,53.102
1679946065132,2023-03-27T14:41:05.132,53.860,-18.952,-81.113,46.181
1679946065152,2023-03-27T14:41:05.152,53.880,-18.540,-73.133,39.139
1679946065172,2023-03-27T14:41:05.172,53.900,-15.160,-54.668,32.031
1679946065192,2023-03-27T14:41:05.192,53.920,-6.894,-33.937,26.029
1679946065212,2023-03-27T14:41:05.212,53.940,0.991,-16.231,27.115
1679946065232,2023-03-27T14:41:05.232,53.960,12.546,3.773,32.142
1679946065252,2023-03-27T14:41:05.252,53.980,25.385,24.028,36.780
1679946065272,2023-03-27T14:41:05.272,54.000,42.885,37.256,41.665
1679946065292,2023-03-27T14:41:05.292,54.020,63.659,39.966,49.962
1679946065312,2023-03-27T14:41:05.312,54.040,66.391,37.016,54.768
1679946065332,2023-03-27T14:41:05.332,54.060,74.078,42.092,61.559
1679946065352,2023-03-27T14:41:05.352,54.080,78.479,60.606,72.386
1679946065372,2023-03-27T14:41:05.372,54.100,78.872,68.937,70.438
1679946065392,2023-03-27T14:41:05.392,54.120,81.856,58.373,59.752
1679946065412,2023-03-27T14:41:05.412,54.140,84.394,41.989,53.929
1679946065432,2023-03-27T14:41:05.432,54.160,77.641,33.838,56.563
1679946065452,2023-03-27T14:41:05.452,54.180,68.819,28.937,56.341
1679946065472,2023-03-27T14:41:05.472,54.200,67.378,28.963,58.335
1679946065492,2023-03-27T14:41:05.492,54.220,72.317,35.652,64.116
1679946065512,2023-03-27T14:41:05.512,54.240,80.111,44.855,68.228
1679946065532,2023-03-27T14:41:05.532,54.260,80.389,50.579,65.976
1679946065552,2023-03-27T14:41:05.552,54.280,69.364,49.417,60.899
1679946065572,2023-03-27T14:41:05.572,54.300,63.750,39.158,56.475
1679946065592,2023-03-27T14:41:05.592,54.320,60.785,30.217,52.329
1679946065612,2023-03-27T14:41:05.612,54.340,60.785,25.812,49.360
1679946065632,2023-03-27T14:41:05.632,54.360,71.524,36.441,39.306
1679946065652,2023-03-27T14:41:05.652,54.380,86.414,71.841,34.989
1679946065672,2023-03-27T14:41:05.672,54.400,93.007,80.663,45.857
1679946065692,2023-03-27T14:41:05.692,54.420,59.413,31.738,46.490
1679946065712,2023-03-27T14:41:05.712,54.440,23.224,-26.162,37.172
1679946065732,2023-03-27T14:41:05.732,54.460,5.202,-51.155,31.799
1679946065752,2023-03-27T14:41:05.752,54.480,13.609,-33.708,20.065
1679946065772,2023-03-27T14:41:05.772,54.500,46.532,15.210,14.916
1679946065792,2023-03-27T14:41:05.792,54.520,70.061,52.603,23.780
1679946065812,2023-03-27T14:41:05.812,54.540,68.053,39.181,36.909
1679946065832,2023-03-27T14:41:05.832,54.560,48.380,-4.356,40.537
1679946065852,2023-03-27T14:41:05.852,54.580,18.838,-55.000,39.882
1679946065872,2023-03-27T14:41:05.872,54.600,-11.349,-95.446,25.373
1679946065892,2023-03-27T14:41:05.892,54.620,-11.261,-112.149,6.978
1679946065912,2023-03-27T14:41:05.912,54.640,5.278,-103.693,3.438
1679946065932,2023-03-27T14:41:05.932,54.660,4.851,-96.749,7.180
1679946065952,2023-03-27T14:41:05.952,54.680,-12.367,-121.273,6.925
1679946065972,2023-03-27T14:41:05.972,54.700,-36.982,-124.874,9.131
1679946065992,2023-03-27T14:41:05.992,54.720,-54.722,-124.562,7.100
1679946066012,2023-03-27T14:41:06.012,54.740,-61.951,-124.741,1.970
1679946066032,2023-03-27T14:41:06.032,54.760,-45.556,-123.095,1.875
1679946066052,2023-03-27T14:41:06.052,54.780,-15.423,-77.946,-6.006
1679946066072,2023-03-27T14:41:06.072,54.800,8.449,-7.668,-13.502
1679946066092,2023-03-27T14:41:06.092,54.820,19.752,31.620,-16.059
1679946066112,2023-03-27T14:41:06.112,54.840,30.221,48.464,-11.425
1679946066132,2023-03-27T14:41:06.132,54.860,38.582,57.248,-13.152
1679946066152,2023-03-27T14:41:06.152,54.880,30.282,54.973,-11.471
1679946066172,2023-03-27T14:41:06.172,54.900,31.608,58.011,-4.143
1679946066192,2023-03-27T14:41:06.192,54.920,20.210,52.534,-10.217
1679946066212,2023-03-27T14:41:06.212,54.940,8.228,27.873,-10.781
1679946066232,2023-03-27T14:41:06.232,54.960,14.901,22.530,-5.667
1679946066252,2023-03-27T14:41:06.252,54.980,23.072,32.740,-1.391
1679946066272,2023-03-27T14:41:06.272,55.000,15.118,32.431,-4.806
1679946066292,2023-03-27T14:41:06.292,55.020,11.242,27.942,-7.515
1679946066312,2023-03-27T14:41:06.312,55.040,21.673,30.408,-6.361
1679946066332,2023-03-27T14:41:06.332,55.060,17.138,27.035,-14.623
1679946066352,2023-03-27T14:41:06.352,55.080,1.273,1.094,-10.854
1679946066372,2023-03-27T14:41:06.372,55.100,-3.014,9.375,-12.401
1679946066392,2023-03-27T14:41:06.392,55.120,14.440,60.732,-17.778
1679946066412,2023-03-27T14:41:06.412,55.140,31.837,100.892,-22.241
1679946066432,2023-03-27T14:41:06.432,55.160,38.933,108.304,-27.622
1679946066452,2023-03-27T14:41:06.452,55.180,38.163,95.564,-28.125
1679946066472,2023-03-27T14:41:06.472,55.200,37.462,81.589,-25.960
1679946066492,2023-03-27T14:41:06.492,55.220,37.889,74.234,-29.802
1679946066512,2023-03-27T14:41:06.512,55.240,46.593,82.515,-32.542
1679946066532,2023-03-27T14:41:06.532,55.260,56.677,111.982,-35.023
1679946066552,2023-03-27T14:41:06.552,55.280,67.405,124.874,-43.514
1679946066572,2023-03-27T14:41:06.572,55.300,79.013,124.874,-52.165
1679946066592,2023-03-27T14:41:06.592,55.320,86.589,124.539,-55.998
1679946066612,2023-03-27T14:41:06.612,55.340,72.976,124.874,-45.103
1679946066632,2023-03-27T14:41:06.632,55.360,44.303,119.813,-38.796
1679946066652,2023-03-27T14:41:06.652,55.380,17.927,122.039,-60.316
1679946066672,2023-03-27T14:41:06.672,55.400,8.845,124.874,-67.649
1679946066692,2023-03-27T14:41:06.692,55.420,19.710,124.874,-43.464
1679946066712,2023-03-27T14:41:06.712,55.440,24.630,102.111,-17.954
1679946066732,2023-03-27T14:41:06.732,55.460,24.497,63.209,-21.067
1679946066752,2023-03-27T14:41:06.752,55.480,46.913,94.775,-26.467
1679946066772,2023-03-27T14:41:06.772,55.500,72.717,124.874,-32.287
1679946066792,2023-03-27T14:41:06.792,55.520,82.797,124.874,-41.905
1679946066812,2023-03-27T14:41:06.812,55.540,78.178,124.169,-48.636
1679946066832,2023-03-27T14:41:06.832,55.560,63.083,124.874,-41.795
1679946066852,2023-03-27T14:41:06.852,55.580,57.115,121.124,-35.133
1679946066872,2023-03-27T14:41:06.872,55.600,49.364,88.434,-31.254
1679946066892,2023-03-27T14:41:06.892,55.620,26.704,63.335,-36.101
1679946066912,2023-03-27T14:41:06.912,55.640,10.739,54.722,-44.966
1679946066932,2023-03-27T14:41:06.932,55.660,12.035,45.926,-48.449
1679946066952,2023-03-27T14:41:06.952,55.680,15.934,46.803,-45.084
1679946066972,2023-03-27T14:41:06.972,55.700,19.123,39.215,-34.554
1679946066992,2023-03-27T14:41:06.992,55.720,19.878,11.311,-15.137
1679946067012,2023-03-27T14:41:07.012,55.740,11.593,-26.566,2.073
1679946067032,2023-03-27T14:41:07.032,55.760,-1.326,-49.383,1.273
1679946067052,2023-03-27T14:41:07.052,55.780,-10.960,-45.290,-10.983
1679946067072,2023-03-27T14:41:07.072,55.800,-11.326,-20.114,-21.966
1679946067092,2023-03-27T14:41:07.092,55.820,1.071,0.366,-28.963
1679946067112,2023-03-27T14:41:07.112,55.840,18.559,4.634,-32.618
1679946067132,2023-03-27T14:41:07.132,55.860,37.092,6.966,-37.344
1679946067152,2023-03-27T14:41:07.152,55.880,45.084,17.088,-33.037
1679946067172,2023-03-27T14:41:07.172,55.900,33.152,10.842,-16.498
1679946067192,2023-03-27T14:41:07.192,55.920,18.902,-15.755,-11.018
1679946067212,2023-03-27T14:41:07.212,55.940,9.649,-33.045,-12.374
1679946067232,2023-03-27T14:41:07.232,55.960,3.521,-36.421,-18.331
1679946067252,2023-03-27T14:41:07.252,55.980,3.605,-34.912,-22.969
1679946067272,2023-03-27T14:41:07.272,56.000,5.187,-30.621,-22.470
1679946067292,2023-03-27T14:41:07.292,56.020,4.627,-29.482,-20.415
1679946067312,2023-03-27T14:41:07.312,56.040,1.006,-42.412,-19.508
1679946067332,2023-03-27T14:41:07.332,56.060,-1.776,-59.638,-12.942
1679946067352,2023-03-27T14:41:07.352,56.080,-8.064,-62.283,-11.364
1679946067372,2023-03-27T14:41:07.372,56.100,-14.901,-61.764,-14.386
1679946067392,2023-03-27T14:41:07.392,56.120,-16.383,-66.723,-15.042
1679946067412,2023-03-27T14:41:07.412,56.140,-11.341,-70.716,-19.737
1679946067432,2023-03-27T14:41:07.432,56.160,-10.240,-67.393,-24.680
1679946067452,2023-03-27T14:41:07.452,56.180,-9.325,-68.601,-27.492
1679946067472,2023-03-27T14:41:07.472,56.200,-13.613,-83.438,-27.744
1679946067492,2023-03-27T14:41:07.492,56.220,-27.073,-118.697,-23.624
1679946067512,2023-03-27T14:41:07.512,56.240,-40.057,-124.874,-15.469
1679946067532,2023-03-27T14:41:07.532,56.260,-43.579,-124.543,-14.924
1679946067552,2023-03-27T14:41:07.552,56.280,-38.967,-124.668,-17.298
1679946067572,2023-03-27T14:41:07.572,56.300,-16.383,-121.475,-21.193
1679946067592,2023-03-27T14:41:07.592,56.320,4.360,-75.343,-26.174
1679946067612,2023-03-27T14:41:07.612,56.340,0.179,-39.588,-32.088
1679946067632,2023-03-27T14:41:07.632,56.360,-19.032,-58.590,-31.989
1679946067652,2023-03-27T14:41:07.652,56.380,-21.704,-90.400,-30.412
1679946067672,2023-03-27T14:41:07.672,56.400,-29.615,-122.988,-32.153
1679946067692,2023-03-27T14:41:07.692,56.420,-49.036,-124.874,-26.273
1679946067712,2023-03-27T14:41:07.712,56.440,-61.845,-124.432,-8.963
1679946067732,2023-03-27T14:41:07.732,56.460,-54.836,-124.771,-47.595
1679946067752,2023-03-27T14:41:07.752,56.480,-60.454,-124.874,-40.095
1679946067772,2023-03-27T14:41:07.772,56.500,-93.769,-124.874,-14.973
1679946067792,2023-03-27T14:41:07.792,56.520,-104.207,-124.874,-8.338
1679946067812,2023-03-27T14:41:07.812,56.540,-115.819,-124.874,7.889
1679946067832,2023-03-27T14:41:07.832,56.560,-124.874,-124.874,56.799
1679946067852,2023-03-27T14:41:07.852,56.580,-106.456,-120.957,43.518
1679946067872,2023-03-27T14:41:07.872,56.600,-62.851,-60.827,-24.097
1679946067892,2023-03-27T14:41:07.892,56.620,-29.844,-8.849,10.274
1679946067912,2023-03-27T14:41:07.912,56.640,-32.138,-52.504,61.326
1679946067932,2023-03-27T14:41:07.932,56.660,-49.516,-120.282,76.216
1679946067952,2023-03-27T14:41:07.952,56.680,-70.015,-124.874,78.258
1679946067972,2023-03-27T14:41:07.972,56.700,-72.054,-121.738,64.848
1679946067992,2023-03-27T14:41:07.992,56.720,-50.972,-94.276,59.768
1679946068012,2023-03-27T14:41:08.012,56.740,-27.881,-66.833,62.492
1679946068032,2023-03-27T14:41:08.032,56.760,-13.594,-64.280,59.729
1679946068052,2023-03-27T14:41:08.052,56.780,-9.646,-75.774,55.819
1679946068072,2023-03-27T14:41:08.072,56.800,1.006,-90.156,64.032
1679946068092,2023-03-27T14:41:08.092,56.820,11.204,-99.165,72.584
1679946068112,2023-03-27T14:41:08.112,56.840,14.970,-93.422,77.397
1679946068132,2023-03-27T14:41:08.132,56.860,26.018,-55.511,57.233
1679946068152,2023-03-27T14:41:08.152,56.880,44.284,5.259,40.469
1679946068172,2023-03-27T14:41:08.172,56.900,75.324,12.393,47.191
1679946068192,2023-03-27T14:41:08.192,56.920,61.502,-66.673,54.585
1679946068212,2023-03-27T14:41:08.212,56.940,3.830,-114.707,44.215
1679946068232,2023-03-27T14:41:08.232,56.960,17.752,-53.727,29.386
1679946068252,2023-03-27T14:41:08.252,56.980,84.348,41.277,12.843
1679946068272,2023-03-27T14:41:08.272,57.000,124.874,72.119,24.581
1679946068292,2023-03-27T14:41:08.292,57.020,121.193,50.431,37.481
1679946068312,2023-03-27T14:41:08.312,57.040,90.335,24.787,34.104
1679946068332,2023-03-27T14:41:08.332,57.060,74.280,19.089,27.229
1679946068352,2023-03-27T14:41:08.352,57.080,73.514,25.030,29.047
1679946068372,2023-03-27T14:41:08.372,57.100,66.486,35.461,17.107
1679946068392,2023-03-27T14:41:08.392,57.120,81.056,73.533,3.316
1679946068412,2023-03-27T14:41:08.412,57.140,123.323,114.569,23.060
1679946068432,2023-03-27T14:41:08.432,57.160,124.874,98.518,49.573
1679946068452,2023-03-27T14:41:08.452,57.180,105.328,22.054,51.982
1679946068472,2023-03-27T14:41:08.472,57.200,45.324,-42.149,31.345
1679946068492,2023-03-27T14:41:08.492,57.220,24.676,-20.831,13.613
1679946068512,2023-03-27T14:41:08.512,57.240,76.475,72.298,7.233
1679946068532,2023-03-27T14:41:08.532,57.260,124.874,123.834,25.377
1679946068552,2023-03-27T14:41:08.552,57.280,107.367,84.329,37.851
1679946068572,2023-03-27T14:41:08.572,57.300,59.417,18.365,30.000
1679946068592,2023-03-27T14:41:08.592,57.320,33.308,-7.755,18.750
1679946068612,2023-03-27T14:41:08.612,57.340,29.539,-1.635,5.854
1679946068632,2023-03-27T14:41:08.632,57.360,33.643,8.537,-6.120
1679946068652,2023-03-27T14:41:08.652,57.380,42.786,23.891,-7.530
1679946068672,2023-03-27T14:41:08.672,57.400,53.399,36.498,-9.165
1679946068692,2023-03-27T14:41:08.692,57.420,51.936,30.404,-11.700
1679946068712,2023-03-27T14:41:08.712,57.440,35.987,4.432,-10.522
1679946068732,2023-03-27T14:41:08.732,57.460,15.351,-26.928,-8.594
1679946068752,2023-03-27T14:41:08.752,57.480,-0.575,-43.479,-7.999
1679946068772,2023-03-27T14:41:08.772,57.500,-7.473,-38.746,-11.498
1679946068792,2023-03-27T14:41:08.792,57.520,-10.732,-22.325,-18.171
1679946068812,2023-03-27T14:41:08.812,57.540,0.732,-6.345,-22.104
1679946068832,2023-03-27T14:41:08.832,57.560,6.654,1.159,-28.441
1679946068852,2023-03-27T14:41:08.852,57.580,4.367,0.118,-26.658
1679946068872,2023-03-27T14:41:08.872,57.600,10.739,7.222,-19.459
1679946068892,2023-03-27T14:41:08.892,57.620,18.510,21.380,-22.816
1679946068912,2023-03-27T14:41:08.912,57.640,23.899,32.363,-28.350
1679946068932,2023-03-27T14:41:08.932,57.660,23.723,38.598,-31.486
1679946068952,2023-03-27T14:41:08.952,57.680,26.913,46.311,-28.022
1679946068972,2023-03-27T14:41:08.972,57.700,34.306,45.675,-27.847
1679946068992,2023-03-27T14:41:08.992,57.720,27.942,33.769,-27.428
1679946069012,2023-03-27T14:41:09.012,57.740,18.418,20.640,-29.966
1679946069032,2023-03-27T14:41:09.032,57.760,8.232,22.195,-35.796
1679946069052,2023-03-27T14:41:09.052,57.780,10.640,39.173,-40.899
1679946069072,2023-03-27T14:41:09.072,57.800,20.027,49.154,-44.859
1679946069092,2023-03-27T14:41:09.092,57.820,22.752,44.691,-45.785
1679946069112,2023-03-27T14:41:09.112,57.840,18.498,42.870,-50.156
1679946069132,2023-03-27T14:41:09.132,57.860,19.051,48.037,-50.758
1679946069152,2023-03-27T14:41:09.152,57.880,17.435,47.576,-50.892
1679946069172,2023-03-27T14:41:09.172,57.900,19.123,55.011,-58.445
1679946069192,2023-03-27T14:41:09.192,57.920,35.286,103.239,-69.619
1679946069212,2023-03-27T14:41:09.212,57.940,66.387,124.874,-83.133
1679946069232,2023-03-27T14:41:09.232,57.960,79.028,124.874,-88.087
1679946069252,2023-03-27T14:41:09.252,57.980,75.926,124.318,-93.110
1679946069272,2023-03-27T14:41:09.272,58.000,70.838,123.807,-98.796
1679946069292,2023-03-27T14:41:09.292,58.020,65.076,84.474,-100.343
1679946069312,2023-03-27T14:41:09.312,58.040,60.842,22.473,-98.864
1679946069332,2023-03-27T14:41:09.332,58.060,80.072,27.165,-91.791
1679946069352,2023-03-27T14:41:09.352,58.080,118.918,70.621,-93.430
1679946069372,2023-03-27T14:41:09.372,58.100,124.874,94.425,-89.851
1679946069392,2023-03-27T14:41:09.392,58.120,124.588,76.894,-77.611
1679946069412,2023-03-27T14:41:09.412,58.140,124.680,33.594,-67.431
1679946069432,2023-03-27T14:41:09.432,58.160,124.874,-7.298,-57.893
1679946069452,2023-03-27T14:41:09.452,58.180,124.874,-21.524,-46.486
1679946069472,2023-03-27T14:41:09.472,58.200,124.870,-28.079,-43.388
1679946069492,2023-03-27T14:41:09.492,58.220,124.874,-29.874,-46.402
1679946069512,2023-03-27T14:41:09.512,58.240,124.874,-0.560,-42.016
1679946069532,2023-03-27T14:41:09.532,58.260,124.874,39.543,-49.882
1679946069552,2023-03-27T14:41:09.552,58.280,124.874,35.232,-58.948
1679946069572,2023-03-27T14:41:09.572,58.300,108.270,-41.837,-52.207
1679946069592,2023-03-27T14:41:09.592,58.320,62.611,-124.874,-33.803
1679946069612,2023-03-27T14:41:09.612,58.340,38.849,-124.874,-33.556
1679946069632,2023-03-27T14:41:09.632,58.360,31.890,-123.342,-55.777
1679946069652,2023-03-27T14:41:09.652,58.380,45.171,-111.860,-97.252
1679946069672,2023-03-27T14:41:09.672,58.400,78.087,-47.607,-124.874
1679946069692,2023-03-27T14:41:09.692,58.420,82.843,-27.893,-124.874
1679946069712,2023-03-27T14:41:09.712,58.440,43.396,-79.192,-121.498
1679946069732,2023-03-27T14:41:09.732,58.460,-4.333,-124.874,-107.172
1679946069752,2023-03-27T14:41:09.752,58.480,-31.124,-124.874,-101.265
1679946069772,2023-03-27T14:41:09.772,58.500,-39.432,-123.948,-116.772
1679946069792,2023-03-27T14:41:09.792,58.520,-34.531,-124.874,-124.874
1679946069812,2023-03-27T14:41:09.812,58.540,-33.281,-124.874,-124.874
1679946069832,2023-03-27T14:41:09.832,58.560,-53.876,-124.859,-124.672
1679946069852,2023-03-27T14:41:09.852,58.580,-89.383,-124.874,-124.874
1679946069872,2023-03-27T14:41:09.872,58.600,-116.410,-124.874,-124.874
1679946069892,2023-03-27T14:41:09.892,58.620,-124.874,-124.874,-124.874
1679946069912,2023-03-27T14:41:09.912,58.640,-124.874,-124.874,-124.874
1679946069932,2023-03-27T14:41:09.932,58.660,-124.535,-84.009,-124.874
1679946069952,2023-03-27T14:41:09.952,58.680,-115.556,2.359,-124.874
1679946069972,2023-03-27T14:41:09.972,58.700,-27.393,101.322,-109.855
1679946069992,2023-03-27T14:41:09.992,58.720,124.874,124.874,-81.559
1679946070012,2023-03-27T14:41:10.012,58.740,121.189,124.184,-41.787
1679946070032,2023-03-27T14:41:10.032,58.760,64.444,113.712,-0.770
1679946070052,2023-03-27T14:41:10.052,58.780,13.796,35.892,-0.366
1679946070072,2023-03-27T14:41:10.072,58.800,-33.613,-31.875,-19.413
1679946070092,2023-03-27T14:41:10.092,58.820,-44.985,-76.997,-17.149
1679946070112,2023-03-27T14:41:10.112,58.840,-45.705,-93.944,-2.839
1679946070132,2023-03-27T14:41:10.132,58.860,-43.571,-79.112,-10.755
1679946070152,2023-03-27T14:41:10.152,58.880,-24.623,-40.675,-21.974
1679946070172,2023-03-27T14:41:10.172,58.900,1.155,-2.599,-12.172
1679946070192,2023-03-27T14:41:10.192,58.920,16.631,16.867,8.182
1679946070212,2023-03-27T14:41:10.212,58.940,18.849,18.712,17.275
1679946070232,2023-03-27T14:41:10.232,58.960,12.115,18.034,13.540
1679946070252,2023-03-27T14:41:10.252,58.980,5.739,23.716,5.492
1679946070272,2023-03-27T14:41:10.272,59.000,4.558,26.787,0.774
1679946070292,2023-03-27T14:41:10.292,59.020,3.293,19.463,0.324
1679946070312,2023-03-27T14:41:10.312,59.040,1.604,3.563,0.232
1679946070332,2023-03-27T14:41:10.332,59.060,0.114,-10.114,-0.518
1679946070352,2023-03-27T14:41:10.352,59.080,-2.538,-13.171,-2.241
1679946070372,2023-03-27T14:41:10.372,59.100,-4.097,-7.580,-2.588
1679946070392,2023-03-27T14:41:10.392,59.120,-4.539,-1.898,-1.669
1679946070412,2023-03-27T14:41:10.412,59.140,-6.585,-2.561,-2.450
1679946070432,2023-03-27T14:41:10.432,59.160,-9.352,-8.083,-2.988
1679946070452,2023-03-27T14:41:10.452,59.180,-8.834,-12.511,-0.549
1679946070472,2023-03-27T14:41:10.472,59.200,-4.104,-2.389,-1.189
1679946070492,2023-03-27T14:41:10.492,59.220,0.034,5.960,-9.234
1679946070512,2023-03-27T14:41:10.512,59.240,-8.540,-18.994,-12.637
1679946070532,2023-03-27T14:41:10.532,59.260,-23.685,-42.622,-10.339
1679946070552,2023-03-27T14:41:10.552,59.280,-26.433,-47.001,-8.861
1679946070572,2023-03-27T14:41:10.572,59.300,-14.569,-42.793,-3.102
1679946070592,2023-03-27T14:41:10.592,59.320,-2.782,-22.458,0.694
1679946070612,2023-03-27T14:41:10.612,59.340,-0.610,-4.798,4.821
1679946070632,2023-03-27T14:41:10.632,59.360,-7.081,-11.082,4.234
1679946070652,2023-03-27T14:41:10.652,59.380,-9.596,-18.396,-2.199
1679946070672,2023-03-27T14:41:10.672,59.400,-5.636,-12.431,-3.567
1679946070692,2023-03-27T14:41:10.692,59.420,-2.641,-2.115,1.818
1679946070712,2023-03-27T14:41:10.712,59.440,-4.245,2.088,4.619
1679946070732,2023-03-27T14:41:10.732,59.460,-5.263,-1.966,1.848
1679946070752,2023-03-27T14:41:10.752,59.480,-3.986,-5.457,-1.452
1679946070772,2023-03-27T14:41:10.772,59.500,-2.843,-6.368,-0.030
1679946070792,2023-03-27T14:41:10.792,59.520,-1.673,-8.106,1.841
1679946070812,2023-03-27T14:41:10.812,59.540,1.113,-6.235,1.002
1679946070832,2023-03-27T14:41:10.832,59.560,1.631,-0.873,1.269
1679946070852,2023-03-27T14:41:10.852,59.580,0.884,2.942,1.578
1679946070872,2023-03-27T14:41:10.872,59.600,0.831,3.316,0.217
1679946070892,2023-03-27T14:41:10.892,59.620,0.720,1.353,-0.389
1679946070912,2023-03-27T14:41:10.912,59.640,0.305,-1.810,-0.030
1679946070932,2023-03-27T14:41:10.932,59.660,-0.328,-3.822,-0.629
1679946070952,2023-03-27T14:41:10.952,59.680,-0.404,-2.873,-1.429
1679946070972,2023-03-27T14:41:10.972,59.700,0.152,-0.084,-1.867
1679946070992,2023-03-27T14:41:10.992,59.720,1.018,2.443,-1.734
1679946071012,2023-03-27T14:41:11.012,59.740,1.662,3.617,-1.113
1679946071032,2023-03-27T14:41:11.032,59.760,1.978,3.155,-0.434
1679946071052,2023-03-27T14:41:11.052,59.780,1.425,2.005,-0.629
1679946071072,2023-03-27T14:41:11.072,59.800,1.429,1.970,-0.804
1679946071092,2023-03-27T14:41:11.092,59.820,2.058,2.725,-0.671
1679946071112,2023-03-27T14:41:11.112,59.840,1.509,2.797,-0.884
1679946071132,2023-03-27T14:41:11.132,59.860,1.059,3.098,-1.669
1679946071152,2023-03-27T14:41:11.152,59.880,0.960,2.611,-1.654
1679946071172,2023-03-27T14:41:11.172,59.900,0.697,0.842,-1.216
1679946071192,2023-03-27T14:41:11.192,59.920,0.286,-0.217,-0.884
1679946071212,2023-03-27T14:41:11.212,59.940,0.499,0.370,-0.633
1679946071232,2023-03-27T14:41:11.232,59.960,1.132,0.850,-0.217
1679946071252,2023-03-27T14:41:11.252,59.980,1.231,1.193,0.202
1679946071272,2023-03-27T14:41:11.272,60.000,0.987,1.002,-0.636
1679946071292,2023-03-27T14:41:11.292,60.020,0.579,-0.316,-1.711
1679946071312,2023-03-27T14:41:11.312,60.040,0.194,-2.107,-1.242
1679946071332,2023-03-27T14:41:11.332,60.060,0.537,-2.092,-1.120
1679946071352,2023-03-27T14:41:11.352,60.080,1.364,0.194,-1.208
1679946071372,2023-03-27T14:41:11.372,60.100,1.715,2.218,-0.697
1679946071392,2023-03-27T14:41:11.392,60.120,1.871,2.736,-0.297
1679946071412,2023-03-27T14:41:11.412,60.140,1.593,2.523,-0.171
1679946071432,2023-03-27T14:41:11.432,60.160,1.246,2.355,-0.678
1679946071452,2023-03-27T14:41:11.452,60.180,0.659,2.153,-0.854
1679946071472,2023-03-27T14:41:11.472,60.200,0.534,1.604,-0.644
1679946071492,2023-03-27T14:41:11.492,60.220,1.322,1.437,-0.499
1679946071512,2023-03-27T14:41:11.512,60.240,1.913,1.540,-0.293
1679946071532,2023-03-27T14:41:11.532,60.260,2.081,1.284,-0.164
1679946071552,2023-03-27T14:41:11.552,60.280,1.559,1.033,-0.366
1679946071572,2023-03-27T14:41:11.572,60.300,1.075,1.726,-0.530
1679946071592,2023-03-27T14:41:11.592,60.320,1.246,2.622,-0.377
1679946071612,2023-03-27T14:41:11.612,60.340,2.268,3.053,0.492
1679946071632,2023-03-27T14:41:11.632,60.360,2.755,2.908,0.972
1679946071652,2023-03-27T14:41:11.652,60.380,1.963,1.688,0.595
1679946071672,2023-03-27T14:41:11.672,60.400,0.328,0.492,-0.381
1679946071692,2023-03-27T14:41:11.692,60.420,-0.091,0.225,-1.075
1679946071712,2023-03-27T14:41:11.712,60.440,0.434,0.945,-0.827
1679946071732,2023-03-27T14:41:11.732,60.460,0.953,2.012,-0.595
1679946071752,2023-03-27T14:41:11.752,60.480,1.242,2.180,-0.480
1679946071772,2023-03-27T14:41:11.772,60.500,1.345,1.421,-0.518
1679946071792,2023-03-27T14:41:11.792,60.520,1.235,0.766,-0.675
1679946071812,2023-03-27T14:41:11.812,60.540,1.387,0.591,-0.804
1679946071832,2023-03-27T14:41:11.832,60.560,1.669,1.018,-0.636
1679946071852,2023-03-27T14:41:11.852,60.580,1.425,1.543,-0.667
1679946071872,2023-03-27T14:41:11.872,60.600,1.380,1.749,-0.648
1679946071892,2023-03-27T14:41:11.892,60.620,1.418,1.890,-0.541
1679946071912,2023-03-27T14:41:11.912,60.640,1.391,2.001,-0.476
1679946071932,2023-03-27T14:41:11.932,60.660,1.574,2.138,-0.484
1679946071952,2023-03-27T14:41:11.952,60.680,1.601,2.031,-0.271
1679946071972,2023-03-27T14:41:11.972,60.700,1.471,1.494,-0.187
1679946071992,2023-03-27T14:41:11.992,60.720,1.277,0.835,-0.335
1679946072012,2023-03-27T14:41:12.012,60.740,1.338,0.617,-0.431
1679946072032,2023-03-27T14:41:12.032,60.760,0.911,0.736,-0.793
1679946072052,2023-03-27T14:41:12.052,60.780,0.686,0.663,-0.968
1679946072072,2023-03-27T14:41:12.072,60.800,0.659,0.499,-0.865
1679946072092,2023-03-27T14:41:12.092,60.820,0.564,0.137,-0.736
1679946072112,2023-03-27T14:41:12.112,60.840,0.762,-0.030,-0.415
1679946072132,2023-03-27T14:41:12.132,60.860,1.044,0.465,-0.282
1679946072152,2023-03-27T14:41:12.152,60.880,1.330,1.128,-0.370
1679946072172,2023-03-27T14:41:12.172,60.900,2.054,2.046,-0.240
1679946072192,2023-03-27T14:41:12.192,60.920,2.553,3.003,0.168
1679946072212,2023-03-27T14:41:12.212,60.940,2.797,3.129,0.328
1679946072232,2023-03-27T14:41:12.232,60.960,2.294,2.397,-0.015
1679946072252,2023-03-27T14:41:12.252,60.980,1.250,0.941,-0.564
1679946072272,2023-03-27T14:41:12.272,61.000,0.503,-0.126,-0.716
1679946072292,2023-03-27T14:41:12.292,61.020,0.465,0.050,-0.671
1679946072312,2023-03-27T14:41:12.312,61.040,1.086,0.598,-0.427
1679946072332,2023-03-27T14:41:12.332,61.060,1.269,0.305,-0.034
1679946072352,2023-03-27T14:41:12.352,61.080,1.334,0.290,0.050
1679946072372,2023-03-27T14:41:12.372,61.100,1.132,0.335,-0.305
1679946072392,2023-03-27T14:41:12.392,61.120,0.816,0.564,-0.575
1679946072412,2023-03-27T14:41:12.412,61.140,0.987,1.128,-0.713
1679946072432,2023-03-27T14:41:12.432,61.160,1.113,1.738,-0.678
1679946072452,2023-03-27T14:41:12.452,61.180,1.502,1.902,-0.438
1679946072472,2023-03-27T14:41:12.472,61.200,1.932,1.601,-0.133
1679946072492,2023-03-27T14:41:12.492,61.220,1.757,1.105,-0.194
1679946072512,2023-03-27T14:41:12.512,61.240,1.338,0.663,-0.530
1679946072532,2023-03-27T14:41:12.532,61.260,0.861,0.255,-0.835
1679946072552,2023-03-27T14:41:12.552,61.280,0.191,0.061,-1.258
1679946072572,2023-03-27T14:41:12.572,61.300,-0.175,-0.030,-1.700
1679946072592,2023-03-27T14:41:12.592,61.320,0.526,-0.324,-1.239
1679946072612,2023-03-27T14:41:12.612,61.340,1.414,-0.191,-0.598
1679946072632,2023-03-27T14:41:12.632,61.360,1.159,0.099,-0.678
1679946072652,2023-03-27T14:41:12.652,61.380,0.602,0.111,-0.960
1679946072672,2023-03-27T14:41:12.672,61.400,0.789,0.534,-0.827
1679946072692,2023-03-27T14:41:12.692,61.420,1.494,0.873,-0.400
1679946072712,2023-03-27T14:41:12.712,61.440,1.616,0.842,-0.122
1679946072732,2023-03-27T14:41:12.732,61.460,0.865,0.701,-0.793
1679946072752,2023-03-27T14:41:12.752,61.480,0.480,0.362,-1.296
1679946072772,2023-03-27T14:41:12.772,61.500,0.762,-0.099,-1.159
1679946072792,2023-03-27T14:41:12.792,61.520,0.873,-0.522,-0.800
1679946072812,2023-03-27T14:41:12.812,61.540,0.998,-0.663,-0.621
1679946072832,2023-03-27T14:41:12.832,61.560,1.155,-0.191,-0.655
1679946072852,2023-03-27T14:41:12.852,61.580,0.892,0.145,-0.560
1679946072872,2023-03-27T14:41:12.872,61.600,0.812,0.252,-0.595
1679946072892,2023-03-27T14:41:12.892,61.620,0.941,0.408,-0.629
1679946072912,2023-03-27T14:41:12.912,61.640,0.911,0.358,-0.762
1679946072932,2023-03-27T14:41:12.932,61.660,0.579,0.278,-0.869
1679946072952,2023-03-27T14:41:12.952,61.680,0.640,0.320,-0.926
1679946072972,2023-03-27T14:41:12.972,61.700,1.094,0.534,-0.899
1679946072992,2023-03-27T14:41:12.992,61.720,1.391,0.678,-0.785
1679946073012,2023-03-27T14:41:13.012,61.740,0.918,0.240,-0.903
1679946073032,2023-03-27T14:41:13.032,61.760,0.358,-0.621,-0.998
1679946073052,2023-03-27T14:41:13.052,61.780,0.507,-0.899,-0.675
1679946073072,2023-03-27T14:41:13.072,61.800,0.804,-0.675,-0.560
1679946073092,2023-03-27T14:41:13.092,61.820,0.899,-0.434,-0.835
1679946073112,2023-03-27T14:41:13.112,61.840,0.743,0.099,-0.957
1679946073132,2023-03-27T14:41:13.132,61.860,0.495,0.796,-0.899
1679946073152,2023-03-27T14:41:13.152,61.880,0.899,1.033,-0.869
1679946073172,2023-03-27T14:41:13.172,61.900,1.460,0.503,-0.572
1679946073192,2023-03-27T14:41:13.192,61.920,1.364,-0.057,-0.370
1679946073212,2023-03-27T14:41:13.212,61.940,0.922,-0.084,-0.667
1679946073232,2023-03-27T14:41:13.232,61.960,0.819,0.373,-1.037
1679946073252,2023-03-27T14:41:13.252,61.980,1.265,0.789,-0.762
1679946073272,2023-03-27T14:41:13.272,62.000,1.433,0.716,-0.324
1679946073292,2023-03-27T14:41:13.292,62.020,1.159,0.396,-0.332
1679946073312,2023-03-27T14:41:13.312,62.040,0.915,-0.145,-0.835
1679946073332,2023-03-27T14:41:13.332,62.060,1.155,-0.575,-0.964
1679946073352,2023-03-27T14:41:13.352,62.080,1.143,-0.313,-0.602
1679946073372,2023-03-27T14:41:13.372,62.100,1.037,0.229,-0.473
1679946073392,2023-03-27T14:41:13.392,62.120,1.227,0.583,-0.431
1679946073412,2023-03-27T14:41:13.412,62.140,1.364,0.812,-0.575
1679946073432,2023-03-27T14:41:13.432,62.160,1.353,0.755,-0.465
1679946073452,2023-03-27T14:41:13.452,62.180,1.132,0.415,-0.514
1679946073472,2023-03-27T14:41:13.472,62.200,0.918,0.514,-0.686
1679946073492,2023-03-27T14:41:13.492,62.220,0.957,0.911,-0.755
1679946073512,2023-03-27T14:41:13.512,62.240,1.090,1.018,-0.511
1679946073532,2023-03-27T14:41:13.532,62.260,0.857,0.888,-0.427
1679946073552,2023-03-27T14:41:13.552,62.280,0.534,0.595,-1.025
1679946073572,2023-03-27T14:41:13.572,62.300,0.171,0.076,-1.364
1679946073592,2023-03-27T14:41:13.592,62.320,0.953,0.084,-0.880
1679946073612,2023-03-27T14:41:13.612,62.340,1.673,-0.385,-0.404
1679946073632,2023-03-27T14:41:13.632,62.360,1.113,-0.545,-0.419
1679946073652,2023-03-27T14:41:13.652,62.380,0.663,0.038,-0.755
1679946073672,2023-03-27T14:41:13.672,62.400,1.178,0.930,-0.553
1679946073692,2023-03-27T14:41:13.692,62.420,1.864,1.555,-0.050
1679946073712,2023-03-27T14:41:13.712,62.440,1.818,1.524,-0.061
1679946073732,2023-03-27T14:41:13.732,62.460,0.861,0.713,-0.587
1679946073752,2023-03-27T14:41:13.752,62.480,0.111,-0.526,-1.216
1679946073772,2023-03-27T14:41:13.772,62.500,0.617,-0.339,-0.945
1679946073792,2023-03-27T14:41:13.792,62.520,1.269,0.122,-0.347
1679946073812,2023-03-27T14:41:13.812,62.540,1.463,0.229,-0.050
1679946073832,2023-03-27T14:41:13.832,62.560,1.128,0.545,-0.373
1679946073852,2023-03-27T14:41:13.852,62.580,0.701,0.728,-0.412
1679946073872,2023-03-27T14:41:13.872,62.600,0.835,0.530,-0.465
1679946073892,2023-03-27T14:41:13.892,62.620,1.212,0.823,-0.492
1679946073912,2023-03-27T14:41:13.912,62.640,1.128,1.120,-0.705
1679946073932,2023-03-27T14:41:13.932,62.660,1.216,0.991,-0.541
1679946073952,2023-03-27T14:41:13.952,62.680,1.273,0.701,-0.065
1679946073972,2023-03-27T14:41:13.972,62.700,0.918,0.080,-0.423
1679946073992,2023-03-27T14:41:13.992,62.720,0.808,-0.194,-0.705
1679946074012,2023-03-27T14:41:14.012,62.740,0.575,0.084,-0.747
1679946074032,2023-03-27T14:41:14.032,62.760,0.995,0.438,-0.808
1679946074052,2023-03-27T14:41:14.052,62.780,0.899,0.080,-0.854
1679946074072,2023-03-27T14:41:14.072,62.800,0.869,-0.438,-0.907
1679946074092,2023-03-27T14:41:14.092,62.820,0.796,-0.774,-0.663
1679946074112,2023-03-27T14:41:14.112,62.840,0.987,-0.541,-0.534
1679946074132,2023-03-27T14:41:14.132,62.860,1.296,0.385,-0.473
1679946074152,2023-03-27T14:41:14.152,62.880,1.627,1.193,-0.309
1679946074172,2023-03-27T14:41:14.172,62.900,1.753,1.559,-0.130
1679946074192,2023-03-27T14:41:14.192,62.920,1.543,1.448,-0.259
1679946074212,2023-03-27T14:41:14.212,62.940,1.014,0.896,-0.682
1679946074232,2023-03-27T14:41:14.232,62.960,0.556,-0.038,-1.018
1679946074252,2023-03-27T14:41:14.252,62.980,0.400,-0.655,-0.938
1679946074272,2023-03-27T14:41:14.272,63.000,0.213,-0.873,-1.063
1679946074292,2023-03-27T14:41:14.292,63.020,0.602,-0.381,-1.082
1679946074312,2023-03-27T14:41:14.312,63.040,1.292,0.461,-0.625
1679946074332,2023-03-27T14:41:14.332,63.060,1.399,0.610,-0.011
1679946074352,2023-03-27T14:41:14.352,63.080,1.162,0.183,-0.309
1679946074372,2023-03-27T14:41:14.372,63.100,0.976,0.152,-0.610
1679946074392,2023-03-27T14:41:14.392,63.120,1.018,0.583,-0.606
1679946074412,2023-03-27T14:41:14.412,63.140,1.300,0.930,-0.488
1679946074432,2023-03-27T14:41:14.432,63.160,1.242,0.796,-0.503
1679946074452,2023-03-27T14:41:14.452,63.180,0.964,0.556,-0.568
1679946074472,2023-03-27T14:41:14.472,63.200,0.869,0.400,-0.514
1679946074492,2023-03-27T14:41:14.492,63.220,1.044,0.358,-0.465
1679946074512,2023-03-27T14:41:14.512,63.240,0.869,-0.008,-0.507
1679946074532,2023-03-27T14:41:14.532,63.260,0.396,-0.313,-0.857
1679946074552,2023-03-27T14:41:14.552,63.280,0.027,-0.747,-1.380
1679946074572,2023-03-27T14:41:14.572,63.300,0.313,-1.059,-1.098
1679946074592,2023-03-27T14:41:14.592,63.320,1.200,-0.865,-0.114
1679946074612,2023-03-27T14:41:14.612,63.340,1.189,-0.583,-0.076
1679946074632,2023-03-27T14:41:14.632,63.360,0.427,-0.465,-0.530
1679946074652,2023-03-27T14:41:14.652,63.380,0.610,-0.091,-0.755
1679946074672,2023-03-27T14:41:14.672,63.400,1.361,0.484,-0.377
1679946074692,2023-03-27T14:41:14.692,63.420,1.886,0.652,0.034
1679946074712,2023-03-27T14:41:14.712,63.440,1.136,0.511,-0.488
1679946074732,2023-03-27T14:41:14.732,63.460,0.785,0.320,-1.208
1679946074752,2023-03-27T14:41:14.752,63.480,0.873,0.488,-1.059
1679946074772,2023-03-27T14:41:14.772,63.500,1.101,0.293,-0.633
1679946074792,2023-03-27T14:41:14.792,63.520,0.987,-0.248,-0.354
1679946074812,2023-03-27T14:41:14.812,63.540,0.686,-0.522,-0.697
1679946074832,2023-03-27T14:41:14.832,63.560,0.320,-0.255,-1.010
1679946074852,2023-03-27T14:41:14.852,63.580,0.781,0.354,-0.606
1679946074872,2023-03-27T14:41:14.872,63.600,1.197,0.751,-0.278
1679946074892,2023-03-27T14:41:14.892,63.620,1.117,0.743,-0.267
1679946074912,2023-03-27T14:41:14.912,63.640,0.827,0.450,-0.545
1679946074932,2023-03-27T14:41:14.932,63.660,0.854,0.572,-0.751
1679946074952,2023-03-27T14:41:14.952,63.680,1.200,0.796,-0.732
1679946074972,2023-03-27T14:41:14.972,63.700,0.983,0.617,-0.614
1679946074992,2023-03-27T14:41:14.992,63.720,0.686,0.061,-0.728
1679946075012,2023-03-27T14:41:15.012,63.740,0.747,-0.290,-0.751
1679946075032,2023-03-27T14:41:15.032,63.760,0.857,-0.309,-0.518
1679946075052,2023-03-27T14:41:15.052,63.780,0.697,-0.697,-0.495
1679946075072,2023-03-27T14:41:15.072,63.800,0.743,-0.640,-0.617
1679946075092,2023-03-27T14:41:15.092,63.820,1.124,0.072,-0.560
1679946075112,2023-03-27T14:41:15.112,63.840,1.547,0.896,-0.373
1679946075132,2023-03-27T14:41:15.132,63.860,1.460,1.223,-0.278
1679946075152,2023-03-27T14:41:15.152,63.880,1.357,1.265,-0.404
1679946075172,2023-03-27T14:41:15.172,63.900,1.185,1.037,-0.499
1679946075192,2023-03-27T14:41:15.192,63.920,1.105,0.534,-0.381
1679946075212,2023-03-27T14:41:15.212,63.940,1.021,0.164,-0.446
1679946075232,2023-03-27T14:41:15.232,63.960,0.960,0.019,-0.587
1679946075252,2023-03-27T14:41:15.252,63.980,1.147,0.347,-0.476
1679946075272,2023-03-27T14:41:15.272,64.000,1.296,0.690,-0.507
1679946075292,2023-03-27T14:41:15.292,64.020,1.265,0.503,-0.469
1679946075312,2023-03-27T14:41:15.312,64.040,1.242,0.244,-0.408
1679946075332,2023-03-27T14:41:15.332,64.060,1.200,0.091,-0.389
1679946075352,2023-03-27T14:41:15.352,64.080,1.235,0.678,-0.564
1679946075372,2023-03-27T14:41:15.372,64.100,1.528,1.601,-0.553
1679946075392,2023-03-27T14:41:15.392,64.120,1.643,1.867,-0.412
1679946075412,2023-03-27T14:41:15.412,64.140,1.151,1.220,-0.183
1679946075432,2023-03-27T14:41:15.432,64.160,0.781,0.865,-0.091
1679946075452,2023-03-27T14:41:15.452,64.180,1.021,0.507,-0.027
1679946075472,2023-03-27T14:41:15.472,64.200,1.143,0.168,0.080
1679946075492,2023-03-27T14:41:15.492,64.220,1.284,0.354,-0.008
1679946075512,2023-03-27T14:41:15.512,64.240,1.250,0.530,-0.290
1679946075532,2023-03-27T14:41:15.532,64.260,0.953,0.850,-0.591
1679946075552,2023-03-27T14:41:15.552,64.280,1.143,1.357,-0.675
1679946075572,2023-03-27T14:41:15.572,64.300,2.134,1.867,0.034
1679946075592,2023-03-27T14:41:15.592,64.320,2.557,2.100,0.728
1679946075612,2023-03-27T14:41:15.612,64.340,2.088,1.837,0.686
1679946075632,2023-03-27T14:41:15.632,64.360,1.601,1.414,0.080
1679946075652,2023-03-27T14:41:15.652,64.380,1.555,0.716,-0.415
1679946075672,2023-03-27T14:41:15.672,64.400,1.136,0.217,-0.373
1679946075692,2023-03-27T14:41:15.692,64.420,0.800,0.514,-0.404
1679946075712,2023-03-27T14:41:15.712,64.440,0.450,-0.534,-0.126
1679946075732,2023-03-27T14:41:15.732,64.460,0.202,-3.327,0.682
1679946075752,2023-03-27T14:41:15.752,64.480,0.690,-4.768,1.433
1679946075772,2023-03-27T14:41:15.772,64.500,0.739,-3.255,0.838
1679946075792,2023-03-27T14:41:15.792,64.520,0.865,-0.492,-0.183
1679946075812,2023-03-27T14:41:15.812,64.540,0.789,0.682,-0.454
1679946075832,2023-03-27T14:41:15.832,64.560,1.162,0.488,-0.038
1679946075852,2023-03-27T14:41:15.852,64.580,1.231,0.202,0.423
1679946075872,2023-03-27T14:41:15.872,64.600,0.145,-3.255,0.659
1679946075892,2023-03-27T14:41:15.892,64.620,-1.745,-10.370,1.726
1679946075912,2023-03-27T14:41:15.912,64.640,-2.161,-13.758,1.715
1679946075932,2023-03-27T14:41:15.932,64.660,-1.216,-10.831,1.159
1679946075952,2023-03-27T14:41:15.952,64.680,0.957,-4.668,0.949
1679946075972,2023-03-27T14:41:15.972,64.700,1.879,-0.987,1.696
1679946075992,2023-03-27T14:41:15.992,64.720,0.842,-3.590,3.998
1679946076012,2023-03-27T14:41:16.012,64.740,0.713,-7.538,5.667
1679946076032,2023-03-27T14:41:16.032,64.760,0.579,-8.274,5.065
1679946076052,2023-03-27T14:41:16.052,64.780,-0.873,-8.247,2.435
1679946076072,2023-03-27T14:41:16.072,64.800,-2.157,-8.704,1.258
1679946076092,2023-03-27T14:41:16.092,64.820,-2.393,-9.836,3.190
1679946076112,2023-03-27T14:41:16.112,64.840,-4.566,-17.336,9.722
1679946076132,2023-03-27T14:41:16.132,64.860,-10.061,-38.350,21.269
1679946076152,2023-03-27T14:41:16.152,64.880,-16.951,-67.984,31.197
1679946076172,2023-03-27T14:41:16.172,64.900,-21.681,-82.321,32.530
1679946076192,2023-03-27T14:41:16.192,64.920,-30.663,-79.539,35.953
1679946076212,2023-03-27T14:41:16.212,64.940,-46.197,-78.377,47.412
1679946076232,2023-03-27T14:41:16.232,64.960,-55.099,-82.252,61.170
1679946076252,2023-03-27T14:41:16.252,64.980,-49.958,-71.105,73.540
1679946076272,2023-03-27T14:41:16.272,65.000,-36.254,-49.173,83.586
1679946076292,2023-03-27T14:41:16.292,65.020,-32.603,-38.815,95.979
1679946076312,2023-03-27T14:41:16.312,65.040,-37.256,-36.189,110.320
1679946076332,2023-03-27T14:41:16.332,65.060,-37.660,-26.399,122.138
1679946076352,2023-03-27T14:41:16.352,65.080,-29.970,-26.132,124.874
1679946076372,2023-03-27T14:41:16.372,65.100,-39.493,-44.333,124.874
1679946076392,2023-03-27T14:41:16.392,65.120,-62.168,-62.595,124.806
1679946076412,2023-03-27T14:41:16.412,65.140,-73.613,-88.186,124.874
1679946076432,2023-03-27T14:41:16.432,65.160,-88.457,-119.223,124.874
1679946076452,2023-03-27T14:41:16.452,65.180,-120.697,-124.874,124.874
1679946076472,2023-03-27T14:41:16.472,65.200,-124.874,-124.657,124.874
1679946076492,2023-03-27T14:41:16.492,65.220,-120.747,-124.695,124.874
1679946076512,2023-03-27T14:41:16.512,65.240,-67.039,-124.874,124.874
1679946076532,2023-03-27T14:41:16.532,65.260,2.893,-120.396,124.874
1679946076552,2023-03-27T14:41:16.552,65.280,8.426,-88.982,124.874
1679946076572,2023-03-27T14:41:16.572,65.300,-31.372,-96.315,124.874
1679946076592,2023-03-27T14:41:16.592,65.320,-39.920,-111.044,124.752
1679946076612,2023-03-27T14:41:16.612,65.340,-54.146,-124.874,117.146
1679946076632,2023-03-27T14:41:16.632,65.360,-32.664,-124.379,94.821
1679946076652,2023-03-27T14:41:16.652,65.380,28.761,-84.409,77.755
1679946076672,2023-03-27T14:41:16.672,65.400,66.269,-18.186,75.781
1679946076692,2023-03-27T14:41:16.692,65.420,84.688,14.489,86.993
1679946076712,2023-03-27T14:41:16.712,65.440,123.579,64.146,96.784
1679946076732,2023-03-27T14:41:16.732,65.460,124.874,124.874,13.994
1679946076752,2023-03-27T14:41:16.752,65.480,111.898,124.874,77.999
1679946076772,2023-03-27T14:41:16.772,65.500,47.477,89.958,88.742
1679946076792,2023-03-27T14:41:16.792,65.520,34.710,50.640,37.237
1679946076812,2023-03-27T14:41:16.812,65.540,59.375,81.261,7.832
1679946076832,2023-03-27T14:41:16.832,65.560,73.731,124.874,-6.406
1679946076852,2023-03-27T14:41:16.852,65.580,74.108,124.874,-12.725
1679946076872,2023-03-27T14:41:16.872,65.600,66.010,124.074,-13.453
1679946076892,2023-03-27T14:41:16.892,65.620,47.942,124.844,-6.482
1679946076912,2023-03-27T14:41:16.912,65.640,22.519,109.855,3.026
1679946076932,2023-03-27T14:41:16.932,65.660,-2.607,63.380,4.928
1679946076952,2023-03-27T14:41:16.952,65.680,-20.274,42.378,-2.458
1679946076972,2023-03-27T14:41:16.972,65.700,-20.034,60.202,-13.289
1679946076992,2023-03-27T14:41:16.992,65.720,-6.593,99.413,-26.604
1679946077012,2023-03-27T14:41:17.012,65.740,3.967,124.874,-36.025
1679946077032,2023-03-27T14:41:17.032,65.760,2.954,124.874,-37.256
1679946077052,2023-03-27T14:41:17.052,65.780,4.196,124.139,-40.652
1679946077072,2023-03-27T14:41:17.072,65.800,12.081,118.689,-37.622
1679946077092,2023-03-27T14:41:17.092,65.820,18.548,113.655,-22.980
1679946077112,2023-03-27T14:41:17.112,65.840,24.722,119.646,-10.846
1679946077132,2023-03-27T14:41:17.132,65.860,23.693,122.458,-10.804
1679946077152,2023-03-27T14:41:17.152,65.880,24.390,124.874,-17.927
1679946077172,2023-03-27T14:41:17.172,65.900,30.655,124.874,-18.937
1679946077192,2023-03-27T14:41:17.192,65.920,37.157,124.832,-16.117
1679946077212,2023-03-27T14:41:17.212,65.940,33.186,124.874,-0.888
1679946077232,2023-03-27T14:41:17.232,65.960,29.002,119.306,24.188
1679946077252,2023-03-27T14:41:17.252,65.980,24.558,79.059,53.822
1679946077272,2023-03-27T14:41:17.272,66.000,14.497,36.997,79.127
1679946077292,2023-03-27T14:41:17.292,66.020,17.679,15.179,87.660
1679946077312,2023-03-27T14:41:17.312,66.040,19.783,19.165,83.300
1679946077332,2023-03-27T14:41:17.332,66.060,15.575,29.829,77.801
1679946077352,2023-03-27T14:41:17.352,66.080,16.082,23.861,79.425
1679946077372,2023-03-27T14:41:17.372,66.100,13.045,18.133,89.897
1679946077392,2023-03-27T14:41:17.392,66.120,11.421,20.953,96.505
1679946077412,2023-03-27T14:41:17.412,66.140,12.008,16.959,97.001
1679946077432,2023-03-27T14:41:17.432,66.160,1.502,10.777,95.301
1679946077452,2023-03-27T14:41:17.452,66.180,-9.813,16.048,86.604
1679946077472,2023-03-27T14:41:17.472,66.200,-6.951,17.729,79.661
1679946077492,2023-03-27T14:41:17.492,66.220,-13.239,22.489,75.812
1679946077512,2023-03-27T14:41:17.512,66.240,-26.905,31.627,66.018
1679946077532,2023-03-27T14:41:17.532,66.260,-30.408,52.515,54.691
1679946077552,2023-03-27T14:41:17.552,66.280,-28.777,66.696,50.366
1679946077572,2023-03-27T14:41:17.572,66.300,-34.188,59.139,49.139
1679946077592,2023-03-27T14:41:17.592,66.320,-33.369,37.405,50.065
1679946077612,2023-03-27T14:41:17.612,66.340,-22.736,21.307,53.220
1679946077632,2023-03-27T14:41:17.632,66.360,-21.429,29.867,50.107
1679946077652,2023-03-27T14:41:17.652,66.380,-23.864,41.399,43.468
1679946077672,2023-03-27T14:41:17.672,66.400,-19.665,38.361,42.367
1679946077692,2023-03-27T14:41:17.692,66.420,-16.528,35.675,37.679
1679946077712,2023-03-27T14:41:17.712,66.440,-3.647,4.253,39.253
1679946077732,2023-03-27T14:41:17.732,66.460,-13.228,-23.236,40.568
1679946077752,2023-03-27T14:41:17.752,66.480,-22.172,-19.947,32.096
1679946077772,2023-03-27T14:41:17.772,66.500,-22.847,-8.396,27.344
1679946077792,2023-03-27T14:41:17.792,66.520,-17.534,-8.559,20.808
1679946077812,2023-03-27T14:41:17.812,66.540,-14.249,-13.117,23.986
1679946077832,2023-03-27T14:41:17.832,66.560,-15.370,-15.781,31.136
1679946077852,2023-03-27T14:41:17.852,66.580,-14.070,-14.775,37.290
1679946077872,2023-03-27T14:41:17.872,66.600,-9.832,3.266,36.105
1679946077892,2023-03-27T14:41:17.892,66.620,1.726,17.633,23.415
1679946077912,2023-03-27T14:41:17.912,66.640,12.412,9.741,10.004
1679946077932,2023-03-27T14:41:17.932,66.660,13.014,-28.216,19.745
1679946077952,2023-03-27T14:41:17.952,66.680,-17.904,-67.557,41.631
1679946077972,2023-03-27T14:41:17.972,66.700,-49.607,-106.486,57.721
1679946077992,2023-03-27T14:41:17.992,66.720,-73.034,-124.874,69.139
1679946078012,2023-03-27T14:41:18.012,66.740,-99.684,-124.874,81.498
1679946078032,2023-03-27T14:41:18.032,66.760,-113.628,-124.417,78.586
1679946078052,2023-03-27T14:41:18.052,66.780,-99.649,-124.874,49.806
1679946078072,2023-03-27T14:41:18.072,66.800,-60.579,-115.156,21.597
1679946078092,2023-03-27T14:41:18.092,66.820,-31.902,-90.892,26.029
1679946078112,2023-03-27T14:41:18.112,66.840,-33.216,-115.629,40.385
1679946078132,2023-03-27T14:41:18.132,66.860,-50.118,-124.874,28.182
1679946078152,2023-03-27T14:41:18.152,66.880,-55.320,-124.737,15.857
1679946078172,2023-03-27T14:41:18.172,66.900,-48.899,-124.604,23.491
1679946078192,2023-03-27T14:41:18.192,66.920,-54.428,-124.874,30.732
1679946078212,2023-03-27T14:41:18.212,66.940,-76.982,-124.874,29.032
1679946078232,2023-03-27T14:41:18.232,66.960,-96.711,-124.870,25.979
1679946078252,2023-03-27T14:41:18.252,66.980,-102.127,-124.874,22.100
1679946078272,2023-03-27T14:41:18.272,67.000,-98.171,-124.874,12.622
1679946078292,2023-03-27T14:41:18.292,67.020,-87.153,-124.874,4.729
1679946078312,2023-03-27T14:41:18.312,67.040,-86.986,-124.874,-2.085
1679946078332,2023-03-27T14:41:18.332,67.060,-90.198,-124.874,3.963
1679946078352,2023-03-27T14:41:18.352,67.080,-79.859,-117.168,5.457
1679946078372,2023-03-27T14:41:18.372,67.100,-45.415,-49.512,0.899
1679946078392,2023-03-27T14:41:18.392,67.120,-36.151,-21.353,10.518
1679946078412,2023-03-27T14:41:18.412,67.140,-55.446,-58.418,18.914
1679946078432,2023-03-27T14:41:18.432,67.160,-64.272,-88.140,19.825
1679946078452,2023-03-27T14:41:18.452,67.180,-58.575,-73.575,18.750
1679946078472,2023-03-27T14:41:18.472,67.200,-43.746,-38.338,16.178
1679946078492,2023-03-27T14:41:18.492,67.220,-35.850,-23.236,16.909
1679946078512,2023-03-27T14:41:18.512,67.240,-54.047,-50.728,19.623
1679946078532,2023-03-27T14:41:18.532,67.260,-78.780,-88.445,20.648
1679946078552,2023-03-27T14:41:18.552,67.280,-90.107,-97.008,21.338
1679946078572,2023-03-27T14:41:18.572,67.300,-94.196,-91.258,16.101
1679946078592,2023-03-27T14:41:18.592,67.320,-92.111,-84.790,11.265
1679946078612,2023-03-27T14:41:18.612,67.340,-86.612,-75.655,10.236
1679946078632,2023-03-27T14:41:18.632,67.360,-83.049,-64.436,5.789
1679946078652,2023-03-27T14:41:18.652,67.380,-84.642,-60.259,2.226
1679946078672,2023-03-27T14:41:18.672,67.400,-79.577,-45.404,-1.124
1679946078692,2023-03-27T14:41:18.692,67.420,-67.428,-29.554,-11.136
1679946078712,2023-03-27T14:41:18.712,67.440,-54.245,-20.027,-15.225
1679946078732,2023-03-27T14:41:18.732,67.460,-49.223,-15.152,-15.915
1679946078752,2023-03-27T14:41:18.752,67.480,-49.691,-8.659,-20.549
1679946078772,2023-03-27T14:41:18.772,67.500,-48.106,0.244,-27.965
1679946078792,2023-03-27T14:41:18.792,67.520,-36.673,10.827,-31.155
1679946078812,2023-03-27T14:41:18.812,67.540,-19.668,21.120,-29.158
1679946078832,2023-03-27T14:41:18.832,67.560,-6.623,31.395,-25.652
1679946078852,2023-03-27T14:41:18.852,67.580,6.681,56.029,-21.890
1679946078872,2023-03-27T14:41:18.872,67.600,25.252,104.306,-25.069
1679946078892,2023-03-27T14:41:18.892,67.620,50.179,124.874,-35.358
1679946078912,2023-03-27T14:41:18.912,67.640,73.632,124.874,-37.881
1679946078932,2023-03-27T14:41:18.932,67.660,85.827,124.360,-28.933
1679946078952,2023-03-27T14:41:18.952,67.680,72.950,124.874,-16.875
1679946078972,2023-03-27T14:41:18.972,67.700,32.893,102.744,-5.404
1679946078992,2023-03-27T14:41:18.992,67.720,2.851,64.790,0.423
1679946079012,2023-03-27T14:41:19.012,67.740,14.851,60.838,-0.846
1679946079032,2023-03-27T14:41:19.032,67.760,34.642,54.950,-0.499
1679946079052,2023-03-27T14:41:19.052,67.780,36.673,41.654,-8.354
1679946079072,2023-03-27T14:41:19.072,67.800,42.858,65.579,-20.720
1679946079092,2023-03-27T14:41:19.092,67.820,63.731,120.793,-29.021
1679946079112,2023-03-27T14:41:19.112,67.840,81.502,124.874,-24.566
1679946079132,2023-03-27T14:41:19.132,67.860,86.178,124.135,-10.316
1679946079152,2023-03-27T14:41:19.152,67.880,74.066,122.801,-7.027
1679946079172,2023-03-27T14:41:19.172,67.900,64.139,117.546,-8.213
1679946079192,2023-03-27T14:41:19.192,67.920,78.750,124.752,-0.583
1679946079212,2023-03-27T14:41:19.212,67.940,87.264,124.874,8.457
1679946079232,2023-03-27T14:41:19.232,67.960,78.338,124.748,16.589
1679946079252,2023-03-27T14:41:19.252,67.980,65.892,124.859,21.944
1679946079272,2023-03-27T14:41:19.272,68.000,54.348,124.874,25.941
1679946079292,2023-03-27T14:41:19.292,68.020,48.518,124.874,31.879
1679946079312,2023-03-27T14:41:19.312,68.040,51.067,124.874,32.191
1679946079332,2023-03-27T14:41:19.332,68.060,61.551,124.874,34.566
1679946079352,2023-03-27T14:41:19.352,68.080,60.709,124.874,29.901
1679946079372,2023-03-27T14:41:19.372,68.100,46.490,124.874,21.242
1679946079392,2023-03-27T14:41:19.392,68.120,33.582,124.874,20.629
1679946079412,2023-03-27T14:41:19.412,68.140,15.785,119.611,16.147
1679946079432,2023-03-27T14:41:19.432,68.160,6.387,95.739,14.695
1679946079452,2023-03-27T14:41:19.452,68.180,2.664,72.401,15.972
1679946079472,2023-03-27T14:41:19.472,68.200,-3.106,72.172,8.720
1679946079492,2023-03-27T14:41:19.492,68.220,-0.610,89.764,1.578
1679946079512,2023-03-27T14:41:19.512,68.240,7.233,108.338,-5.675
1679946079532,2023-03-27T14:41:19.532,68.260,10.838,124.874,-20.183
1679946079552,2023-03-27T14:41:19.552,68.280,15.911,124.874,-26.010
1679946079572,2023-03-27T14:41:19.572,68.300,15.438,102.889,-20.320
1679946079592,2023-03-27T14:41:19.592,68.320,8.556,56.086,-8.948
1679946079612,2023-03-27T14:41:19.612,68.340,4.573,23.022,-4.257
1679946079632,2023-03-27T14:41:19.632,68.360,12.237,30.678,-11.780
1679946079652,2023-03-27T14:41:19.652,68.380,28.216,59.360,-30.088
1679946079672,2023-03-27T14:41:19.672,68.400,38.864,76.643,-43.803
1679946079692,2023-03-27T14:41:19.692,68.420,40.575,60.907,-42.851
1679946079712,2023-03-27T14:41:19.712,68.440,28.582,16.128,-33.228
1679946079732,2023-03-27T14:41:19.732,68.460,12.519,-30.431,-16.250
1679946079752,2023-03-27T14:41:19.752,68.480,4.596,-59.726,-4.760
1679946079772,2023-03-27T14:41:19.772,68.500,0.915,-61.052,-9.188
1679946079792,2023-03-27T14:41:19.792,68.520,3.171,-49.695,-20.400
1679946079812,2023-03-27T14:41:19.812,68.540,5.393,-43.990,-28.056
1679946079832,2023-03-27T14:41:19.832,68.560,2.210,-40.854,-29.322
1679946079852,2023-03-27T14:41:19.852,68.580,-6.391,-48.430,-29.764
1679946079872,2023-03-27T14:41:19.872,68.600,-17.687,-68.758,-26.048
1679946079892,2023-03-27T14:41:19.892,68.620,-24.909,-83.346,-15.953
1679946079912,2023-03-27T14:41:19.912,68.640,-27.569,-85.957,-8.693
1679946079932,2023-03-27T14:41:19.932,68.660,-26.018,-83.845,-5.617
1679946079952,2023-03-27T14:41:19.952,68.680,-30.137,-82.172,-8.525
1679946079972,2023-03-27T14:41:19.972,68.700,-34.729,-93.700,-15.667
1679946079992,2023-03-27T14:41:19.992,68.720,-15.362,-97.664,-23.933
1679946080012,2023-03-27T14:41:20.012,68.740,-0.431,-46.978,-22.618
1679946080032,2023-03-27T14:41:20.032,68.760,23.952,21.982,-18.281
1679946080052,2023-03-27T14:41:20.052,68.780,32.934,40.762,-15.595
1679946080072,2023-03-27T14:41:20.072,68.800,2.572,7.188,-2.062
1679946080092,2023-03-27T14:41:20.092,68.820,-12.938,-27.603,9.280
1679946080112,2023-03-27T14:41:20.112,68.840,-10.896,-33.628,14.200
1679946080132,2023-03-27T14:41:20.132,68.860,-9.821,-39.581,19.802
1679946080152,2023-03-27T14:41:20.152,68.880,-9.566,-69.063,24.158
1679946080172,2023-03-27T14:41:20.172,68.900,-14.325,-97.146,27.210
1679946080192,2023-03-27T14:41:20.192,68.920,-16.254,-108.426,32.248
1679946080212,2023-03-27T14:41:20.212,68.940,-17.500,-101.814,38.335
1679946080232,2023-03-27T14:41:20.232,68.960,-12.309,-75.339,34.512
1679946080252,2023-03-27T14:41:20.252,68.980,-2.462,-48.411,26.418
1679946080272,2023-03-27T14:41:20.272,69.000,3.620,-62.168,21.425
1679946080292,2023-03-27T14:41:20.292,69.020,-6.860,-94.543,16.925
1679946080312,2023-03-27T14:41:20.312,69.040,-11.482,-91.364,27.611
1679946080332,2023-03-27T14:41:20.332,69.060,-14.646,-106.521,48.350
1679946080352,2023-03-27T14:41:20.352,69.080,-41.448,-124.874,49.832
1679946080372,2023-03-27T14:41:20.372,69.100,-57.149,-124.874,56.521
1679946080392,2023-03-27T14:41:20.392,69.120,-56.951,-124.436,51.864
1679946080412,2023-03-27T14:41:20.412,69.140,-69.611,-124.874,19.200
1679946080432,2023-03-27T14:41:20.432,69.160,-69.089,-124.874,-14.851
1679946080452,2023-03-27T14:41:20.452,69.180,-40.065,-118.769,-41.280
1679946080472,2023-03-27T14:41:20.472,69.200,-18.579,-84.695,-64.585
1679946080492,2023-03-27T14:41:20.492,69.220,-48.697,-107.138,-66.684
1679946080512,2023-03-27T14:41:20.512,69.240,-101.159,-124.874,-49.268
1679946080532,2023-03-27T14:41:20.532,69.260,-124.874,-124.874,-39.093
1679946080552,2023-03-27T14:41:20.552,69.280,-123.590,-121.063,-35.495
1679946080572,2023-03-27T14:41:20.572,69.300,-88.796,-68.098,-31.025
1679946080592,2023-03-27T14:41:20.592,69.320,-38.022,12.020,-35.709
1679946080612,2023-03-27T14:41:20.612,69.340,-3.761,74.787,-32.420
1679946080632,2023-03-27T14:41:20.632,69.360,2.873,94.085,-22.458
1679946080652,2023-03-27T14:41:20.652,69.380,-12.287,75.320,-6.673
1679946080672,2023-03-27T14:41:20.672,69.400,-26.616,33.971,3.777
1679946080692,2023-03-27T14:41:20.692,69.420,-38.659,5.827,-0.758
1679946080712,2023-03-27T14:41:20.712,69.440,-38.979,20.560,-15.175
1679946080732,2023-03-27T14:41:20.732,69.460,-25.888,59.261,-25.484
1679946080752,2023-03-27T14:41:20.752,69.480,-15.865,67.275,-24.832
1679946080772,2023-03-27T14:41:20.772,69.500,-18.921,47.889,-20.846
1679946080792,2023-03-27T14:41:20.792,69.520,-17.428,52.104,-22.188
1679946080812,2023-03-27T14:41:20.812,69.540,4.684,106.296,-36.357
1679946080832,2023-03-27T14:41:20.832,69.560,32.268,124.874,-43.632
1679946080852,2023-03-27T14:41:20.852,69.580,46.258,124.848,-45.126
1679946080872,2023-03-27T14:41:20.872,69.600,47.309,124.360,-54.756
1679946080892,2023-03-27T14:41:20.892,69.620,46.475,124.874,-67.489
1679946080912,2023-03-27T14:41:20.912,69.640,44.531,124.874,-71.738
1679946080932,2023-03-27T14:41:20.932,69.660,31.650,124.867,-54.455
1679946080952,2023-03-27T14:41:20.952,69.680,23.533,124.874,-42.447
1679946080972,2023-03-27T14:41:20.972,69.700,26.837,124.874,-49.055
1679946080992,2023-03-27T14:41:20.992,69.720,31.303,124.874,-63.712
1679946081012,2023-03-27T14:41:21.012,69.740,46.795,124.874,-62.092
1679946081032,2023-03-27T14:41:21.032,69.760,56.006,124.874,-48.998
1679946081052,2023-03-27T14:41:21.052,69.780,40.202,123.868,-16.559
1679946081072,2023-03-27T14:41:21.072,69.800,20.777,79.207,27.123
1679946081092,2023-03-27T14:41:21.092,69.820,6.978,3.037,37.149
1679946081112,2023-03-27T14:41:21.112,69.840,15.854,-8.114,28.472
1679946081132,2023-03-27T14:41:21.132,69.860,18.327,40.293,15.602
1679946081152,2023-03-27T14:41:21.152,69.880,34.211,93.117,14.707
1679946081172,2023-03-27T14:41:21.172,69.900,48.685,124.043,14.981
1679946081192,2023-03-27T14:41:21.192,69.920,53.449,124.874,15.907
1679946081212,2023-03-27T14:41:21.212,69.940,53.236,121.303,19.524
1679946081232,2023-03-27T14:41:21.232,69.960,35.796,111.479,36.094
1679946081252,2023-03-27T14:41:21.252,69.980,-5.194,89.665,54.615
1679946081272,2023-03-27T14:41:21.272,70.000,-25.499,59.543,64.333
1679946081292,2023-03-27T14:41:21.292,70.020,-12.477,58.281,54.516
1679946081312,2023-03-27T14:41:21.312,70.040,14.390,103.464,46.905
1679946081332,2023-03-27T14:41:21.332,70.060,9.417,124.874,48.426
1679946081352,2023-03-27T14:41:21.352,70.080,-21.227,124.874,62.740
1679946081372,2023-03-27T14:41:21.372,70.100,-57.172,117.062,88.087
1679946081392,2023-03-27T14:41:21.392,70.120,-69.440,52.241,113.479
1679946081412,2023-03-27T14:41:21.412,70.140,-50.812,-14.421,99.627
1679946081432,2023-03-27T14:41:21.432,70.160,-15.297,-10.770,74.836
1679946081452,2023-03-27T14:41:21.452,70.180,2.679,41.768,77.329
1679946081472,2023-03-27T14:41:21.472,70.200,-17.622,74.303,89.726
1679946081492,2023-03-27T14:41:21.492,70.220,-39.043,48.567,92.938
1679946081512,2023-03-27T14:41:21.512,70.240,-44.047,7.908,83.152
1679946081532,2023-03-27T14:41:21.532,70.260,-28.803,-12.854,65.377
1679946081552,2023-03-27T14:41:21.552,70.280,-9.272,-17.035,32.995
1679946081572,2023-03-27T14:41:21.572,70.300,15.716,-8.316,3.407
1679946081592,2023-03-27T14:41:21.592,70.320,29.566,-6.460,3.628
1679946081612,2023-03-27T14:41:21.612,70.340,22.759,-39.783,12.778
1679946081632,2023-03-27T14:41:21.632,70.360,-5.835,-103.918,44.619
1679946081652,2023-03-27T14:41:21.652,70.380,-57.656,-124.874,94.726
1679946081672,2023-03-27T14:41:21.672,70.400,-86.387,-124.874,96.894
1679946081692,2023-03-27T14:41:21.692,70.420,-53.632,-124.303,15.602
1679946081712,2023-03-27T14:41:21.712,70.440,34.501,-48.087,-58.426
1679946081732,2023-03-27T14:41:21.732,70.460,81.597,83.396,-33.167
1679946081752,2023-03-27T14:41:21.752,70.480,72.256,71.387,18.357
1679946081772,2023-03-27T14:41:21.772,70.500,30.541,21.543,31.120
1679946081792,2023-03-27T14:41:21.792,70.520,-8.422,-59.303,35.541
1679946081812,2023-03-27T14:41:21.812,70.540,-43.944,-124.874,51.730
1679946081832,2023-03-27T14:41:21.832,70.560,-79.787,-124.874,54.432
1679946081852,2023-03-27T14:41:21.852,70.580,-92.348,-123.514,39.943
1679946081872,2023-03-27T14:41:21.872,70.600,-81.772,-121.726,9.367
1679946081892,2023-03-27T14:41:21.892,70.620,-33.506,-51.105,-4.848
1679946081912,2023-03-27T14:41:21.912,70.640,6.178,4.131,22.378
1679946081932,2023-03-27T14:41:21.932,70.660,-17.489,-41.669,39.089
1679946081952,2023-03-27T14:41:21.952,70.680,-55.057,-124.874,66.574
1679946081972,2023-03-27T14:41:21.972,70.700,-112.081,-124.874,67.912
1679946081992,2023-03-27T14:41:21.992,70.720,-124.874,-123.426,41.204
1679946082012,2023-03-27T14:41:22.012,70.740,-114.486,-124.745,22.942
1679946082032,2023-03-27T14:41:22.032,70.760,-50.998,-117.473,11.021
1679946082052,2023-03-27T14:41:22.052,70.780,2.054,-58.834,1.772
1679946082072,2023-03-27T14:41:22.072,70.800,-0.278,-51.021,0.583
1679946082092,2023-03-27T14:41:22.092,70.820,-19.962,-102.976,6.296
1679946082112,2023-03-27T14:41:22.112,70.840,-44.348,-124.874,9.771
1679946082132,2023-03-27T14:41:22.132,70.860,-60.183,-124.874,5.537
1679946082152,2023-03-27T14:41:22.152,70.880,-46.692,-112.797,2.485
1679946082172,2023-03-27T14:41:22.172,70.900,-14.596,-48.422,1.322
1679946082192,2023-03-27T14:41:22.192,70.920,8.735,-9.146,-0.213
1679946082212,2023-03-27T14:41:22.212,70.940,6.555,-44.474,4.527
1679946082232,2023-03-27T14:41:22.232,70.960,-16.475,-112.100,9.733
1679946082252,2023-03-27T14:41:22.252,70.980,-42.893,-124.874,5.431
1679946082272,2023-03-27T14:41:22.272,71.000,-56.441,-124.444,-3.639
1679946082292,2023-03-27T14:41:22.292,71.020,-46.094,-124.474,-0.537
1679946082312,2023-03-27T14:41:22.312,71.040,-31.311,-123.628,6.757
1679946082332,2023-03-27T14:41:22.332,71.060,-20.762,-114.104,1.162
1679946082352,2023-03-27T14:41:22.352,71.080,-13.735,-94.893,-6.829
1679946082372,2023-03-27T14:41:22.372,71.100,-6.467,-61.425,-15.259
1679946082392,2023-03-27T14:41:22.392,71.120,6.185,-15.179,-24.074
1679946082412,2023-03-27T14:41:22.412,71.140,24.943,33.914,-24.291
1679946082432,2023-03-27T14:41:22.432,71.160,33.891,55.320,-22.168
1679946082452,2023-03-27T14:41:22.452,71.180,27.054,39.078,-15.888
1679946082472,2023-03-27T14:41:22.472,71.200,20.457,17.969,2.245
1679946082492,2023-03-27T14:41:22.492,71.220,23.365,24.688,21.993
1679946082512,2023-03-27T14:41:22.512,71.240,37.184,59.310,28.209
1679946082532,2023-03-27T14:41:22.532,71.260,44.516,81.139,24.249
1679946082552,2023-03-27T14:41:22.552,71.280,34.600,88.300,11.071
1679946082572,2023-03-27T14:41:22.572,71.300,24.756,101.433,11.261
1679946082592,2023-03-27T14:41:22.592,71.320,13.415,94.192,3.548
1679946082612,2023-03-27T14:41:22.612,71.340,-2.302,81.616,0.896
1679946082632,2023-03-27T14:41:22.632,71.360,-12.119,98.041,-2.671
1679946082652,2023-03-27T14:41:22.652,71.380,-5.739,124.874,-9.497
1679946082672,2023-03-27T14:41:22.672,71.400,27.245,124.874,-23.830
1679946082692,2023-03-27T14:41:22.692,71.420,61.974,124.345,-32.199
1679946082712,2023-03-27T14:41:22.712,71.440,70.423,124.870,-21.509
1679946082732,2023-03-27T14:41:22.732,71.460,73.445,124.874,-15.610
1679946082752,2023-03-27T14:41:22.752,71.480,75.290,124.867,-21.002
1679946082772,2023-03-27T14:41:22.772,71.500,82.858,124.874,-26.540
1679946082792,2023-03-27T14:41:22.792,71.520,78.098,124.874,-26.018
1679946082812,2023-03-27T14:41:22.812,71.540,51.593,124.874,-20.831
1679946082832,2023-03-27T14:41:22.832,71.560,27.336,122.138,-8.140
1679946082852,2023-03-27T14:41:22.852,71.580,5.175,63.815,2.142
1679946082872,2023-03-27T14:41:22.872,71.600,-10.621,1.418,6.204
1679946082892,2023-03-27T14:41:22.892,71.620,-8.830,-0.610,-3.575
1679946082912,2023-03-27T14:41:22.912,71.640,6.860,27.416,-19.840
1679946082932,2023-03-27T14:41:22.932,71.660,31.094,76.082,-26.456
1679946082952,2023-03-27T14:41:22.952,71.680,38.750,104.009,-27.637
1679946082972,2023-03-27T14:41:22.972,71.700,20.953,91.071,-32.626
1679946082992,2023-03-27T14:41:22.992,71.720,7.195,67.496,-34.314
1679946083012,2023-03-27T14:41:23.012,71.740,9.249,55.488,-33.948
1679946083032,2023-03-27T14:41:23.032,71.760,20.770,59.261,-32.942
1679946083052,2023-03-27T14:41:23.052,71.780,29.596,68.415,-36.330
1679946083072,2023-03-27T14:41:23.072,71.800,33.556,77.851,-47.229
1679946083092,2023-03-27T14:41:23.092,71.820,42.321,101.574,-58.651
1679946083112,2023-03-27T14:41:23.112,71.840,54.223,124.874,-63.186
1679946083132,2023-03-27T14:41:23.132,71.860,52.912,117.858,-58.304
1679946083152,2023-03-27T14:41:23.152,71.880,28.803,79.063,-46.723
1679946083172,2023-03-27T14:41:23.172,71.900,7.854,29.150,-26.585
1679946083192,2023-03-27T14:41:23.192,71.920,0.831,-4.897,-9.257
1679946083212,2023-03-27T14:41:23.212,71.940,6.280,-0.587,-4.425
1679946083232,2023-03-27T14:41:23.232,71.960,19.002,22.931,-11.845
1679946083252,2023-03-27T14:41:23.252,71.980,35.008,45.400,-14.588
1679946083272,2023-03-27T14:41:23.272,72.000,42.732,59.920,-21.841
1679946083292,2023-03-27T14:41:23.292,72.020,35.614,66.738,-28.220
1679946083312,2023-03-27T14:41:23.312,72.040,27.130,53.068,-30.255
1679946083332,2023-03-27T14:41:23.332,72.060,22.401,34.066,-26.349
1679946083352,2023-03-27T14:41:23.352,72.080,23.925,29.306,-19.649
1679946083372,2023-03-27T14:41:23.372,72.100,27.683,1.871,-19.318
1679946083392,2023-03-27T14:41:23.392,72.120,28.899,-45.095,-13.232
1679946083412,2023-03-27T14:41:23.412,72.140,13.102,-81.665,-16.471
1679946083432,2023-03-27T14:41:23.432,72.160,-12.302,-87.489,-31.578
1679946083452,2023-03-27T14:41:23.452,72.180,-3.415,-55.187,-37.877
1679946083472,2023-03-27T14:41:23.472,72.200,25.217,-34.722,-51.822
1679946083492,2023-03-27T14:41:23.492,72.220,33.491,-13.369,-51.578
1679946083512,2023-03-27T14:41:23.512,72.240,23.864,-10.206,-44.520
1679946083532,2023-03-27T14:41:23.532,72.260,20.206,-7.832,-39.695
1679946083552,2023-03-27T14:41:23.552,72.280,23.544,6.547,-45.107
1679946083572,2023-03-27T14:41:23.572,72.300,22.713,11.117,-50.949
1679946083592,2023-03-27T14:41:23.592,72.320,16.296,6.631,-50.896
1679946083612,2023-03-27T14:41:23.612,72.340,3.201,7.954,-49.325
1679946083632,2023-03-27T14:41:23.632,72.360,-0.408,16.940,-51.189
1679946083652,2023-03-27T14:41:23.652,72.380,6.178,34.032,-51.345
1679946083672,2023-03-27T14:41:23.672,72.400,11.059,42.332,-52.351
1679946083692,2023-03-27T14:41:23.692,72.420,18.194,34.184,-55.236
1679946083712,2023-03-27T14:41:23.712,72.440,22.832,14.200,-58.491
1679946083732,2023-03-27T14:41:23.732,72.460,24.901,-8.727,-55.709
1679946083752,2023-03-27T14:41:23.752,72.480,30.568,-20.903,-50.572
1679946083772,2023-03-27T14:41:23.772,72.500,45.168,-15.297,-47.062
1679946083792,2023-03-27T14:41:23.792,72.520,80.720,-9.745,-47.005
1679946083812,2023-03-27T14:41:23.812,72.540,101.185,-8.830,-32.336
1679946083832,2023-03-27T14:41:23.832,72.560,120.274,1.300,-15.328
1679946083852,2023-03-27T14:41:23.852,72.580,122.207,9.272,-2.195
1679946083872,2023-03-27T14:41:23.872,72.600,92.976,-0.480,5.377
1679946083892,2023-03-27T14:41:23.892,72.620,69.931,-16.166,30.000
1679946083912,2023-03-27T14:41:23.912,72.640,84.943,-44.207,23.277
1679946083932,2023-03-27T14:41:23.932,72.660,87.466,-68.072,3.114
1679946083952,2023-03-27T14:41:23.952,72.680,97.954,-46.002,2.298
1679946083972,2023-03-27T14:41:23.972,72.700,122.580,-7.572,3.510
1679946083992,2023-03-27T14:41:23.992,72.720,124.874,54.306,0.979
1679946084012,2023-03-27T14:41:24.012,72.740,124.543,124.874,-4.204
1679946084032,2023-03-27T14:41:24.032,72.760,120.088,111.109,17.569
1679946084052,2023-03-27T14:41:24.052,72.780,83.121,-27.241,47.683
1679946084072,2023-03-27T14:41:24.072,72.800,60.953,-124.874,47.355
1679946084092,2023-03-27T14:41:24.092,72.820,46.814,-124.874,26.136
1679946084112,2023-03-27T14:41:24.112,72.840,25.324,-122.809,-6.105
1679946084132,2023-03-27T14:41:24.132,72.860,23.933,-124.874,-38.445
1679946084152,2023-03-27T14:41:24.152,72.880,36.326,-124.874,-73.986
1679946084172,2023-03-27T14:41:24.172,72.900,48.136,-120.156,-105.709
1679946084192,2023-03-27T14:41:24.192,72.920,50.827,-110.926,-118.960
1679946084212,2023-03-27T14:41:24.212,72.940,24.268,-124.447,-124.234
1679946084232,2023-03-27T14:41:24.232,72.960,-20.888,-124.874,-124.874
1679946084252,2023-03-27T14:41:24.252,72.980,-67.492,-124.642,-124.836
1679946084272,2023-03-27T14:41:24.272,73.000,-106.124,-124.840,-124.855
1679946084292,2023-03-27T14:41:24.292,73.020,-124.874,-124.874,-124.874
1679946084312,2023-03-27T14:41:24.312,73.040,-124.874,-124.874,-124.874
1679946084332,2023-03-27T14:41:24.332,73.060,-124.482,-124.874,-124.874
1679946084352,2023-03-27T14:41:24.352,73.080,-124.874,-124.874,-124.874
1679946084372,2023-03-27T14:41:24.372,73.100,-124.874,-58.518,-124.874
1679946084392,2023-03-27T14:41:24.392,73.120,-89.364,106.555,-124.874
1679946084412,2023-03-27T14:41:24.412,73.140,40.095,124.874,-124.874
1679946084432,2023-03-27T14:41:24.432,73.160,124.874,122.984,-124.874
1679946084452,2023-03-27T14:41:24.452,73.180,124.874,124.146,-97.260
1679946084472,2023-03-27T14:41:24.472,73.200,87.530,114.840,-39.036
1679946084492,2023-03-27T14:41:24.492,73.220,46.490,53.613,-29.520
1679946084512,2023-03-27T14:41:24.512,73.240,11.860,-0.842,-21.921
1679946084532,2023-03-27T14:41:24.532,73.260,-28.171,-52.957,-22.149
1679946084552,2023-03-27T14:41:24.552,73.280,-38.712,-72.919,-11.890
1679946084572,2023-03-27T14:41:24.572,73.300,-1.521,-28.327,22.752
1679946084592,2023-03-27T14:41:24.592,73.320,4.543,11.018,21.787
1679946084612,2023-03-27T14:41:24.612,73.340,-14.082,-26.261,5.598
1679946084632,2023-03-27T14:41:24.632,73.360,-16.970,-71.349,3.994
1679946084652,2023-03-27T14:41:24.652,73.380,-21.852,-65.076,1.940
1679946084672,2023-03-27T14:41:24.672,73.400,-28.556,-37.919,-2.275
1679946084692,2023-03-27T14:41:24.692,73.420,-20.854,-7.386,-11.021
1679946084712,2023-03-27T14:41:24.712,73.440,-3.525,25.370,-15.572
1679946084732,2023-03-27T14:41:24.732,73.460,8.563,50.514,-13.136
1679946084752,2023-03-27T14:41:24.752,73.480,14.413,55.313,-8.037
1679946084772,2023-03-27T14:41:24.772,73.500,15.091,35.572,-0.945
1679946084792,2023-03-27T14:41:24.792,73.520,9.889,4.398,4.116
1679946084812,2023-03-27T14:41:24.812,73.540,2.348,-14.554,1.951
1679946084832,2023-03-27T14:41:24.832,73.560,-2.237,-12.938,-2.664
1679946084852,2023-03-27T14:41:24.852,73.580,-2.881,-3.300,-3.887
1679946084872,2023-03-27T14:41:24.872,73.600,-2.393,1.368,-2.702
1679946084892,2023-03-27T14:41:24.892,73.620,-2.233,-0.526,-1.932
1679946084912,2023-03-27T14:41:24.912,73.640,-2.466,-3.750,-2.359
1679946084932,2023-03-27T14:41:24.932,73.660,-2.389,-4.581,-2.614
1679946084952,2023-03-27T14:41:24.952,73.680,-1.627,-2.466,-2.832
1679946084972,2023-03-27T14:41:24.972,73.700,-0.652,-0.061,-3.830
1679946084992,2023-03-27T14:41:24.992,73.720,-0.800,0.141,-4.718
1679946085012,2023-03-27T14:41:25.012,73.740,-2.058,-0.381,-4.314
1679946085032,2023-03-27T14:41:25.032,73.760,-2.226,-0.385,-3.041
1679946085052,2023-03-27T14:41:25.052,73.780,-1.433,0.030,-1.875
1679946085072,2023-03-27T14:41:25.072,73.800,-0.667,-0.008,-0.850
1679946085092,2023-03-27T14:41:25.092,73.820,0.339,-0.701,-0.438
1679946085112,2023-03-27T14:41:25.112,73.840,1.239,-0.972,-0.739
1679946085132,2023-03-27T14:41:25.132,73.860,1.566,-1.235,-1.159
1679946085152,2023-03-27T14:41:25.152,73.880,0.850,-1.734,-1.715
1679946085172,2023-03-27T14:41:25.172,73.900,-0.114,-1.383,-2.066
1679946085192,2023-03-27T14:41:25.192,73.920,0.777,-0.213,-2.039
1679946085212,2023-03-27T14:41:25.212,73.940,1.524,1.749,-1.959
1679946085232,2023-03-27T14:41:25.232,73.960,1.795,2.980,-2.012
1679946085252,2023-03-27T14:41:25.252,73.980,2.092,3.361,-1.860
1679946085272,2023-03-27T14:41:25.272,74.000,2.207,3.285,-1.303
1679946085292,2023-03-27T14:41:25.292,74.020,1.654,3.026,-0.934
1679946085312,2023-03-27T14:41:25.312,74.040,0.865,2.595,-0.899
1679946085332,2023-03-27T14:41:25.332,74.060,0.297,1.944,-1.033
1679946085352,2023-03-27T14:41:25.352,74.080,0.614,0.869,-0.957
1679946085372,2023-03-27T14:41:25.372,74.100,0.621,-0.244,-0.602
1679946085392,2023-03-27T14:41:25.392,74.120,0.663,-0.541,-0.633
1679946085412,2023-03-27T14:41:25.412,74.140,1.159,0.667,-0.633
1679946085432,2023-03-27T14:41:25.432,74.160,1.269,2.039,-0.896
1679946085452,2023-03-27T14:41:25.452,74.180,0.709,2.565,-1.155
1679946085472,2023-03-27T14:41:25.472,74.200,0.671,2.466,-1.143
1679946085492,2023-03-27T14:41:25.492,74.220,1.277,1.620,-0.621
1679946085512,2023-03-27T14:41:25.512,74.240,1.292,0.393,-0.343
1679946085532,2023-03-27T14:41:25.532,74.260,0.534,-0.480,-0.633
1679946085552,2023-03-27T14:41:25.552,74.280,0.061,-0.080,-1.315
1679946085572,2023-03-27T14:41:25.572,74.300,0.415,0.320,-1.292
1679946085592,2023-03-27T14:41:25.592,74.320,0.126,0.427,-1.231
1679946085612,2023-03-27T14:41:25.612,74.340,0.720,0.636,-0.995
1679946085632,2023-03-27T14:41:25.632,74.360,1.505,1.014,-0.404
1679946085652,2023-03-27T14:41:25.652,74.380,1.963,1.159,-0.316
1679946085672,2023-03-27T14:41:25.672,74.400,2.553,1.261,-0.324
1679946085692,2023-03-27T14:41:25.692,74.420,2.885,1.513,-0.347
1679946085712,2023-03-27T14:41:25.712,74.440,2.294,1.719,-0.690
1679946085732,2023-03-27T14:41:25.732,74.460,1.753,1.269,-1.098
1679946085752,2023-03-27T14:41:25.752,74.480,1.482,0.499,-1.208
1679946085772,2023-03-27T14:41:25.772,74.500,0.995,0.191,-0.842
1679946085792,2023-03-27T14:41:25.792,74.520,0.370,0.271,-0.736
1679946085812,2023-03-27T14:41:25.812,74.540,0.484,0.244,-0.514
1679946085832,2023-03-27T14:41:25.832,74.560,0.694,0.335,-0.427
1679946085852,2023-03-27T14:41:25.852,74.580,0.644,0.705,-0.499
1679946085872,2023-03-27T14:41:25.872,74.600,0.595,1.075,-0.682
1679946085892,2023-03-27T14:41:25.892,74.620,0.709,1.181,-0.991
1679946085912,2023-03-27T14:41:25.912,74.640,1.006,1.227,-1.132
1679946085932,2023-03-27T14:41:25.932,74.660,1.235,1.033,-1.117
1679946085952,2023-03-27T14:41:25.952,74.680,1.490,1.029,-0.968
1679946085972,2023-03-27T14:41:25.972,74.700,1.479,1.189,-0.709
1679946085992,2023-03-27T14:41:25.992,74.720,1.082,0.857,-0.518
1679946086012,2023-03-27T14:41:26.012,74.740,0.850,0.450,-0.537
1679946086032,2023-03-27T14:41:26.032,74.760,0.755,0.301,-0.572
1679946086052,2023-03-27T14:41:26.052,74.780,0.713,0.659,-0.793
1679946086072,2023-03-27T14:41:26.072,74.800,0.777,0.595,-1.132
1679946086092,2023-03-27T14:41:26.092,74.820,0.880,-0.050,-1.143
1679946086112,2023-03-27T14:41:26.112,74.840,0.823,-0.393,-1.044
1679946086132,2023-03-27T14:41:26.132,74.860,1.200,-0.438,-0.941
1679946086152,2023-03-27T14:41:26.152,74.880,1.269,-0.126,-0.640
1679946086172,2023-03-27T14:41:26.172,74.900,0.762,0.076,-0.621
1679946086192,2023-03-27T14:41:26.192,74.920,0.743,0.385,-0.667
1679946086212,2023-03-27T14:41:26.212,74.940,1.155,0.880,-0.442
1679946086232,2023-03-27T14:41:26.232,74.960,0.960,0.968,-0.381
1679946086252,2023-03-27T14:41:26.252,74.980,0.469,0.598,-0.644
1679946086272,2023-03-27T14:41:26.272,75.000,0.652,0.232,-0.926
1679946086292,2023-03-27T14:41:26.292,75.020,0.720,-0.004,-1.139
1679946086312,2023-03-27T14:41:26.312,75.040,0.659,-0.152,-1.090
1679946086332,2023-03-27T14:41:26.332,75.060,0.313,-0.023,-1.204
1679946086352,2023-03-27T14:41:26.352,75.080,0.347,0.187,-1.200
1679946086372,2023-03-27T14:41:26.372,75.100,0.556,0.332,-0.976
1679946086392,2023-03-27T14:41:26.392,75.120,1.037,0.457,-0.949
1679946086412,2023-03-27T14:41:26.412,75.140,0.880,0.156,-0.838
1679946086432,2023-03-27T14:41:26.432,75.160,0.088,-0.141,-1.132
1679946086452,2023-03-27T14:41:26.452,75.180,0.088,-0.133,-1.364
1679946086472,2023-03-27T14:41:26.472,75.200,1.242,0.160,-0.701
1679946086492,2023-03-27T14:41:26.492,75.220,1.585,0.111,-0.320
1679946086512,2023-03-27T14:41:26.512,75.240,0.442,-0.210,-1.021
1679946086532,2023-03-27T14:41:26.532,75.260,-0.549,-0.252,-1.726
1679946086552,2023-03-27T14:41:26.552,75.280,-0.461,-0.480,-1.563
1679946086572,2023-03-27T14:41:26.572,75.300,0.225,-0.816,-0.998
1679946086592,2023-03-27T14:41:26.592,75.320,0.587,-0.495,-0.899
1679946086612,2023-03-27T14:41:26.612,75.340,0.210,0.156,-1.101
1679946086632,2023-03-27T14:41:26.632,75.360,0.389,0.015,-1.143
1679946086652,2023-03-27T14:41:26.652,75.380,0.964,-0.244,-0.633
1679946086672,2023-03-27T14:41:26.672,75.400,1.353,-0.210,-0.427
1679946086692,2023-03-27T14:41:26.692,75.420,0.915,-0.347,-0.587
1679946086712,2023-03-27T14:41:26.712,75.440,0.095,-0.899,-1.109
1679946086732,2023-03-27T14:41:26.732,75.460,0.000,-0.785,-1.174
1679946086752,2023-03-27T14:41:26.752,75.480,0.412,-0.099,-0.869
1679946086772,2023-03-27T14:41:26.772,75.500,0.945,0.457,-0.816
1679946086792,2023-03-27T14:41:26.792,75.520,0.709,0.377,-0.979
1679946086812,2023-03-27T14:41:26.812,75.540,0.526,0.042,-1.239
1679946086832,2023-03-27T14:41:26.832,75.560,0.484,-0.328,-1.124
1679946086852,2023-03-27T14:41:26.852,75.580,0.263,-0.499,-1.178
1679946086872,2023-03-27T14:41:26.872,75.600,0.111,-0.160,-1.380
1679946086892,2023-03-27T14:41:26.892,75.620,0.236,0.278,-1.250
1679946086912,2023-03-27T14:41:26.912,75.640,0.789,0.728,-1.113
1679946086932,2023-03-27T14:41:26.932,75.660,1.117,1.029,-0.774
1679946086952,2023-03-27T14:41:26.952,75.680,1.444,0.907,-0.549
1679946086972,2023-03-27T14:41:26.972,75.700,1.620,0.998,-0.583
1679946086992,2023-03-27T14:41:26.992,75.720,1.220,0.972,-0.678
1679946087012,2023-03-27T14:41:27.012,75.740,1.048,0.659,-0.667
1679946087032,2023-03-27T14:41:27.032,75.760,0.915,0.446,-0.781
1679946087052,2023-03-27T14:41:27.052,75.780,0.865,0.225,-0.716
1679946087072,2023-03-27T14:41:27.072,75.800,0.983,-0.118,-0.659
1679946087092,2023-03-27T14:41:27.092,75.820,0.518,-0.556,-0.762
1679946087112,2023-03-27T14:41:27.112,75.840,0.328,-0.865,-1.006
1679946087132,2023-03-27T14:41:27.132,75.860,0.854,-0.614,-0.781
1679946087152,2023-03-27T14:41:27.152,75.880,1.261,-0.145,-0.450
1679946087172,2023-03-27T14:41:27.172,75.900,1.250,0.198,-0.255
1679946087192,2023-03-27T14:41:27.192,75.920,1.021,0.484,-0.434
1679946087212,2023-03-27T14:41:27.212,75.940,1.033,0.595,-0.652
1679946087232,2023-03-27T14:41:27.232,75.960,1.143,0.732,-0.564
1679946087252,2023-03-27T14:41:27.252,75.980,1.330,1.067,-0.511
1679946087272,2023-03-27T14:41:27.272,76.000,1.372,1.101,-0.492
1679946087292,2023-03-27T14:41:27.292,76.020,1.006,0.583,-0.747
1679946087312,2023-03-27T14:41:27.312,76.040,0.560,-0.221,-0.983
1679946087332,2023-03-27T14:41:27.332,76.060,0.324,-0.720,-1.288
1679946087352,2023-03-27T14:41:27.352,76.080,0.133,-0.850,-1.231
1679946087372,2023-03-27T14:41:27.372,76.100,0.556,-0.667,-1.067
1679946087392,2023-03-27T14:41:27.392,76.120,1.139,-0.171,-0.556
1679946087412,2023-03-27T14:41:27.412,76.140,0.938,0.507,-0.598
1679946087432,2023-03-27T14:41:27.432,76.160,0.671,1.181,-1.059
1679946087452,2023-03-27T14:41:27.452,76.180,1.543,1.425,-0.678
1679946087472,2023-03-27T14:41:27.472,76.200,2.454,1.288,0.225
1679946087492,2023-03-27T14:41:27.492,76.220,1.951,0.995,0.267
1679946087512,2023-03-27T14:41:27.512,76.240,0.762,0.545,-0.598
1679946087532,2023-03-27T14:41:27.532,76.260,0.373,0.248,-0.976
1679946087552,2023-03-27T14:41:27.552,76.280,0.694,-0.141,-0.781
1679946087572,2023-03-27T14:41:27.572,76.300,0.922,-0.423,-0.652
1679946087592,2023-03-27T14:41:27.592,76.320,0.690,-0.484,-0.861
1679946087612,2023-03-27T14:41:27.612,76.340,0.621,-0.537,-1.120
1679946087632,2023-03-27T14:41:27.632,76.360,1.437,0.088,-0.678
1679946087652,2023-03-27T14:41:27.652,76.380,2.153,1.265,-0.290
1679946087672,2023-03-27T14:41:27.672,76.400,1.806,1.467,-0.198
1679946087692,2023-03-27T14:41:27.692,76.420,1.010,0.823,-0.518
1679946087712,2023-03-27T14:41:27.712,76.440,0.526,0.419,-0.850
1679946087732,2023-03-27T14:41:27.732,76.460,0.827,0.560,-0.751
1679946087752,2023-03-27T14:41:27.752,76.480,1.300,0.739,-0.518
1679946087772,2023-03-27T14:41:27.772,76.500,1.002,0.484,-0.602
1679946087792,2023-03-27T14:41:27.792,76.520,0.579,0.011,-0.896
1679946087812,2023-03-27T14:41:27.812,76.540,0.541,-0.164,-0.960
1679946087832,2023-03-27T14:41:27.832,76.560,0.747,-0.438,-0.854
1679946087852,2023-03-27T14:41:27.852,76.580,0.591,-0.545,-0.884
1679946087872,2023-03-27T14:41:27.872,76.600,0.412,-0.324,-0.998
1679946087892,2023-03-27T14:41:27.892,76.620,0.705,-0.023,-0.865
1679946087912,2023-03-27T14:41:27.912,76.640,1.052,0.377,-0.690
1679946087932,2023-03-27T14:41:27.932,76.660,1.277,0.774,-0.617
1679946087952,2023-03-27T14:41:27.952,76.680,1.543,1.067,-0.553
1679946087972,2023-03-27T14:41:27.972,76.700,1.730,1.296,-0.457
1679946087992,2023-03-27T14:41:27.992,76.720,1.620,1.380,-0.351
1679946088012,2023-03-27T14:41:28.012,76.740,1.475,1.037,-0.347
1679946088032,2023-03-27T14:41:28.032,76.760,1.136,0.400,-0.343
1679946088052,2023-03-27T14:41:28.052,76.780,0.606,0.072,-0.602
1679946088072,2023-03-27T14:41:28.072,76.800,0.389,0.053,-0.979
1679946088092,2023-03-27T14:41:28.092,76.820,0.652,0.469,-0.922
1679946088112,2023-03-27T14:41:28.112,76.840,0.774,0.709,-0.865
1679946088132,2023-03-27T14:41:28.132,76.860,0.842,0.217,-0.865
1679946088152,2023-03-27T14:41:28.152,76.880,0.663,-0.507,-0.690
1679946088172,2023-03-27T14:41:28.172,76.900,0.320,-0.575,-0.770
1679946088192,2023-03-27T14:41:28.192,76.920,0.774,0.030,-0.766
1679946088212,2023-03-27T14:41:28.212,76.940,1.277,0.770,-0.408
1679946088232,2023-03-27T14:41:28.232,76.960,1.589,1.265,-0.236
1679946088252,2023-03-27T14:41:28.252,76.980,1.684,1.505,-0.267
1679946088272,2023-03-27T14:41:28.272,77.000,1.654,1.357,-0.427
1679946088292,2023-03-27T14:41:28.292,77.020,1.471,0.758,-0.469
1679946088312,2023-03-27T14:41:28.312,77.040,1.269,-0.015,-0.694
1679946088332,2023-03-27T14:41:28.332,77.060,0.938,-0.152,-0.926
1679946088352,2023-03-27T14:41:28.352,77.080,0.461,-0.011,-1.048
1679946088372,2023-03-27T14:41:28.372,77.100,0.850,0.488,-0.728
1679946088392,2023-03-27T14:41:28.392,77.120,1.357,1.376,-0.373
1679946088412,2023-03-27T14:41:28.412,77.140,1.098,1.745,-0.495
1679946088432,2023-03-27T14:41:28.432,77.160,1.208,1.421,-0.732
1679946088452,2023-03-27T14:41:28.452,77.180,1.620,0.758,-0.305
1679946088472,2023-03-27T14:41:28.472,77.200,1.502,-0.034,-0.179
1679946088492,2023-03-27T14:41:28.492,77.220,0.694,-0.309,-0.610
1679946088512,2023-03-27T14:41:28.512,77.240,0.358,-0.278,-0.964
1679946088532,2023-03-27T14:41:28.532,77.260,1.082,0.095,-0.678
1679946088552,2023-03-27T14:41:28.552,77.280,1.658,0.553,-0.194
1679946088572,2023-03-27T14:41:28.572,77.300,1.006,0.400,-0.743
1679946088592,2023-03-27T14:41:28.592,77.320,0.861,0.080,-1.159
1679946088612,2023-03-27T14:41:28.612,77.340,0.579,-0.282,-0.880
1679946088632,2023-03-27T14:41:28.632,77.360,0.583,-0.644,-0.739
1679946088652,2023-03-27T14:41:28.652,77.380,0.899,-0.370,-0.583
1679946088672,2023-03-27T14:41:28.672,77.400,0.896,0.267,-0.499
1679946088692,2023-03-27T14:41:28.692,77.420,0.781,0.812,-0.732
1679946088712,2023-03-27T14:41:28.712,77.440,1.132,1.101,-0.690
1679946088732,2023-03-27T14:41:28.732,77.460,1.616,1.170,-0.313
1679946088752,2023-03-27T14:41:28.752,77.480,1.692,1.021,-0.347
1679946088772,2023-03-27T14:41:28.772,77.500,1.315,0.171,-0.556
1679946088792,2023-03-27T14:41:28.792,77.520,0.995,-0.938,-0.412
1679946088812,2023-03-27T14:41:28.812,77.540,0.690,-0.861,-0.530
1679946088832,2023-03-27T14:41:28.832,77.560,0.629,-0.313,-0.964
1679946088852,2023-03-27T14:41:28.852,77.580,0.541,0.080,-1.159
1679946088872,2023-03-27T14:41:28.872,77.600,0.476,0.027,-1.197
1679946088892,2023-03-27T14:41:28.892,77.620,0.926,-0.095,-0.842
1679946088912,2023-03-27T14:41:28.912,77.640,1.292,-0.126,-0.568
1679946088932,2023-03-27T14:41:28.932,77.660,1.250,0.095,-0.595
1679946088952,2023-03-27T14:41:28.952,77.680,1.124,0.579,-0.755
1679946088972,2023-03-27T14:41:28.972,77.700,1.490,1.178,-0.636
1679946088992,2023-03-27T14:41:28.992,77.720,1.589,1.380,-0.316
1679946089012,2023-03-27T14:41:29.012,77.740,1.277,1.197,-0.332
1679946089032,2023-03-27T14:41:29.032,77.760,1.128,1.261,-0.534
1679946089052,2023-03-27T14:41:29.052,77.780,1.204,1.559,-0.777
1679946089072,2023-03-27T14:41:29.072,77.800,1.128,0.732,-0.438
1679946089092,2023-03-27T14:41:29.092,77.820,0.255,-0.606,-0.610
1679946089112,2023-03-27T14:41:29.112,77.840,0.198,-0.861,-1.128
1679946089132,2023-03-27T14:41:29.132,77.860,0.534,-0.400,-0.884
1679946089152,2023-03-27T14:41:29.152,77.880,0.575,-0.595,-0.572
1679946089172,2023-03-27T14:41:29.172,77.900,0.690,-0.838,-0.412
1679946089192,2023-03-27T14:41:29.192,77.920,0.926,-0.354,-0.412
1679946089212,2023-03-27T14:41:29.212,77.940,1.151,0.255,-0.518
1679946089232,2023-03-27T14:41:29.232,77.960,1.475,0.347,-0.389
1679946089252,2023-03-27T14:41:29.252,77.980,1.711,0.011,-0.263
1679946089272,2023-03-27T14:41:29.272,78.000,1.410,-0.518,-0.316
1679946089292,2023-03-27T14:41:29.292,78.020,0.835,-0.930,-0.514
1679946089312,2023-03-27T14:41:29.312,78.040,-0.095,-1.509,-0.408
1679946089332,2023-03-27T14:41:29.332,78.060,-1.147,-3.643,0.347
1679946089352,2023-03-27T14:41:29.352,78.080,-1.162,-5.324,1.044
1679946089372,2023-03-27T14:41:29.372,78.100,-0.259,-6.227,1.151
1679946089392,2023-03-27T14:41:29.392,78.120,0.438,-10.983,1.547
1679946089412,2023-03-27T14:41:29.412,78.140,-1.368,-17.035,2.439
1679946089432,2023-03-27T14:41:29.432,78.160,-2.203,-18.556,3.590
1679946089452,2023-03-27T14:41:29.452,78.180,-2.214,-17.519,4.009
1679946089472,2023-03-27T14:41:29.472,78.200,-2.363,-15.873,2.527
1679946089492,2023-03-27T14:41:29.492,78.220,-3.906,-13.175,2.111
1679946089512,2023-03-27T14:41:29.512,78.240,-3.925,-10.621,2.207
1679946089532,2023-03-27T14:41:29.532,78.260,-1.711,-7.146,2.336
1679946089552,2023-03-27T14:41:29.552,78.280,0.377,-3.483,1.837
1679946089572,2023-03-27T14:41:29.572,78.300,0.979,-0.835,0.983
1679946089592,2023-03-27T14:41:29.592,78.320,0.351,-0.625,0.415
1679946089612,2023-03-27T14:41:29.612,78.340,0.004,-1.662,0.126
1679946089632,2023-03-27T14:41:29.632,78.360,0.370,-1.639,0.088
1679946089652,2023-03-27T14:41:29.652,78.380,0.716,-2.999,0.553
1679946089672,2023-03-27T14:41:29.672,78.400,-0.804,-12.119,2.340
1679946089692,2023-03-27T14:41:29.692,78.420,-4.607,-24.817,2.694
1679946089712,2023-03-27T14:41:29.712,78.440,-2.752,-37.477,5.259
1679946089732,2023-03-27T14:41:29.732,78.460,-1.467,-43.361,18.014
1679946089752,2023-03-27T14:41:29.752,78.480,-14.649,-63.117,37.119
1679946089772,2023-03-27T14:41:29.772,78.500,-32.275,-92.847,55.941
1679946089792,2023-03-27T14:41:29.792,78.520,-26.944,-89.066,78.617
1679946089812,2023-03-27T14:41:29.812,78.540,-10.739,-43.891,110.610
1679946089832,2023-03-27T14:41:29.832,78.560,-0.362,8.075,124.874
1679946089852,2023-03-27T14:41:29.852,78.580,8.060,33.670,124.874
1679946089872,2023-03-27T14:41:29.872,78.600,8.438,19.322,124.566
1679946089892,2023-03-27T14:41:29.892,78.620,-7.580,-24.695,124.874
1679946089912,2023-03-27T14:41:29.912,78.640,-30.671,-66.997,124.874
1679946089932,2023-03-27T14:41:29.932,78.660,-42.485,-82.851,124.870
1679946089952,2023-03-27T14:41:29.952,78.680,-45.198,-70.038,124.874
1679946089972,2023-03-27T14:41:29.972,78.700,-43.377,-40.339,124.874
1679946089992,2023-03-27T14:41:29.992,78.720,-39.234,-12.790,124.874
1679946090012,2023-03-27T14:41:30.012,78.740,-44.131,1.418,124.874
1679946090032,2023-03-27T14:41:30.032,78.760,-56.749,-8.110,124.874
1679946090052,2023-03-27T14:41:30.052,78.780,-68.361,-25.804,124.874
1679946090072,2023-03-27T14:41:30.072,78.800,-76.764,-42.024,124.874
1679946090092,2023-03-27T14:41:30.092,78.820,-81.486,-47.176,124.874
1679946090112,2023-03-27T14:41:30.112,78.840,-79.878,-33.678,124.874
1679946090132,2023-03-27T14:41:30.132,78.860,-74.741,-19.790,124.874
1679946090152,2023-03-27T14:41:30.152,78.880,-74.123,-20.998,119.089
1679946090172,2023-03-27T14:41:30.172,78.900,-73.373,-30.152,97.950
1679946090192,2023-03-27T14:41:30.192,78.920,-69.032,-33.377,79.051
1679946090212,2023-03-27T14:41:30.212,78.940,-61.029,-21.936,57.919
1679946090232,2023-03-27T14:41:30.232,78.960,-47.359,-0.511,36.418
1679946090252,2023-03-27T14:41:30.252,78.980,-32.950,19.425,24.253
1679946090272,2023-03-27T14:41:30.272,79.000,-26.021,23.175,17.191
1679946090292,2023-03-27T14:41:30.292,79.020,-29.889,11.711,8.590
1679946090312,2023-03-27T14:41:30.312,79.040,-36.433,1.601,1.704
1679946090332,2023-03-27T14:41:30.332,79.060,-35.945,-2.748,-1.166
1679946090352,2023-03-27T14:41:30.352,79.080,-34.985,-8.056,-1.189
1679946090372,2023-03-27T14:41:30.372,79.100,-35.945,-12.847,1.376
1679946090392,2023-03-27T14:41:30.392,79.120,-34.546,-15.122,1.193
1679946090412,2023-03-27T14:41:30.412,79.140,-25.743,-8.803,-1.867
1679946090432,2023-03-27T14:41:30.432,79.160,-16.300,-1.856,-1.650
1679946090452,2023-03-27T14:41:30.452,79.180,-10.431,1.612,-0.541
1679946090472,2023-03-27T14:41:30.472,79.200,-5.610,5.938,-0.892
1679946090492,2023-03-27T14:41:30.492,79.220,-1.235,8.441,-2.088
1679946090512,2023-03-27T14:41:30.512,79.240,-0.412,4.394,-1.700
1679946090532,2023-03-27T14:41:30.532,79.260,-3.117,-5.899,0.385
1679946090552,2023-03-27T14:41:30.552,79.280,-7.123,-16.197,2.302
1679946090572,2023-03-27T14:41:30.572,79.300,-12.550,-19.356,3.430
1679946090592,2023-03-27T14:41:30.592,79.320,-15.678,-11.955,5.427
1679946090612,2023-03-27T14:41:30.612,79.340,-16.452,-3.293,7.290
1679946090632,2023-03-27T14:41:30.632,79.360,-17.294,2.496,10.183
1679946090652,2023-03-27T14:41:30.652,79.380,-17.309,3.064,12.832
1679946090672,2023-03-27T14:41:30.672,79.400,-18.209,-5.716,12.332
1679946090692,2023-03-27T14:41:30.692,79.420,-20.080,-15.137,10.606
1679946090712,2023-03-27T14:41:30.712,79.440,-20.229,-14.634,7.824
1679946090732,2023-03-27T14:41:30.732,79.460,-15.316,-5.297,5.389
1679946090752,2023-03-27T14:41:30.752,79.480,-10.217,4.333,4.386
1679946090772,2023-03-27T14:41:30.772,79.500,-8.495,8.853,3.411
1679946090792,2023-03-27T14:41:30.792,79.520,-9.912,8.205,0.095
1679946090812,2023-03-27T14:41:30.812,79.540,-15.553,8.194,-5.320
1679946090832,2023-03-27T14:41:30.832,79.560,-22.412,9.512,-11.509
1679946090852,2023-03-27T14:41:30.852,79.580,-29.562,13.270,-24.653
1679946090872,2023-03-27T14:41:30.872,79.600,-25.442,7.611,-47.409
1679946090892,2023-03-27T14:41:30.892,79.620,-0.617,34.245,-17.965
1679946090912,2023-03-27T14:41:30.912,79.640,19.379,32.515,5.297
1679946090932,2023-03-27T14:41:30.932,79.660,7.618,2.504,-5.861
1679946090952,2023-03-27T14:41:30.952,79.680,3.045,-2.005,-12.119
1679946090972,2023-03-27T14:41:30.972,79.700,4.779,15.842,-16.505
1679946090992,2023-03-27T14:41:30.992,79.720,8.335,20.930,-14.055
1679946091012,2023-03-27T14:41:31.012,79.740,1.757,4.482,-10.206
1679946091032,2023-03-27T14:41:31.032,79.760,-1.227,-4.428,-5.678
1679946091052,2023-03-27T14:41:31.052,79.780,2.435,-3.880,-0.396
1679946091072,2023-03-27T14:41:31.072,79.800,6.399,1.235,0.351
1679946091092,2023-03-27T14:41:31.092,79.820,7.858,7.229,-1.536
1679946091112,2023-03-27T14:41:31.112,79.840,6.181,9.638,-2.374
1679946091132,2023-03-27T14:41:31.132,79.860,2.153,2.527,-4.024
1679946091152,2023-03-27T14:41:31.152,79.880,-1.925,-6.852,-4.230
1679946091172,2023-03-27T14:41:31.172,79.900,-1.502,-4.931,-4.909
1679946091192,2023-03-27T14:41:31.192,79.920,1.406,1.071,-4.931
1679946091212,2023-03-27T14:41:31.212,79.940,2.473,3.933,-4.859
1679946091232,2023-03-27T14:41:31.232,79.960,3.830,7.649,-4.184
1679946091252,2023-03-27T14:41:31.252,79.980,5.408,10.431,-2.363
1679946091272,2023-03-27T14:41:31.272,80.000,5.526,7.306,0.004
1679946091292,2023-03-27T14:41:31.292,80.020,7.934,-0.499,4.676
1679946091312,2023-03-27T14:41:31.312,80.040,16.143,-11.631,10.187
1679946091332,2023-03-27T14:41:31.332,80.060,23.739,-16.810,8.479
1679946091352,2023-03-27T14:41:31.352,80.080,29.192,-14.405,5.076
1679946091372,2023-03-27T14:41:31.372,80.100,29.146,-11.418,9.646
1679946091392,2023-03-27T14:41:31.392,80.120,32.466,-9.695,19.714
1679946091412,2023-03-27T14:41:31.412,80.140,28.498,-20.354,20.705
1679946091432,2023-03-27T14:41:31.432,80.160,17.435,-35.995,16.284
1679946091452,2023-03-27T14:41:31.452,80.180,10.187,-37.279,11.273
1679946091472,2023-03-27T14:41:31.472,80.200,6.284,-27.069,3.975
1679946091492,2023-03-27T14:41:31.492,80.220,5.282,-15.053,-4.928
1679946091512,2023-03-27T14:41:31.512,80.240,5.934,-2.759,-11.513
1679946091532,2023-03-27T14:41:31.532,80.260,8.861,9.432,-14.794
1679946091552,2023-03-27T14:41:31.552,80.280,13.659,17.938,-14.573
1679946091572,2023-03-27T14:41:31.572,80.300,16.059,21.772,-11.726
1679946091592,2023-03-27T14:41:31.592,80.320,15.545,17.119,-7.092
1679946091612,2023-03-27T14:41:31.612,80.340,10.442,5.229,-2.664
1679946091632,2023-03-27T14:41:31.632,80.360,4.192,-5.122,0.324
1679946091652,2023-03-27T14:41:31.652,80.380,1.033,-8.418,1.467
1679946091672,2023-03-27T14:41:31.672,80.400,0.454,-5.785,1.719
1679946091692,2023-03-27T14:41:31.692,80.420,0.450,-2.382,0.762
1679946091712,2023-03-27T14:41:31.712,80.440,-0.293,0.838,-1.368
1679946091732,2023-03-27T14:41:31.732,80.460,0.042,5.099,-3.236
1679946091752,2023-03-27T14:41:31.752,80.480,-0.160,9.009,-4.882
1679946091772,2023-03-27T14:41:31.772,80.500,-0.259,11.864,-6.200
1679946091792,2023-03-27T14:41:31.792,80.520,0.644,13.175,-8.373
1679946091812,2023-03-27T14:41:31.812,80.540,0.827,13.064,-10.088
1679946091832,2023-03-27T14:41:31.832,80.560,3.639,14.604,-10.789
1679946091852,2023-03-27T14:41:31.852,80.580,7.934,17.168,-10.259
1679946091872,2023-03-27T14:41:31.872,80.600,9.158,15.808,-8.350
1679946091892,2023-03-27T14:41:31.892,80.620,7.504,10.446,-6.845
1679946091912,2023-03-27T14:41:31.912,80.640,5.762,6.433,-5.495
1679946091932,2023-03-27T14:41:31.932,80.660,4.398,5.423,-4.821
1679946091952,2023-03-27T14:41:31.952,80.680,4.276,5.282,-4.405
1679946091972,2023-03-27T14:41:31.972,80.700,4.863,3.415,-4.874
1679946091992,2023-03-27T14:41:31.992,80.720,5.614,2.348,-6.193
1679946092012,2023-03-27T14:41:32.012,80.740,7.062,4.402,-6.178
1679946092032,2023-03-27T14:41:32.032,80.760,7.149,5.842,-5.400
1679946092052,2023-03-27T14:41:32.052,80.780,5.286,5.107,-4.676
1679946092072,2023-03-27T14:41:32.072,80.800,3.906,3.598,-3.918
1679946092092,2023-03-27T14:41:32.092,80.820,2.481,1.860,-2.382
1679946092112,2023-03-27T14:41:32.112,80.840,1.231,0.591,-1.383
1679946092132,2023-03-27T14:41:32.132,80.860,0.492,-0.332,-0.457
1679946092152,2023-03-27T14:41:32.152,80.880,0.507,-1.688,0.183
1679946092172,2023-03-27T14:41:32.172,80.900,1.498,-3.140,-0.042
1679946092192,2023-03-27T14:41:32.192,80.920,2.180,-4.829,-0.507
1679946092212,2023-03-27T14:41:32.212,80.940,1.654,-6.883,-0.335
1679946092232,2023-03-27T14:41:32.232,80.960,-0.187,-9.093,1.155
1679946092252,2023-03-27T14:41:32.252,80.980,-1.883,-10.606,1.905
1679946092272,2023-03-27T14:41:32.272,81.000,-2.603,-10.419,1.239
1679946092292,2023-03-27T14:41:32.292,81.020,-4.188,-9.806,0.244
1679946092312,2023-03-27T14:41:32.312,81.040,-9.371,-14.790,-0.111
1679946092332,2023-03-27T14:41:32.332,81.060,-18.102,-31.178,1.643
1679946092352,2023-03-27T14:41:32.352,81.080,-30.354,-57.961,5.766
1679946092372,2023-03-27T14:41:32.372,81.100,-48.053,-89.882,9.707
1679946092392,2023-03-27T14:41:32.392,81.120,-61.372,-116.479,10.682
1679946092412,2023-03-27T14:41:32.412,81.140,-69.935,-124.874,9.394
1679946092432,2023-03-27T14:41:32.432,81.160,-78.216,-124.874,4.684
1679946092452,2023-03-27T14:41:32.452,81.180,-74.063,-124.184,-7.626
1679946092472,2023-03-27T14:41:32.472,81.200,-53.331,-105.785,-29.779
1679946092492,2023-03-27T14:41:32.492,81.220,-42.828,-73.697,-41.825
1679946092512,2023-03-27T14:41:32.512,81.240,-41.932,-59.055,-46.898
1679946092532,2023-03-27T14:41:32.532,81.260,-44.009,-54.036,-56.040
1679946092552,2023-03-27T14:41:32.552,81.280,-48.647,-50.621,-69.089
1679946092572,2023-03-27T14:41:32.572,81.300,-54.935,-43.274,-81.673
1679946092592,2023-03-27T14:41:32.592,81.320,-61.113,-26.566,-92.294
1679946092612,2023-03-27T14:41:32.612,81.340,-65.869,-0.400,-100.850
1679946092632,2023-03-27T14:41:32.632,81.360,-67.976,26.437,-106.749
1679946092652,2023-03-27T14:41:32.652,81.380,-71.582,40.659,-109.188
1679946092672,2023-03-27T14:41:32.672,81.400,-80.736,37.896,-108.712
1679946092692,2023-03-27T14:41:32.692,81.420,-90.781,29.188,-108.415
1679946092712,2023-03-27T14:41:32.712,81.440,-95.549,26.395,-109.226
1679946092732,2023-03-27T14:41:32.732,81.460,-95.076,30.168,-111.322
1679946092752,2023-03-27T14:41:32.752,81.480,-91.227,37.591,-114.447
1679946092772,2023-03-27T14:41:32.772,81.500,-87.519,40.774,-115.274
1679946092792,2023-03-27T14:41:32.792,81.520,-92.077,28.140,-112.710
1679946092812,2023-03-27T14:41:32.812,81.540,-107.081,-2.309,-103.720
1679946092832,2023-03-27T14:41:32.832,81.560,-121.860,-38.106,-85.781
1679946092852,2023-03-27T14:41:32.852,81.580,-124.874,-61.471,-59.245
1679946092872,2023-03-27T14:41:32.872,81.600,-124.817,-74.562,-33.457
1679946092892,2023-03-27T14:41:32.892,81.620,-124.787,-88.967,-23.453
1679946092912,2023-03-27T14:41:32.912,81.640,-124.874,-74.009,-26.406
1679946092932,2023-03-27T14:41:32.932,81.660,-120.316,-7.351,-24.215
1679946092952,2023-03-27T14:41:32.952,81.680,-74.063,83.304,-16.764
1679946092972,2023-03-27T14:41:32.972,81.700,-2.424,124.874,-35.061
1679946092992,2023-03-27T14:41:32.992,81.720,64.627,124.874,-63.556
1679946093012,2023-03-27T14:41:33.012,81.740,72.957,94.055,-12.489
1679946093032,2023-03-27T14:41:33.032,81.760,11.338,-63.518,46.418
1679946093052,2023-03-27T14:41:33.052,81.780,-40.991,-124.874,35.053
1679946093072,2023-03-27T14:41:33.072,81.800,-41.330,-104.543,-1.322
1679946093092,2023-03-27T14:41:33.092,81.820,-28.117,-45.743,-18.716
1679946093112,2023-03-27T14:41:33.112,81.840,-14.146,11.040,-26.635
1679946093132,2023-03-27T14:41:33.132,81.860,3.087,56.391,-31.471
1679946093152,2023-03-27T14:41:33.152,81.880,20.720,73.773,-22.096
1679946093172,2023-03-27T14:41:33.172,81.900,16.719,63.281,-14.516
1679946093192,2023-03-27T14:41:33.192,81.920,6.989,46.890,-19.337
1679946093212,2023-03-27T14:41:33.212,81.940,5.053,32.572,-21.178
1679946093232,2023-03-27T14:41:33.232,81.960,0.595,23.674,-15.011
1679946093252,2023-03-27T14:41:33.252,81.980,-4.051,20.408,-13.453
1679946093272,2023-03-27T14:41:33.272,82.000,-6.006,22.679,-17.386
1679946093292,2023-03-27T14:41:33.292,82.020,-3.803,27.683,-19.741
1679946093312,2023-03-27T14:41:33.312,82.040,-1.803,26.707,-18.685
1679946093332,2023-03-27T14:41:33.332,82.060,-2.024,22.485,-19.066
1679946093352,2023-03-27T14:41:33.352,82.080,-2.485,18.841,-18.110
1679946093372,2023-03-27T14:41:33.372,82.100,-2.603,15.225,-14.699
1679946093392,2023-03-27T14:41:33.392,82.120,-2.786,11.338,-12.168
1679946093412,2023-03-27T14:41:33.412,82.140,-3.693,10.861,-11.482
1679946093432,2023-03-27T14:41:33.432,82.160,-1.284,15.370,-11.814
1679946093452,2023-03-27T14:41:33.452,82.180,0.812,17.046,-9.546
1679946093472,2023-03-27T14:41:33.472,82.200,0.716,15.636,-7.683
1679946093492,2023-03-27T14:41:33.492,82.220,1.101,13.491,-7.466
1679946093512,2023-03-27T14:41:33.512,82.240,0.934,11.734,-7.050
1679946093532,2023-03-27T14:41:33.532,82.260,1.345,11.376,-6.955
1679946093552,2023-03-27T14:41:33.552,82.280,2.435,9.672,-7.851
1679946093572,2023-03-27T14:41:33.572,82.300,2.534,3.986,-8.479
1679946093592,2023-03-27T14:41:33.592,82.320,-1.056,3.316,-8.910
1679946093612,2023-03-27T14:41:33.612,82.340,0.701,12.306,-10.842
1679946093632,2023-03-27T14:41:33.632,82.360,4.676,22.199,-12.020
1679946093652,2023-03-27T14:41:33.652,82.380,6.433,27.470,-11.860
1679946093672,2023-03-27T14:41:33.672,82.400,6.010,28.426,-11.810
1679946093692,2023-03-27T14:41:33.692,82.420,6.966,28.102,-10.690
1679946093712,2023-03-27T14:41:33.712,82.440,7.927,26.951,-9.596
1679946093732,2023-03-27T14:41:33.732,82.460,7.077,24.306,-9.901
1679946093752,2023-03-27T14:41:33.752,82.480,5.160,22.386,-11.947
1679946093772,2023-03-27T14:41:33.772,82.500,3.643,22.550,-14.150
1679946093792,2023-03-27T14:41:33.792,82.520,2.664,22.054,-14.874
1679946093812,2023-03-27T14:41:33.812,82.540,1.452,19.066,-14.310
1679946093832,2023-03-27T14:41:33.832,82.560,-0.339,10.347,-13.380
1679946093852,2023-03-27T14:41:33.852,82.580,-3.262,6.563,-11.608
1679946093872,2023-03-27T14:41:33.872,82.600,1.098,9.352,-12.214
1679946093892,2023-03-27T14:41:33.892,82.620,0.941,8.392,-11.151
1679946093912,2023-03-27T14:41:33.912,82.640,-0.827,9.028,-10.777
1679946093932,2023-03-27T14:41:33.932,82.660,0.617,13.056,-10.941
1679946093952,2023-03-27T14:41:33.952,82.680,0.736,14.051,-8.293
1679946093972,2023-03-27T14:41:33.972,82.700,2.736,14.364,-6.063
1679946093992,2023-03-27T14:41:33.992,82.720,5.050,12.031,-5.724
1679946094012,2023-03-27T14:41:34.012,82.740,4.466,4.691,-4.752
1679946094032,2023-03-27T14:41:34.032,82.760,2.130,-2.138,-3.182
1679946094052,2023-03-27T14:41:34.052,82.780,0.324,-3.369,-2.119
1679946094072,2023-03-27T14:41:34.072,82.800,-0.579,-0.347,-0.442
1679946094092,2023-03-27T14:41:34.092,82.820,-0.164,1.441,2.504
1679946094112,2023-03-27T14:41:34.112,82.840,-2.024,-3.720,1.646
1679946094132,2023-03-27T14:41:34.132,82.860,-6.109,-7.115,-1.730
1679946094152,2023-03-27T14:41:34.152,82.880,-1.749,-2.553,-3.777
1679946094172,2023-03-27T14:41:34.172,82.900,0.518,-4.024,-4.619
1679946094192,2023-03-27T14:41:34.192,82.920,-2.896,-7.222,-4.893
1679946094212,2023-03-27T14:41:34.212,82.940,-3.986,-4.040,-5.816
1679946094232,2023-03-27T14:41:34.232,82.960,-6.574,4.150,-5.465
1679946094252,2023-03-27T14:41:34.252,82.980,-7.976,16.566,-5.377
1679946094272,2023-03-27T14:41:34.272,83.000,-6.056,21.300,-7.439
1679946094292,2023-03-27T14:41:34.292,83.020,-7.824,19.569,-9.425
1679946094312,2023-03-27T14:41:34.312,83.040,-6.925,18.281,-12.405
1679946094332,2023-03-27T14:41:34.332,83.060,-5.126,14.325,-14.581
1679946094352,2023-03-27T14:41:34.352,83.080,-4.543,10.476,-14.059
1679946094372,2023-03-27T14:41:34.372,83.100,-5.111,8.830,-12.515
1679946094392,2023-03-27T14:41:34.392,83.120,-7.393,10.983,-9.722
1679946094412,2023-03-27T14:41:34.412,83.140,-8.598,18.990,-6.509
1679946094432,2023-03-27T14:41:34.432,83.160,-6.067,15.987,-5.941
1679946094452,2023-03-27T14:41:34.452,83.180,-10.549,2.492,-5.503
1679946094472,2023-03-27T14:41:34.472,83.200,-12.523,-4.299,-5.141
1679946094492,2023-03-27T14:41:34.492,83.220,-10.351,-4.341,-5.728
1679946094512,2023-03-27T14:41:34.512,83.240,-7.294,-0.309,-6.711
1679946094532,2023-03-27T14:41:34.532,83.260,-4.798,5.080,-7.378
1679946094552,2023-03-27T14:41:34.552,83.280,-4.390,8.453,-8.079
1679946094572,2023-03-27T14:41:34.572,83.300,-5.370,8.941,-8.643
1679946094592,2023-03-27T14:41:34.592,83.320,-6.761,6.425,-8.121
1679946094612,2023-03-27T14:41:34.612,83.340,-7.458,3.495,-9.036
1679946094632,2023-03-27T14:41:34.632,83.360,-8.114,3.247,-10.396
1679946094652,2023-03-27T14:41:34.652,83.380,-8.041,6.795,-11.688
1679946094672,2023-03-27T14:41:34.672,83.400,-6.361,13.175,-12.820
1679946094692,2023-03-27T14:41:34.692,83.420,-5.313,19.043,-14.291
1679946094712,2023-03-27T14:41:34.712,83.440,-4.204,21.681,-14.318
1679946094732,2023-03-27T14:41:34.732,83.460,-3.384,18.361,-11.692
1679946094752,2023-03-27T14:41:34.752,83.480,-4.447,11.090,-8.792
1679946094772,2023-03-27T14:41:34.772,83.500,-4.916,4.543,-6.406
1679946094792,2023-03-27T14:41:34.792,83.520,-5.198,0.918,-4.718
1679946094812,2023-03-27T14:41:34.812,83.540,-3.861,2.454,-2.508
1679946094832,2023-03-27T14:41:34.832,83.560,-2.317,7.786,1.319
1679946094852,2023-03-27T14:41:34.852,83.580,-0.305,12.504,3.091
1679946094872,2023-03-27T14:41:34.872,83.600,0.027,11.566,1.258
1679946094892,2023-03-27T14:41:34.892,83.620,-2.222,8.670,-0.736
1679946094912,2023-03-27T14:41:34.912,83.640,-4.341,7.115,-2.199
1679946094932,2023-03-27T14:41:34.932,83.660,-5.404,6.235,-3.895
1679946094952,2023-03-27T14:41:34.952,83.680,-6.585,5.541,-4.257
1679946094972,2023-03-27T14:41:34.972,83.700,-5.678,9.996,-2.302
1679946094992,2023-03-27T14:41:34.992,83.720,-3.041,10.050,-1.155
1679946095012,2023-03-27T14:41:35.012,83.740,-4.470,4.455,-1.726
1679946095032,2023-03-27T14:41:35.032,83.760,-4.501,2.900,-2.980
1679946095052,2023-03-27T14:41:35.052,83.780,-2.546,3.735,-3.807
1679946095072,2023-03-27T14:41:35.072,83.800,-3.075,1.090,-5.076
1679946095092,2023-03-27T14:41:35.092,83.820,-4.482,-1.848,-8.022
1679946095112,2023-03-27T14:41:35.112,83.840,-4.585,0.423,-10.141
1679946095132,2023-03-27T14:41:35.132,83.860,-1.338,8.102,-9.432
1679946095152,2023-03-27T14:41:35.152,83.880,1.978,11.875,-6.585
1679946095172,2023-03-27T14:41:35.172,83.900,3.800,10.846,-4.165
1679946095192,2023-03-27T14:41:35.192,83.920,7.142,11.143,-2.130
1679946095212,2023-03-27T14:41:35.212,83.940,9.566,11.593,-0.899
1679946095232,2023-03-27T14:41:35.232,83.960,8.243,6.467,-1.490
1679946095252,2023-03-27T14:41:35.252,83.980,5.655,3.136,-2.641
1679946095272,2023-03-27T14:41:35.272,84.000,5.091,6.212,-2.569
1679946095292,2023-03-27T14:41:35.292,84.020,8.399,10.431,0.202
1679946095312,2023-03-27T14:41:35.312,84.040,11.902,12.168,-0.968
1679946095332,2023-03-27T14:41:35.332,84.060,15.137,13.948,-5.389
1679946095352,2023-03-27T14:41:35.352,84.080,20.252,14.992,-5.332
1679946095372,2023-03-27T14:41:35.372,84.100,24.219,15.408,-4.619
1679946095392,2023-03-27T14:41:35.392,84.120,26.395,21.669,-4.280
1679946095412,2023-03-27T14:41:35.412,84.140,30.572,28.331,-2.138
1679946095432,2023-03-27T14:41:35.432,84.160,33.868,29.745,-1.734
1679946095452,2023-03-27T14:41:35.452,84.180,35.095,27.104,-2.256
1679946095472,2023-03-27T14:41:35.472,84.200,33.666,22.031,-1.757
1679946095492,2023-03-27T14:41:35.492,84.220,30.061,18.868,-1.604
1679946095512,2023-03-27T14:41:35.512,84.240,29.375,21.361,-2.294
1679946095532,2023-03-27T14:41:35.532,84.260,28.407,24.497,-1.669
1679946095552,2023-03-27T14:41:35.552,84.280,25.213,24.558,-0.629
1679946095572,2023-03-27T14:41:35.572,84.300,20.282,23.239,-2.336
1679946095592,2023-03-27T14:41:35.592,84.320,14.623,33.506,-3.399
1679946095612,2023-03-27T14:41:35.612,84.340,13.708,44.661,-2.603
1679946095632,2023-03-27T14:41:35.632,84.360,10.156,48.155,-1.056
1679946095652,2023-03-27T14:41:35.652,84.380,8.121,53.773,-0.042
1679946095672,2023-03-27T14:41:35.672,84.400,12.500,52.203,-1.524
1679946095692,2023-03-27T14:41:35.692,84.420,14.337,38.910,0.454
1679946095712,2023-03-27T14:41:35.712,84.440,13.281,24.074,5.252
1679946095732,2023-03-27T14:41:35.732,84.460,11.139,17.275,7.500
1679946095752,2023-03-27T14:41:35.752,84.480,6.932,14.131,4.931
1679946095772,2023-03-27T14:41:35.772,84.500,0.549,8.251,3.697
1679946095792,2023-03-27T14:41:35.792,84.520,-5.225,2.363,3.929
1679946095812,2023-03-27T14:41:35.812,84.540,-10.442,1.418,0.579
1679946095832,2023-03-27T14:41:35.832,84.560,-16.364,1.258,-4.691
1679946095852,2023-03-27T14:41:35.852,84.580,-21.532,-3.761,-7.961
1679946095872,2023-03-27T14:41:35.872,84.600,-22.614,-6.905,-7.995
1679946095892,2023-03-27T14:41:35.892,84.620,-22.786,-7.668,-6.566
1679946095912,2023-03-27T14:41:35.912,84.640,-22.275,-12.687,-5.274
1679946095932,2023-03-27T14:41:35.932,84.660,-20.987,-18.247,-3.643
1679946095952,2023-03-27T14:41:35.952,84.680,-18.251,-18.815,0.293
1679946095972,2023-03-27T14:41:35.972,84.700,-16.978,-20.648,4.874
1679946095992,2023-03-27T14:41:35.992,84.720,-16.688,-24.303,7.302
1679946096012,2023-03-27T14:41:36.012,84.740,-16.730,-27.431,8.266
1679946096032,2023-03-27T14:41:36.032,84.760,-17.111,-29.844,9.219
1679946096052,2023-03-27T14:41:36.052,84.780,-15.019,-28.266,5.926
1679946096072,2023-03-27T14:41:36.072,84.800,-13.666,-21.764,1.334
1679946096092,2023-03-27T14:41:36.092,84.820,-8.053,-9.470,-1.627
1679946096112,2023-03-27T14:41:36.112,84.840,-1.932,-2.127,-3.380
1679946096132,2023-03-27T14:41:36.132,84.860,-0.023,0.385,-4.032
1679946096152,2023-03-27T14:41:36.152,84.880,1.688,2.527,-5.133
1679946096172,2023-03-27T14:41:36.172,84.900,2.908,2.786,-5.507
1679946096192,2023-03-27T14:41:36.192,84.920,2.275,0.560,-5.987
1679946096212,2023-03-27T14:41:36.212,84.940,0.724,-0.454,-7.454
1679946096232,2023-03-27T14:41:36.232,84.960,-0.137,-0.332,-7.744
1679946096252,2023-03-27T14:41:36.252,84.980,-1.909,-2.607,-6.280
1679946096272,2023-03-27T14:41:36.272,85.000,-4.200,-3.857,-4.653
1679946096292,2023-03-27T14:41:36.292,85.020,-4.783,-4.207,-5.408
1679946096312,2023-03-27T14:41:36.312,85.040,-1.444,-11.726,-8.316
1679946096332,2023-03-27T14:41:36.332,85.060,0.610,-21.974,-8.815
1679946096352,2023-03-27T14:41:36.352,85.080,0.297,-20.915,-7.782
1679946096372,2023-03-27T14:41:36.372,85.100,3.632,-5.362,-7.508
1679946096392,2023-03-27T14:41:36.392,85.120,6.307,8.979,-7.481
1679946096412,2023-03-27T14:41:36.412,85.140,5.343,6.082,-12.500
1679946096432,2023-03-27T14:41:36.432,85.160,0.130,-14.207,-16.082
1679946096452,2023-03-27T14:41:36.452,85.180,-6.296,-39.615,-11.646
1679946096472,2023-03-27T14:41:36.472,85.200,-8.754,-43.651,-7.824
1679946096492,2023-03-27T14:41:36.492,85.220,0.400,-11.966,-9.173
1679946096512,2023-03-27T14:41:36.512,85.240,7.416,22.275,-10.252
1679946096532,2023-03-27T14:41:36.532,85.260,4.425,38.026,-17.077
1679946096552,2023-03-27T14:41:36.552,85.280,1.692,43.963,-28.354
1679946096572,2023-03-27T14:41:36.572,85.300,1.429,39.607,-30.088
1679946096592,2023-03-27T14:41:36.592,85.320,1.997,27.210,-21.368
1679946096612,2023-03-27T14:41:36.612,85.340,4.005,20.629,-11.120
1679946096632,2023-03-27T14:41:36.632,85.360,6.970,17.401,-1.563
1679946096652,2023-03-27T14:41:36.652,85.380,5.629,4.546,8.803
1679946096672,2023-03-27T14:41:36.672,85.400,-0.766,-15.648,18.960
1679946096692,2023-03-27T14:41:36.692,85.420,-7.397,-30.530,25.004
1679946096712,2023-03-27T14:41:36.712,85.440,-10.011,-34.817,24.935
1679946096732,2023-03-27T14:41:36.732,85.460,-9.051,-37.550,20.263
1679946096752,2023-03-27T14:41:36.752,85.480,-8.445,-38.735,14.299
1679946096772,2023-03-27T14:41:36.772,85.500,-4.760,-31.406,7.900
1679946096792,2023-03-27T14:41:36.792,85.520,0.061,-21.265,2.252
1679946096812,2023-03-27T14:41:36.812,85.540,1.075,-13.899,-0.301
1679946096832,2023-03-27T14:41:36.832,85.560,-0.042,-10.412,-0.217
1679946096852,2023-03-27T14:41:36.852,85.580,-1.338,-8.236,1.764
1679946096872,2023-03-27T14:41:36.872,85.600,-0.587,-6.132,5.697
1679946096892,2023-03-27T14:41:36.892,85.620,-0.286,-5.751,8.216
1679946096912,2023-03-27T14:41:36.912,85.640,1.162,-5.732,8.445
1679946096932,2023-03-27T14:41:36.932,85.660,1.563,-5.572,7.759
1679946096952,2023-03-27T14:41:36.952,85.680,0.351,-3.674,5.560
1679946096972,2023-03-27T14:41:36.972,85.700,0.553,-1.860,2.005
1679946096992,2023-03-27T14:41:36.992,85.720,0.648,-0.404,-1.677
1679946097012,2023-03-27T14:41:37.012,85.740,0.880,3.739,-4.733
1679946097032,2023-03-27T14:41:37.032,85.760,2.492,4.535,-5.301
1679946097052,2023-03-27T14:41:37.052,85.780,1.886,-8.883,-3.095
1679946097072,2023-03-27T14:41:37.072,85.800,-2.851,-28.281,0.575
1679946097092,2023-03-27T14:41:37.092,85.820,-4.459,-28.796,0.446
1679946097112,2023-03-27T14:41:37.112,85.840,-0.015,-11.387,-1.974
1679946097132,2023-03-27T14:41:37.132,85.860,3.506,5.133,-1.033
1679946097152,2023-03-27T14:41:37.152,85.880,5.804,11.166,-3.091
1679946097172,2023-03-27T14:41:37.172,85.900,8.933,6.563,-8.293
1679946097192,2023-03-27T14:41:37.192,85.920,9.386,-4.928,-7.683
1679946097212,2023-03-27T14:41:37.212,85.940,11.056,-5.206,-7.027
1679946097232,2023-03-27T14:41:37.232,85.960,17.454,14.280,-9.104
1679946097252,2023-03-27T14:41:37.252,85.980,21.547,33.967,-10.316
1679946097272,2023-03-27T14:41:37.272,86.000,19.886,37.138,-11.643
1679946097292,2023-03-27T14:41:37.292,86.020,14.348,21.700,-9.920
1679946097312,2023-03-27T14:41:37.312,86.040,5.164,-1.269,-2.862
1679946097332,2023-03-27T14:41:37.332,86.060,0.846,-12.214,2.237
1679946097352,2023-03-27T14:41:37.352,86.080,2.245,-7.298,3.018
1679946097372,2023-03-27T14:41:37.372,86.100,2.938,1.098,1.604
1679946097392,2023-03-27T14:41:37.392,86.120,0.621,5.469,-2.656
1679946097412,2023-03-27T14:41:37.412,86.140,-0.614,6.086,-7.279
1679946097432,2023-03-27T14:41:37.432,86.160,-2.146,0.976,-6.094
1679946097452,2023-03-27T14:41:37.452,86.180,-3.014,-4.101,-1.593
1679946097472,2023-03-27T14:41:37.472,86.200,-2.329,-4.931,0.713
1679946097492,2023-03-27T14:41:37.492,86.220,-2.100,-4.139,2.313
1679946097512,2023-03-27T14:41:37.512,86.240,-4.116,-7.527,3.213
1679946097532,2023-03-27T14:41:37.532,86.260,-6.372,-12.904,4.017
1679946097552,2023-03-27T14:41:37.552,86.280,-7.306,-16.220,5.495
1679946097572,2023-03-27T14:41:37.572,86.300,-8.864,-13.041,6.723
1679946097592,2023-03-27T14:41:37.592,86.320,-9.779,-3.605,6.524
1679946097612,2023-03-27T14:41:37.612,86.340,-8.049,2.774,3.861
1679946097632,2023-03-27T14:41:37.632,86.360,-5.949,3.102,0.301
1679946097652,2023-03-27T14:41:37.652,86.380,-3.731,-0.282,-1.456
1679946097672,2023-03-27T14:41:37.672,86.400,-2.927,-3.559,-2.027
1679946097692,2023-03-27T14:41:37.692,86.420,-2.283,-3.914,-2.664
1679946097712,2023-03-27T14:41:37.712,86.440,-1.300,-1.216,-3.178
1679946097732,2023-03-27T14:41:37.732,86.460,0.625,4.470,-2.458
1679946097752,2023-03-27T14:41:37.752,86.480,2.542,9.882,-0.553
1679946097772,2023-03-27T14:41:37.772,86.500,3.529,10.850,0.442
1679946097792,2023-03-27T14:41:37.792,86.520,3.891,7.081,-0.332
1679946097812,2023-03-27T14:41:37.812,86.540,4.165,4.238,-1.543
1679946097832,2023-03-27T14:41:37.832,86.560,5.011,7.435,-3.053
1679946097852,2023-03-27T14:41:37.852,86.580,5.968,12.763,-3.975
1679946097872,2023-03-27T14:41:37.872,86.600,4.680,14.158,-4.028
1679946097892,2023-03-27T14:41:37.892,86.620,2.912,8.628,-3.800
1679946097912,2023-03-27T14:41:37.912,86.640,-0.198,-0.545,-1.860
1679946097932,2023-03-27T14:41:37.932,86.660,-1.117,-4.280,-0.259
1679946097952,2023-03-27T14:41:37.952,86.680,0.393,-2.043,0.495
1679946097972,2023-03-27T14:41:37.972,86.700,1.563,1.574,0.606
1679946097992,2023-03-27T14:41:37.992,86.720,1.799,4.002,-0.213
1679946098012,2023-03-27T14:41:38.012,86.740,0.804,3.609,-0.892
1679946098032,2023-03-27T14:41:38.032,86.760,0.152,0.907,-1.555
1679946098052,2023-03-27T14:41:38.052,86.780,0.747,-3.906,-2.092
1679946098072,2023-03-27T14:41:38.072,86.800,0.686,-7.576,-1.300
1679946098092,2023-03-27T14:41:38.092,86.820,1.380,-3.910,-1.208
1679946098112,2023-03-27T14:41:38.112,86.840,3.087,3.758,-2.210
1679946098132,2023-03-27T14:41:38.132,86.860,3.990,6.784,-3.430
1679946098152,2023-03-27T14:41:38.152,86.880,2.393,0.404,-3.819
1679946098172,2023-03-27T14:41:38.172,86.900,-0.335,-9.257,-1.955
1679946098192,2023-03-27T14:41:38.192,86.920,-0.438,-9.821,-0.854
1679946098212,2023-03-27T14:41:38.212,86.940,2.626,0.995,-1.433
1679946098232,2023-03-27T14:41:38.232,86.960,4.550,10.987,-2.912
1679946098252,2023-03-27T14:41:38.252,86.980,2.694,11.856,-5.000
1679946098272,2023-03-27T14:41:38.272,87.000,0.339,3.487,-6.220
1679946098292,2023-03-27T14:41:38.292,87.020,-2.374,-6.825,-4.840
1679946098312,2023-03-27T14:41:38.312,87.040,-1.593,-7.344,-4.989
1679946098332,2023-03-27T14:41:38.332,87.060,2.664,2.149,-5.610
1679946098352,2023-03-27T14:41:38.352,87.080,4.070,8.468,-3.445
1679946098372,2023-03-27T14:41:38.372,87.100,2.694,6.018,-1.364
1679946098392,2023-03-27T14:41:38.392,87.120,0.686,-2.900,-1.315
1679946098412,2023-03-27T14:41:38.412,87.140,-1.673,-10.457,-0.671
1679946098432,2023-03-27T14:41:38.432,87.160,-1.044,-8.460,-0.850
1679946098452,2023-03-27T14:41:38.452,87.180,2.153,1.341,-1.806
1679946098472,2023-03-27T14:41:38.472,87.200,4.211,8.910,-2.142
1679946098492,2023-03-27T14:41:38.492,87.220,3.213,11.627,-2.115
1679946098512,2023-03-27T14:41:38.512,87.240,2.066,14.002,-2.115
1679946098532,2023-03-27T14:41:38.532,87.260,2.450,17.889,-3.053
1679946098552,2023-03-27T14:41:38.552,87.280,3.838,22.481,-3.792
1679946098572,2023-03-27T14:41:38.572,87.300,4.722,26.467,-3.841
1679946098592,2023-03-27T14:41:38.592,87.320,6.269,31.292,-6.147
1679946098612,2023-03-27T14:41:38.612,87.340,9.436,36.772,-9.386
1679946098632,2023-03-27T14:41:38.632,87.360,13.064,39.729,-9.657
1679946098652,2023-03-27T14:41:38.652,87.380,13.982,37.565,-8.186
1679946098672,2023-03-27T14:41:38.672,87.400,12.085,33.815,-7.717
1679946098692,2023-03-27T14:41:38.692,87.420,8.800,26.921,-6.551
1679946098712,2023-03-27T14:41:38.712,87.440,5.118,15.316,-2.443
1679946098732,2023-03-27T14:41:38.732,87.460,2.550,4.379,1.764
1679946098752,2023-03-27T14:41:38.752,87.480,2.123,-1.696,4.295
1679946098772,2023-03-27T14:41:38.772,87.500,2.534,-5.091,5.911
1679946098792,2023-03-27T14:41:38.792,87.520,1.444,-6.650,6.159
1679946098812,2023-03-27T14:41:38.812,87.540,0.678,-3.708,4.684
1679946098832,2023-03-27T14:41:38.832,87.560,0.800,0.255,2.995
1679946098852,2023-03-27T14:41:38.852,87.580,0.514,1.079,2.115
1679946098872,2023-03-27T14:41:38.872,87.600,0.373,1.037,1.223
1679946098892,2023-03-27T14:41:38.892,87.620,1.410,3.449,0.652
1679946098912,2023-03-27T14:41:38.912,87.640,2.569,3.186,1.223
1679946098932,2023-03-27T14:41:38.932,87.660,1.589,-1.425,2.576
1679946098952,2023-03-27T14:41:38.952,87.680,0.572,-3.377,2.611
1679946098972,2023-03-27T14:41:38.972,87.700,1.124,-1.322,1.505
1679946098992,2023-03-27T14:41:38.992,87.720,1.494,0.282,0.819
1679946099012,2023-03-27T14:41:39.012,87.740,1.391,-0.526,0.335
1679946099032,2023-03-27T14:41:39.032,87.760,1.098,-1.482,0.008
1679946099052,2023-03-27T14:41:39.052,87.780,0.732,-2.896,0.141
1679946099072,2023-03-27T14:41:39.072,87.800,-0.011,-6.124,1.768
1679946099092,2023-03-27T14:41:39.092,87.820,-1.414,-10.934,3.457
1679946099112,2023-03-27T14:41:39.112,87.840,-2.534,-12.428,4.322
1679946099132,2023-03-27T14:41:39.132,87.860,-2.854,-11.437,5.499
1679946099152,2023-03-27T14:41:39.152,87.880,-4.432,-11.395,6.723
1679946099172,2023-03-27T14:41:39.172,87.900,-5.099,-9.135,6.684
1679946099192,2023-03-27T14:41:39.192,87.920,-3.788,-5.633,5.903
1679946099212,2023-03-27T14:41:39.212,87.940,-2.824,-4.284,4.257
1679946099232,2023-03-27T14:41:39.232,87.960,-1.825,-3.472,2.104
1679946099252,2023-03-27T14:41:39.252,87.980,-0.682,0.137,-0.141
1679946099272,2023-03-27T14:41:39.272,88.000,1.258,7.885,-2.233
1679946099292,2023-03-27T14:41:39.292,88.020,3.079,12.348,-4.272
1679946099312,2023-03-27T14:41:39.312,88.040,2.999,10.343,-4.699
1679946099332,2023-03-27T14:41:39.332,88.060,3.014,8.910,-3.952
1679946099352,2023-03-27T14:41:39.352,88.080,2.942,9.341,-4.017
1679946099372,2023-03-27T14:41:39.372,88.100,3.209,10.244,-3.971
1679946099392,2023-03-27T14:41:39.392,88.120,3.453,10.152,-3.815
1679946099412,2023-03-27T14:41:39.412,88.140,5.636,10.252,-2.607
1679946099432,2023-03-27T14:41:39.432,88.160,7.957,7.157,-0.038
1679946099452,2023-03-27T14:41:39.452,88.180,10.762,4.768,0.450
1679946099472,2023-03-27T14:41:39.472,88.200,13.148,4.821,-0.301
1679946099492,2023-03-27T14:41:39.492,88.220,14.116,8.556,-0.667
1679946099512,2023-03-27T14:41:39.512,88.240,14.699,14.375,-2.268
1679946099532,2023-03-27T14:41:39.532,88.260,15.244,17.336,-2.264
1679946099552,2023-03-27T14:41:39.552,88.280,16.456,14.893,-0.774
1679946099572,2023-03-27T14:41:39.572,88.300,15.282,8.319,0.362
1679946099592,2023-03-27T14:41:39.592,88.320,14.566,1.181,0.705
1679946099612,2023-03-27T14:41:39.612,88.340,12.706,-5.324,0.682
1679946099632,2023-03-27T14:41:39.632,88.360,8.251,-3.220,-0.461
1679946099652,2023-03-27T14:41:39.652,88.380,7.306,13.399,-4.478
1679946099672,2023-03-27T14:41:39.672,88.400,10.785,39.463,-6.410
1679946099692,2023-03-27T14:41:39.692,88.420,16.639,60.160,-6.250
1679946099712,2023-03-27T14:41:39.712,88.440,19.223,63.548,-2.801
1679946099732,2023-03-27T14:41:39.732,88.460,16.662,48.060,2.275
1679946099752,2023-03-27T14:41:39.752,88.480,10.663,23.594,6.650
1679946099772,2023-03-27T14:41:39.772,88.500,2.877,4.577,9.284
1679946099792,2023-03-27T14:41:39.792,88.520,-3.266,5.991,8.685
1679946099812,2023-03-27T14:41:39.812,88.540,-5.774,19.950,4.184
1679946099832,2023-03-27T14:41:39.832,88.560,-11.719,25.293,-0.888
1679946099852,2023-03-27T14:41:39.852,88.580,-21.082,17.489,-1.688
1679946099872,2023-03-27T14:41:39.872,88.600,-31.132,3.723,0.484
1679946099892,2023-03-27T14:41:39.892,88.620,-34.989,-8.579,-1.326
1679946099912,2023-03-27T14:41:39.912,88.640,-26.890,-11.787,-2.965
1679946099932,2023-03-27T14:41:39.932,88.660,-13.236,-9.093,-1.311
1679946099952,2023-03-27T14:41:39.952,88.680,-5.511,-4.981,-0.602
1679946099972,2023-03-27T14:41:39.972,88.700,-1.799,0.816,-2.553
1679946099992,2023-03-27T14:41:39.992,88.720,-2.565,-0.274,-2.416
1679946100012,2023-03-27T14:41:40.012,88.740,-10.503,-10.945,1.162
1679946100032,2023-03-27T14:41:40.032,88.760,-19.066,-22.927,2.351
1679946100052,2023-03-27T14:41:40.052,88.780,-19.089,-27.420,-0.206
1679946100072,2023-03-27T14:41:40.072,88.800,-15.011,-23.460,-1.425
1679946100092,2023-03-27T14:41:40.092,88.820,-11.197,-16.768,-3.014
1679946100112,2023-03-27T14:41:40.112,88.840,-7.786,-7.999,-4.829
1679946100132,2023-03-27T14:41:40.132,88.860,-3.563,1.334,-3.659
1679946100152,2023-03-27T14:41:40.152,88.880,0.728,8.727,-1.052
1679946100172,2023-03-27T14:41:40.172,88.900,4.017,13.293,-2.195
1679946100192,2023-03-27T14:41:40.192,88.920,10.141,23.418,-3.056
1679946100212,2023-03-27T14:41:40.212,88.940,18.083,31.063,-3.449
1679946100232,2023-03-27T14:41:40.232,88.960,21.989,32.389,-3.716
1679946100252,2023-03-27T14:41:40.252,88.980,28.647,42.942,-2.409
1679946100272,2023-03-27T14:41:40.272,89.000,38.769,50.076,-4.718
1679946100292,2023-03-27T14:41:40.292,89.020,39.585,49.116,-0.998
1679946100312,2023-03-27T14:41:40.312,89.040,38.918,50.991,0.373
1679946100332,2023-03-27T14:41:40.332,89.060,37.378,47.774,-3.533
1679946100352,2023-03-27T14:41:40.352,89.080,32.511,39.097,-2.900
1679946100372,2023-03-27T14:41:40.372,89.100,25.614,29.379,-0.869
1679946100392,2023-03-27T14:41:40.392,89.120,19.242,29.848,0.358
1679946100412,2023-03-27T14:41:40.412,89.140,14.474,34.360,0.819
1679946100432,2023-03-27T14:41:40.432,89.160,8.632,26.585,5.069
1679946100452,2023-03-27T14:41:40.452,89.180,-1.593,2.180,10.480
1679946100472,2023-03-27T14:41:40.472,89.200,-11.162,-25.088,12.550
1679946100492,2023-03-27T14:41:40.492,89.220,-15.423,-41.418,12.298
1679946100512,2023-03-27T14:41:40.512,89.240,-14.143,-35.042,12.435
1679946100532,2023-03-27T14:41:40.532,89.260,-9.829,-15.332,8.011
1679946100552,2023-03-27T14:41:40.552,89.280,-7.652,-2.271,6.185
1679946100572,2023-03-27T14:41:40.572,89.300,-10.930,-6.848,8.129
1679946100592,2023-03-27T14:41:40.592,89.320,-17.786,-22.530,8.209
1679946100612,2023-03-27T14:41:40.612,89.340,-19.352,-24.821,7.736
1679946100632,2023-03-27T14:41:40.632,89.360,-10.903,-6.795,6.300
1679946100652,2023-03-27T14:41:40.652,89.380,3.620,14.417,5.210
1679946100672,2023-03-27T14:41:40.672,89.400,18.201,32.241,2.123
1679946100692,2023-03-27T14:41:40.692,89.420,22.199,43.133,-1.033
1679946100712,2023-03-27T14:41:40.712,89.440,17.149,48.678,-0.278
1679946100732,2023-03-27T14:41:40.732,89.460,15.164,51.357,1.818
1679946100752,2023-03-27T14:41:40.752,89.480,16.475,46.037,5.248
1679946100772,2023-03-27T14:41:40.772,89.500,14.989,30.979,7.226
1679946100792,2023-03-27T14:41:40.792,89.520,7.713,14.859,5.042
1679946100812,2023-03-27T14:41:40.812,89.540,-0.232,2.260,2.260
1679946100832,2023-03-27T14:41:40.832,89.560,-8.861,-9.737,-0.393
1679946100852,2023-03-27T14:41:40.852,89.580,-20.495,-20.583,-3.316
1679946100872,2023-03-27T14:41:40.872,89.600,-27.107,-31.181,-6.989
1679946100892,2023-03-27T14:41:40.892,89.620,-26.479,-42.915,-6.273
1679946100912,2023-03-27T14:41:40.912,89.640,-25.857,-51.742,-0.255
1679946100932,2023-03-27T14:41:40.932,89.660,-23.979,-50.655,1.582
1679946100952,2023-03-27T14:41:40.952,89.680,-20.008,-38.651,-1.738
1679946100972,2023-03-27T14:41:40.972,89.700,-17.752,-28.636,-2.995
1679946100992,2023-03-27T14:41:40.992,89.720,-20.507,-29.966,-3.472
1679946101012,2023-03-27T14:41:41.012,89.740,-22.889,-34.920,-6.292
1679946101032,2023-03-27T14:41:41.032,89.760,-19.356,-33.731,-7.096
1679946101052,2023-03-27T14:41:41.052,89.780,-12.477,-25.530,-5.156
1679946101072,2023-03-27T14:41:41.072,89.800,-5.598,-12.405,-3.045
1679946101092,2023-03-27T14:41:41.092,89.820,-2.336,-3.133,-0.736
1679946101112,2023-03-27T14:41:41.112,89.840,-2.298,-4.897,2.165
1679946101132,2023-03-27T14:41:41.132,89.860,-3.784,-17.199,3.899
1679946101152,2023-03-27T14:41:41.152,89.880,-6.353,-29.261,4.127
1679946101172,2023-03-27T14:41:41.172,89.900,-5.137,-29.432,4.127
1679946101192,2023-03-27T14:41:41.192,89.920,1.120,-22.630,4.459
1679946101212,2023-03-27T14:41:41.212,89.940,7.527,-15.171,5.663
1679946101232,2023-03-27T14:41:41.232,89.960,12.885,-9.200,3.148
1679946101252,2023-03-27T14:41:41.252,89.980,14.970,-5.469,-0.644
1679946101272,2023-03-27T14:41:41.272,90.000,15.827,-3.857,-4.790
1679946101292,2023-03-27T14:41:41.292,90.020,13.742,-4.463,-8.518
1679946101312,2023-03-27T14:41:41.312,90.040,10.987,-0.084,-11.886
1679946101332,2023-03-27T14:41:41.332,90.060,11.265,11.471,-15.873
1679946101352,2023-03-27T14:41:41.352,90.080,13.011,24.554,-19.192
1679946101372,2023-03-27T14:41:41.372,90.100,15.671,32.534,-21.684
1679946101392,2023-03-27T14:41:41.392,90.120,17.748,26.155,-22.336
1679946101412,2023-03-27T14:41:41.412,90.140,14.569,7.085,-16.456
1679946101432,2023-03-27T14:41:41.432,90.160,8.937,-7.896,-11.231
1679946101452,2023-03-27T14:41:41.452,90.180,7.748,-6.006,-11.761
1679946101472,2023-03-27T14:41:41.472,90.200,6.319,2.530,-12.893
1679946101492,2023-03-27T14:41:41.492,90.220,-0.747,4.188,-12.542
1679946101512,2023-03-27T14:41:41.512,90.240,-6.734,-0.168,-10.488
1679946101532,2023-03-27T14:41:41.532,90.260,-9.074,-7.607,-4.131
1679946101552,2023-03-27T14:41:41.552,90.280,-9.127,-15.541,3.441
1679946101572,2023-03-27T14:41:41.572,90.300,-7.881,-21.170,8.533
1679946101592,2023-03-27T14:41:41.592,90.320,-5.716,-19.607,11.101
1679946101612,2023-03-27T14:41:41.612,90.340,-3.838,-12.763,13.769
1679946101632,2023-03-27T14:41:41.632,90.360,-3.754,-6.220,14.916
1679946101652,2023-03-27T14:41:41.652,90.380,-4.204,-5.164,10.724
1679946101672,2023-03-27T14:41:41.672,90.400,-3.784,-11.669,6.787
1679946101692,2023-03-27T14:41:41.692,90.420,-4.345,-23.464,4.718
1679946101712,2023-03-27T14:41:41.712,90.440,-6.303,-33.700,1.425
1679946101732,2023-03-27T14:41:41.732,90.460,-10.023,-30.271,-3.929
1679946101752,2023-03-27T14:41:41.752,90.480,-8.918,-12.008,-5.244
1679946101772,2023-03-27T14:41:41.772,90.500,-5.770,0.690,-3.796
1679946101792,2023-03-27T14:41:41.792,90.520,-4.970,3.495,0.697
1679946101812,2023-03-27T14:41:41.812,90.540,-3.155,-0.141,5.556
1679946101832,2023-03-27T14:41:41.832,90.560,-2.450,-10.804,9.043
1679946101852,2023-03-27T14:41:41.852,90.580,-5.145,-25.766,11.433
1679946101872,2023-03-27T14:41:41.872,90.600,-8.514,-30.324,10.076
1679946101892,2023-03-27T14:41:41.892,90.620,-7.367,-19.367,8.144
1679946101912,2023-03-27T14:41:41.912,90.640,-5.171,-6.505,7.306
1679946101932,2023-03-27T14:41:41.932,90.660,-3.998,-1.311,5.587
1679946101952,2023-03-27T14:41:41.952,90.680,-2.976,-4.558,2.748
1679946101972,2023-03-27T14:41:41.972,90.700,-2.717,-12.809,0.728
1679946101992,2023-03-27T14:41:41.992,90.720,-3.720,-20.217,-2.450
1679946102012,2023-03-27T14:41:42.012,90.740,-5.221,-14.642,-4.478
1679946102032,2023-03-27T14:41:42.032,90.760,-0.572,3.110,-5.503
1679946102052,2023-03-27T14:41:42.052,90.780,3.681,15.781,-5.316
1679946102072,2023-03-27T14:41:42.072,90.800,5.030,19.261,-1.079
1679946102092,2023-03-27T14:41:42.092,90.820,5.065,11.986,2.085
1679946102112,2023-03-27T14:41:42.112,90.840,2.085,-2.073,5.263
1679946102132,2023-03-27T14:41:42.132,90.860,-2.489,-15.080,5.351
1679946102152,2023-03-27T14:41:42.152,90.880,-5.339,-14.539,4.543
1679946102172,2023-03-27T14:41:42.172,90.900,-3.590,-5.183,2.851
1679946102192,2023-03-27T14:41:42.192,90.920,-1.677,2.386,1.970
1679946102212,2023-03-27T14:41:42.212,90.940,-0.255,3.255,2.207
1679946102232,2023-03-27T14:41:42.232,90.960,-0.415,-2.572,2.508
1679946102252,2023-03-27T14:41:42.252,90.980,-2.096,-8.441,2.637
1679946102272,2023-03-27T14:41:42.272,91.000,-2.854,-9.501,2.980
1679946102292,2023-03-27T14:41:42.292,91.020,-2.012,-5.701,3.453
1679946102312,2023-03-27T14:41:42.312,91.040,-0.118,0.606,2.005
1679946102332,2023-03-27T14:41:42.332,91.060,2.351,5.469,0.248
1679946102352,2023-03-27T14:41:42.352,91.080,3.579,4.985,-0.724
1679946102372,2023-03-27T14:41:42.372,91.100,3.449,0.934,-1.380
1679946102392,2023-03-27T14:41:42.392,91.120,2.210,-2.786,-1.658
1679946102412,2023-03-27T14:41:42.412,91.140,1.528,-1.989,-1.593
1679946102432,2023-03-27T14:41:42.432,91.160,2.031,2.386,-1.204
1679946102452,2023-03-27T14:41:42.452,91.180,3.178,6.250,0.320
1679946102472,2023-03-27T14:41:42.472,91.200,4.101,6.402,1.433
1679946102492,2023-03-27T14:41:42.492,91.220,3.556,2.694,1.734
1679946102512,2023-03-27T14:41:42.512,91.240,1.646,-1.437,0.911
1679946102532,2023-03-27T14:41:42.532,91.260,0.457,-2.931,-0.488
1679946102552,2023-03-27T14:41:42.552,91.280,0.050,-2.241,-0.099
1679946102572,2023-03-27T14:41:42.572,91.300,0.351,1.235,0.156
1679946102592,2023-03-27T14:41:42.592,91.320,2.450,5.945,0.019
1679946102612,2023-03-27T14:41:42.612,91.340,3.335,6.258,0.282
1679946102632,2023-03-27T14:41:42.632,91.360,2.153,2.934,0.236
1679946102652,2023-03-27T14:41:42.652,91.380,0.583,-1.292,0.080
1679946102672,2023-03-27T14:41:42.672,91.400,-0.046,-3.327,0.655
1679946102692,2023-03-27T14:41:42.692,91.420,0.644,-2.489,1.517
1679946102712,2023-03-27T14:41:42.712,91.440,2.458,-0.633,2.698
1679946102732,2023-03-27T14:41:42.732,91.460,3.262,-1.963,4.211
1679946102752,2023-03-27T14:41:42.752,91.480,2.500,-2.397,4.489
1679946102772,2023-03-27T14:41:42.772,91.500,2.603,0.389,2.828
1679946102792,2023-03-27T14:41:42.792,91.520,4.463,1.871,1.795
1679946102812,2023-03-27T14:41:42.812,91.540,9.013,0.789,2.428
1679946102832,2023-03-27T14:41:42.832,91.560,16.368,5.160,2.050
1679946102852,2023-03-27T14:41:42.852,91.580,23.819,12.527,0.137
1679946102872,2023-03-27T14:41:42.872,91.600,27.847,17.279,-1.951
1679946102892,2023-03-27T14:41:42.892,91.620,29.120,21.391,-4.356
1679946102912,2023-03-27T14:41:42.912,91.640,28.662,24.493,-5.465
1679946102932,2023-03-27T14:41:42.932,91.660,25.640,24.352,-5.736
1679946102952,2023-03-27T14:41:42.952,91.680,20.556,21.235,-6.841
1679946102972,2023-03-27T14:41:42.972,91.700,16.056,18.220,-6.841
1679946102992,2023-03-27T14:41:42.992,91.720,12.153,16.204,-4.611
1679946103012,2023-03-27T14:41:43.012,91.740,9.192,12.938,-3.468
1679946103032,2023-03-27T14:41:43.032,91.760,6.623,10.145,-4.935
1679946103052,2023-03-27T14:41:43.052,91.780,4.813,7.782,-7.180
1679946103072,2023-03-27T14:41:43.072,91.800,1.261,1.997,-9.024
1679946103092,2023-03-27T14:41:43.092,91.820,-0.979,-6.635,-6.989
1679946103112,2023-03-27T14:41:43.112,91.840,-2.675,-14.447,-4.421
1679946103132,2023-03-27T14:41:43.132,91.860,-5.301,-15.926,-3.296
1679946103152,2023-03-27T14:41:43.152,91.880,-6.536,-12.401,-0.290
1679946103172,2023-03-27T14:41:43.172,91.900,-7.706,-9.230,3.662
1679946103192,2023-03-27T14:41:43.192,91.920,-8.449,-5.899,5.621
1679946103212,2023-03-27T14:41:43.212,91.940,-7.458,-1.890,6.837
1679946103232,2023-03-27T14:41:43.232,91.960,-7.569,-1.886,8.148
1679946103252,2023-03-27T14:41:43.252,91.980,-8.784,-6.463,10.137
1679946103272,2023-03-27T14:41:43.272,92.000,-9.558,-12.462,12.633
1679946103292,2023-03-27T14:41:43.292,92.020,-11.010,-16.665,11.696
1679946103312,2023-03-27T14:41:43.312,92.040,-11.677,-17.519,7.504
1679946103332,2023-03-27T14:41:43.332,92.060,-10.979,-13.822,3.685
1679946103352,2023-03-27T14:41:43.352,92.080,-8.601,-6.345,1.361
1679946103372,2023-03-27T14:41:43.372,92.100,-6.193,0.434,-0.736
1679946103392,2023-03-27T14:41:43.392,92.120,-5.598,1.757,-1.357
1679946103412,2023-03-27T14:41:43.412,92.140,-5.655,-0.758,-1.216
1679946103432,2023-03-27T14:41:43.432,92.160,-4.844,-2.195,-0.522
1679946103452,2023-03-27T14:41:43.452,92.180,-4.352,-3.720,0.389
1679946103472,2023-03-27T14:41:43.472,92.200,-4.204,-4.257,-0.541
1679946103492,2023-03-27T14:41:43.492,92.220,-2.515,-0.579,-2.275
1679946103512,2023-03-27T14:41:43.512,92.240,-0.103,4.573,-3.571
1679946103532,2023-03-27T14:41:43.532,92.260,1.833,8.864,-5.796
1679946103552,2023-03-27T14:41:43.552,92.280,4.310,12.702,-7.862
1679946103572,2023-03-27T14:41:43.572,92.300,4.905,13.544,-8.689
1679946103592,2023-03-27T14:41:43.592,92.320,3.670,14.928,-9.554
1679946103612,2023-03-27T14:41:43.612,92.340,4.299,19.787,-10.743
1679946103632,2023-03-27T14:41:43.632,92.360,4.051,22.470,-10.297
1679946103652,2023-03-27T14:41:43.652,92.380,3.304,20.240,-7.329
1679946103672,2023-03-27T14:41:43.672,92.400,3.609,13.178,-5.373
1679946103692,2023-03-27T14:41:43.692,92.420,1.429,1.864,-5.057
1679946103712,2023-03-27T14:41:43.712,92.440,-5.541,-12.919,-3.956
1679946103732,2023-03-27T14:41:43.732,92.460,-6.075,-14.063,-1.951
1679946103752,2023-03-27T14:41:43.752,92.480,-0.583,-6.574,-1.376
1679946103772,2023-03-27T14:41:43.772,92.500,1.883,-1.902,-1.441
1679946103792,2023-03-27T14:41:43.792,92.520,5.747,4.802,-3.289
1679946103812,2023-03-27T14:41:43.812,92.540,9.337,13.121,-8.026
1679946103832,2023-03-27T14:41:43.832,92.560,8.689,16.280,-11.627
1679946103852,2023-03-27T14:41:43.852,92.580,5.278,11.540,-11.082
1679946103872,2023-03-27T14:41:43.872,92.600,0.743,2.508,-7.153
1679946103892,2023-03-27T14:41:43.892,92.620,-2.717,-5.701,-3.598
1679946103912,2023-03-27T14:41:43.912,92.640,-3.868,-9.219,-1.944
1679946103932,2023-03-27T14:41:43.932,92.660,-3.194,-7.595,-1.200
1679946103952,2023-03-27T14:41:43.952,92.680,-2.816,-8.239,-0.408
1679946103972,2023-03-27T14:41:43.972,92.700,-2.039,-8.251,2.485
1679946103992,2023-03-27T14:41:43.992,92.720,-1.627,-7.881,4.089
1679946104012,2023-03-27T14:41:44.012,92.740,-3.026,-10.343,2.782
1679946104032,2023-03-27T14:41:44.032,92.760,-5.183,-16.410,2.188
1679946104052,2023-03-27T14:41:44.052,92.780,-7.046,-22.553,2.980
1679946104072,2023-03-27T14:41:44.072,92.800,-7.306,-23.178,3.659
1679946104092,2023-03-27T14:41:44.092,92.820,-3.704,-22.523,3.106
1679946104112,2023-03-27T14:41:44.112,92.840,-0.107,-25.126,4.451
1679946104132,2023-03-27T14:41:44.132,92.860,1.357,-28.796,6.688
1679946104152,2023-03-27T14:41:44.152,92.880,2.370,-29.390,6.604
1679946104172,2023-03-27T14:41:44.172,92.900,3.811,-24.653,5.983
1679946104192,2023-03-27T14:41:44.192,92.920,4.619,-17.416,5.412
1679946104212,2023-03-27T14:41:44.212,92.940,3.689,-9.707,4.691
1679946104232,2023-03-27T14:41:44.232,92.960,2.149,-3.178,3.525
1679946104252,2023-03-27T14:41:44.252,92.980,0.888,-0.877,3.296
1679946104272,2023-03-27T14:41:44.272,93.000,-0.911,-4.619,4.329
1679946104292,2023-03-27T14:41:44.292,93.020,-3.384,-11.521,6.204
1679946104312,2023-03-27T14:41:44.312,93.040,-4.729,-15.785,7.104
1679946104332,2023-03-27T14:41:44.332,93.060,-3.304,-13.441,5.918
1679946104352,2023-03-27T14:41:44.352,93.080,0.602,-6.563,5.072
1679946104372,2023-03-27T14:41:44.372,93.100,4.063,-1.006,4.928
1679946104392,2023-03-27T14:41:44.392,93.120,5.202,0.271,5.255
1679946104412,2023-03-27T14:41:44.412,93.140,3.956,-2.454,4.954
1679946104432,2023-03-27T14:41:44.432,93.160,1.162,-5.770,2.584
1679946104452,2023-03-27T14:41:44.452,93.180,-0.880,-4.649,0.187
1679946104472,2023-03-27T14:41:44.472,93.200,0.556,-0.278,-1.322
1679946104492,2023-03-27T14:41:44.492,93.220,4.078,-7.229,-3.567
1679946104512,2023-03-27T14:41:44.512,93.240,-1.265,-24.097,-3.777
1679946104532,2023-03-27T14:41:44.532,93.260,-5.964,-25.293,-3.327
1679946104552,2023-03-27T14:41:44.552,93.280,-2.431,-14.802,-6.094
1679946104572,2023-03-27T14:41:44.572,93.300,1.349,-3.975,-7.995
1679946104592,2023-03-27T14:41:44.592,93.320,3.095,1.612,-7.485
1679946104612,2023-03-27T14:41:44.612,93.340,4.748,-1.319,-2.329
1679946104632,2023-03-27T14:41:44.632,93.360,6.345,-5.652,3.239
1679946104652,2023-03-27T14:41:44.652,93.380,8.392,-7.325,5.796
1679946104672,2023-03-27T14:41:44.672,93.400,10.332,-6.376,7.462
1679946104692,2023-03-27T14:41:44.692,93.420,10.770,-1.681,7.965
1679946104712,2023-03-27T14:41:44.712,93.440,11.723,6.764,6.696
1679946104732,2023-03-27T14:41:44.732,93.460,13.422,14.493,6.086
1679946104752,2023-03-27T14:41:44.752,93.480,13.460,16.932,9.383
1679946104772,2023-03-27T14:41:44.772,93.500,13.518,15.156,15.434
1679946104792,2023-03-27T14:41:44.792,93.520,15.152,8.605,19.886
1679946104812,2023-03-27T14:41:44.812,93.540,15.019,-1.052,23.255
1679946104832,2023-03-27T14:41:44.832,93.560,13.095,-6.185,25.663
1679946104852,2023-03-27T14:41:44.852,93.580,12.755,0.838,26.063
1679946104872,2023-03-27T14:41:44.872,93.600,16.704,18.422,25.050
1679946104892,2023-03-27T14:41:44.892,93.620,22.024,35.114,25.690
1679946104912,2023-03-27T14:41:44.912,93.640,24.143,38.171,28.994
1679946104932,2023-03-27T14:41:44.932,93.660,21.437,18.148,32.226
1679946104952,2023-03-27T14:41:44.952,93.680,12.344,-20.152,34.783
1679946104972,2023-03-27T14:41:44.972,93.700,0.107,-57.252,37.397
1679946104992,2023-03-27T14:41:44.992,93.720,-8.030,-77.896,39.310
1679946105012,2023-03-27T14:41:45.012,93.740,-8.407,-82.153,38.750
1679946105032,2023-03-27T14:41:45.032,93.760,-5.968,-72.214,36.970
1679946105052,2023-03-27T14:41:45.052,93.780,-0.507,-50.011,36.658
1679946105072,2023-03-27T14:41:45.072,93.800,7.271,-27.306,34.291
1679946105092,2023-03-27T14:41:45.092,93.820,11.879,-16.406,33.434
1679946105112,2023-03-27T14:41:45.112,93.840,10.553,-14.318,37.447
1679946105132,2023-03-27T14:41:45.132,93.860,8.556,-17.344,40.461
1679946105152,2023-03-27T14:41:45.152,93.880,4.943,-20.941,41.704
1679946105172,2023-03-27T14:41:45.172,93.900,1.681,-19.535,41.540
1679946105192,2023-03-27T14:41:45.192,93.920,4.859,-15.934,36.810
1679946105212,2023-03-27T14:41:45.212,93.940,6.273,-16.334,29.821
1679946105232,2023-03-27T14:41:45.232,93.960,1.818,-15.293,27.123
1679946105252,2023-03-27T14:41:45.252,93.980,1.235,-5.095,24.512
1679946105272,2023-03-27T14:41:45.272,94.000,7.995,14.493,21.208
1679946105292,2023-03-27T14:41:45.292,94.020,14.306,32.104,18.819
1679946105312,2023-03-27T14:41:45.312,94.040,14.718,36.761,22.504
1679946105332,2023-03-27T14:41:45.332,94.060,10.621,25.194,24.748
1679946105352,2023-03-27T14:41:45.352,94.080,2.477,2.485,23.300
1679946105372,2023-03-27T14:41:45.372,94.100,-8.338,-17.306,22.645
1679946105392,2023-03-27T14:41:45.392,94.120,-15.141,-21.239,18.868
1679946105412,2023-03-27T14:41:45.412,94.140,-15.968,-12.797,12.683
1679946105432,2023-03-27T14:41:45.432,94.160,-14.219,-5.469,9.215
1679946105452,2023-03-27T14:41:45.452,94.180,-15.442,-6.258,6.593
1679946105472,2023-03-27T14:41:45.472,94.200,-15.720,-16.505,5.381
1679946105492,2023-03-27T14:41:45.492,94.220,-16.848,-34.394,4.459
1679946105512,2023-03-27T14:41:45.512,94.240,-20.335,-42.607,0.808
1679946105532,2023-03-27T14:41:45.532,94.260,-18.502,-29.291,-3.723
1679946105552,2023-03-27T14:41:45.552,94.280,-10.053,-4.021,-8.681
1679946105572,2023-03-27T14:41:45.572,94.300,0.099,21.166,-13.777
1679946105592,2023-03-27T14:41:45.592,94.320,6.311,35.191,-16.886
1679946105612,2023-03-27T14:41:45.612,94.340,6.307,34.082,-18.533
1679946105632,2023-03-27T14:41:45.632,94.360,0.385,22.641,-18.521
1679946105652,2023-03-27T14:41:45.652,94.380,-6.098,9.486,-20.393
1679946105672,2023-03-27T14:41:45.672,94.400,-9.234,4.127,-23.209
1679946105692,2023-03-27T14:41:45.692,94.420,-7.008,8.609,-24.341
1679946105712,2023-03-27T14:41:45.712,94.440,-1.986,19.356,-25.705
1679946105732,2023-03-27T14:41:45.732,94.460,2.412,29.459,-25.446
1679946105752,2023-03-27T14:41:45.752,94.480,4.200,33.148,-23.838
1679946105772,2023-03-27T14:41:45.772,94.500,3.575,34.386,-22.854
1679946105792,2023-03-27T14:41:45.792,94.520,3.681,35.579,-21.875
1679946105812,2023-03-27T14:41:45.812,94.540,2.851,30.949,-21.410
1679946105832,2023-03-27T14:41:45.832,94.560,-0.313,22.062,-20.530
1679946105852,2023-03-27T14:41:45.852,94.580,-1.894,21.143,-19.627
1679946105872,2023-03-27T14:41:45.872,94.600,1.463,29.806,-20.983
1679946105892,2023-03-27T14:41:45.892,94.620,8.213,41.585,-23.914
1679946105912,2023-03-27T14:41:45.912,94.640,13.171,49.196,-25.595
1679946105932,2023-03-27T14:41:45.932,94.660,11.643,42.069,-25.724
1679946105952,2023-03-27T14:41:45.952,94.680,4.748,22.431,-26.684
1679946105972,2023-03-27T14:41:45.972,94.700,-1.334,8.034,-27.702
1679946105992,2023-03-27T14:41:45.992,94.720,-2.923,7.176,-27.355
1679946106012,2023-03-27T14:41:46.012,94.740,-1.368,16.715,-27.492
1679946106032,2023-03-27T14:41:46.032,94.760,1.479,27.858,-27.424
1679946106052,2023-03-27T14:41:46.052,94.780,3.125,30.038,-24.074
