,p_gyroscope_time,p_gyroscope_x,p_gyroscope_y,p_gyroscope_z
0,2023-04-11 15:09:47.786,-0.02726693,0.045297585,0.068328194
1,2023-04-11 15:09:47.809,-0.04803959,0.01813334,0.06619766
2,2023-04-11 15:09:47.831,-0.042713266,0.0026870072,0.041163947
3,2023-04-11 15:09:47.851,-0.020875344,0.016535444,0.010803912
4,2023-04-11 15:09:47.869,-0.011287965,0.03943863,-0.013697171
5,2023-04-11 15:09:47.893,0.003094336,0.065007225,-0.023818942
6,2023-04-11 15:09:47.910,0.011616452,0.07885566,-0.019025251
7,2023-04-11 15:09:47.929,0.015877511,0.07033355,-0.00943787
8,2023-04-11 15:09:47.950,0.014812245,0.05541985,0.00068214163
9,2023-04-11 15:09:47.966,0.0100185545,0.0463651,0.013997946
10,2023-04-11 15:09:47.990,0.01108382,0.04316931,0.019856902
11,2023-04-11 15:09:48.008,0.017475408,0.045299836,0.018791636
12,2023-04-11 15:09:48.027,0.02812805,0.061811436,0.008138992
13,2023-04-11 15:09:48.048,0.040911224,0.09696516,-0.005709445
14,2023-04-11 15:09:48.065,0.047835443,0.124662034,-0.020623147
15,2023-04-11 15:09:48.084,0.048368078,0.12679256,-0.024351574
16,2023-04-11 15:09:48.113,0.040378593,0.10601991,-0.013166297
17,2023-04-11 15:09:48.123,0.033454373,0.07139881,0.00068214163
18,2023-04-11 15:09:48.142,0.025464889,0.025592443,0.008671625
19,2023-04-11 15:09:48.168,0.029725946,-0.014887607,0.0054758317
20,2023-04-11 15:09:48.185,0.032389108,-0.033529732,0.0001495094
21,2023-04-11 15:09:48.205,0.02812805,-0.038856056,-0.00038312282
22,2023-04-11 15:09:48.224,0.0206712,-0.042584483,0.006541096
23,2023-04-11 15:09:48.248,0.007355394,-0.041519217,0.013465315
24,2023-04-11 15:09:48.269,-0.005960412,-0.03832342,0.015063211
25,2023-04-11 15:09:48.285,-0.013949895,-0.033529732,0.01719374
26,2023-04-11 15:09:48.307,-0.018210951,-0.027138148,0.020922165
27,2023-04-11 15:09:48.325,-0.020874113,-0.023942355,0.02198743
28,2023-04-11 15:09:48.351,-0.020874113,-0.021811826,0.019856902
29,2023-04-11 15:09:48.368,-0.019808851,-0.017550768,0.01719374
30,2023-04-11 15:09:48.389,-0.023004644,-0.02287709,0.013997946
31,2023-04-11 15:09:48.410,-0.022472009,-0.043117113,0.01240005
32,2023-04-11 15:09:48.429,-0.022472009,-0.061759237,0.008671625
33,2023-04-11 15:09:48.449,-0.020874113,-0.07773821,0.004410567
34,2023-04-11 15:09:48.466,-0.016080424,-0.0990435,-0.00091575505
35,2023-04-11 15:09:48.488,-0.01501516,-0.11875089,-0.011568399
36,2023-04-11 15:09:48.504,-0.021939378,-0.1405888,-0.011568399
37,2023-04-11 15:09:48.527,-0.033657286,-0.163492,-0.013166297
38,2023-04-11 15:09:48.548,-0.04644046,-0.16988358,-0.010503136
39,2023-04-11 15:09:48.569,-0.052299414,-0.15070882,-0.005176813
40,2023-04-11 15:09:48.591,-0.07733313,-0.113957204,-0.02115578
41,2023-04-11 15:09:48.603,-0.08692051,-0.053769756,-0.027547367
42,2023-04-11 15:09:48.627,-0.07999629,-0.013822341,-0.030210529
43,2023-04-11 15:09:48.645,-0.069876276,0.0101461075,-0.042993702
44,2023-04-11 15:09:48.666,-0.062419426,0.03198403,-0.055244245
45,2023-04-11 15:09:48.690,-0.054962575,0.045299836,-0.0595053
46,2023-04-11 15:09:48.706,-0.035787817,0.046897735,-0.05417898
47,2023-04-11 15:09:48.725,-0.010221469,0.045299836,-0.041395806
48,2023-04-11 15:09:48.748,0.014279612,0.034647193,-0.023818942
49,2023-04-11 15:09:48.770,0.02759542,0.014407165,-0.00943787
50,2023-04-11 15:09:48.787,0.029193316,-0.004767594,-0.0035789162
51,2023-04-11 15:09:48.805,0.026530154,-0.021279193,-0.0025136517
52,2023-04-11 15:09:48.823,0.02013857,-0.038856056,-0.00038312282
53,2023-04-11 15:09:48.847,0.014812245,-0.067085564,-0.0019810195
54,2023-04-11 15:09:48.864,0.014812245,-0.09744561,-0.014764193
55,2023-04-11 15:09:48.887,0.02120383,-0.09158665,-0.031808425
56,2023-04-11 15:09:48.908,0.028660685,-0.050041333,-0.042461067
57,2023-04-11 15:09:48.928,0.02759542,-0.021811826,-0.042993702
58,2023-04-11 15:09:48.951,0.017475408,-0.031931836,-0.043526333
59,2023-04-11 15:09:48.967,0.0057574967,-0.060693976,-0.048320025
60,2023-04-11 15:09:48.984,-0.0032972507,-0.070281364,-0.05204845
61,2023-04-11 15:09:49.003,-0.003829883,-0.06495504,-0.04672213
62,2023-04-11 15:09:49.025,0.007888026,-0.06388977,-0.044058967
63,2023-04-11 15:09:49.050,0.017475408,-0.05483502,-0.052581083
64,2023-04-11 15:09:49.066,0.022269096,-0.029801307,-0.05417898
65,2023-04-11 15:09:49.092,0.02120383,0.02452718,-0.05204845
66,2023-04-11 15:09:49.107,0.024399627,0.08950831,-0.0445916
67,2023-04-11 15:09:49.131,0.032389108,0.117737815,-0.02328631
68,2023-04-11 15:09:49.146,0.033987008,0.09323674,0.0022800383
69,2023-04-11 15:09:49.168,0.02812805,0.041038778,0.02411796
70,2023-04-11 15:09:49.183,0.029193316,0.026657706,0.04382535
71,2023-04-11 15:09:49.206,0.02759542,0.049028262,0.05074957
72,2023-04-11 15:09:49.227,0.012149083,0.019733489,0.042227454
73,2023-04-11 15:09:49.247,-0.016080424,-0.05217186,0.011867419
74,2023-04-11 15:09:49.267,-0.03472255,-0.031931836,-0.04672213
75,2023-04-11 15:09:49.287,-0.04590783,0.074061975,-0.113833785
76,2023-04-11 15:09:49.300,-0.043244667,0.12519467,-0.16816227
77,2023-04-11 15:09:49.320,-0.011286735,0.09163884,-0.21769707
78,2023-04-11 15:09:49.338,0.030791212,0.093769364,-0.26989502
79,2023-04-11 15:09:49.358,0.06115125,0.13904311,-0.29812455
80,2023-04-11 15:09:49.383,0.090446025,0.1470326,-0.28054768
81,2023-04-11 15:09:49.402,0.13412187,0.14969575,-0.28321084
82,2023-04-11 15:09:49.423,0.16554716,0.15395682,-0.31516877
83,2023-04-11 15:09:49.448,0.18099445,0.115609035,-0.34393227
84,2023-04-11 15:09:49.462,0.19271237,0.061813183,-0.3625744
85,2023-04-11 15:09:49.484,0.2065608,-0.007429005,-0.38015127
86,2023-04-11 15:09:49.505,0.20016922,-0.073475406,-0.4057176
87,2023-04-11 15:09:49.525,0.17300497,-0.11448809,-0.451524
88,2023-04-11 15:09:49.541,0.14530809,-0.14804392,-0.5021241
89,2023-04-11 15:09:49.566,0.10855647,-0.21249242,-0.54366934
90,2023-04-11 15:09:49.586,0.07713117,-0.32700834,-0.5479304
91,2023-04-11 15:09:49.606,0.07659854,-0.46868852,-0.53727776
92,2023-04-11 15:09:49.629,0.10429542,-0.5315391,-0.54153883
93,2023-04-11 15:09:49.644,0.17566814,-0.52248436,-0.5921389
94,2023-04-11 15:09:49.664,0.26142192,-0.51928854,-0.6709685
95,2023-04-11 15:09:49.684,0.2891188,-0.6902635,-0.6896106
96,2023-04-11 15:09:49.705,0.26515034,-0.9938639,-0.66724
97,2023-04-11 15:09:49.722,0.25822613,-1.1126409,-0.7343517
98,2023-04-11 15:09:49.744,0.26355246,-1.070563,-0.83768237
99,2023-04-11 15:09:49.764,0.22200714,-1.093466,-0.82756233
100,2023-04-11 15:09:49.782,0.18099445,-1.1547188,-0.6944043
101,2023-04-11 15:09:49.805,0.18259235,-1.2218305,-0.5452673
102,2023-04-11 15:09:49.821,0.2411819,-1.1547188,-0.5900084
103,2023-04-11 15:09:49.845,0.2710093,-0.9017185,-0.6864148
104,2023-04-11 15:09:49.863,0.24171452,-0.7200909,-0.673099
105,2023-04-11 15:09:49.884,0.2678135,-0.7019814,-0.53994095
106,2023-04-11 15:09:49.901,0.31095672,-0.9129038,-0.35192177
107,2023-04-11 15:09:49.923,0.28166196,-1.2825506,-0.28534272
108,2023-04-11 15:09:49.943,0.19750606,-1.7288964,-0.37322706
109,2023-04-11 15:09:49.963,0.19111447,-2.2301033,-0.55964833
110,2023-04-11 15:09:49.981,0.24757348,-2.6311753,-0.82436657
111,2023-04-11 15:09:50.001,0.25929138,-2.8932304,-0.91331613
112,2023-04-11 15:09:50.024,0.12506807,-3.177656,-0.7146443
113,2023-04-11 15:09:50.040,0.046238504,-2.9576788,-0.68428427
114,2023-04-11 15:09:50.062,0.08192486,-2.4223835,-0.60492206
115,2023-04-11 15:09:50.080,0.18419024,-1.9392861,-0.507983
116,2023-04-11 15:09:50.108,0.23479031,-1.5350182,-0.42169657
117,2023-04-11 15:09:50.123,0.23319241,-1.0993251,-0.39613023
118,2023-04-11 15:09:50.140,0.23106189,-0.6583056,-0.42862082
119,2023-04-11 15:09:50.165,0.20229974,-0.34511784,-0.40411973
120,2023-04-11 15:09:50.183,0.10962173,-0.23433034,-0.3705639
121,2023-04-11 15:09:50.205,0.06488063,-0.16242498,-0.33061647
122,2023-04-11 15:09:50.221,0.02653111,-0.028734295,-0.32529014
123,2023-04-11 15:09:50.243,-0.023536319,0.04157316,-0.32475752
124,2023-04-11 15:09:50.260,-0.024601584,0.100695334,-0.27042904
125,2023-04-11 15:09:50.287,-0.013948938,0.20562388,-0.20651317
126,2023-04-11 15:09:50.303,-0.010753145,0.32013983,-0.13940151
127,2023-04-11 15:09:50.324,0.0004321318,0.4868537,-0.07708353
128,2023-04-11 15:09:50.346,0.008954247,0.63439286,-0.040331908
129,2023-04-11 15:09:50.364,0.033987965,0.66581815,-0.011569766
130,2023-04-11 15:09:50.385,0.038781654,0.5678138,-0.058441404
131,2023-04-11 15:09:50.398,-0.012883674,0.42453572,-0.16603312
132,2023-04-11 15:09:50.424,-0.09064798,0.25249553,-0.29066905
133,2023-04-11 15:09:57.523,0.30510077,-0.29291436,-0.31251127
134,2023-04-11 15:10:03.309,0.23799062,0.036255088,-0.33541662
135,2023-04-11 15:10:03.490,0.26302433,-0.029258676,-0.39720196
136,2023-04-11 15:10:03.490,0.2891233,-0.11075141,-0.45951992
137,2023-04-11 15:10:03.490,0.27634013,-0.17466727,-0.51810944
138,2023-04-11 15:10:03.490,0.24065378,-0.23165892,-0.5964064
139,2023-04-11 15:10:03.490,0.24384958,-0.30782533,-0.67204016
140,2023-04-11 15:10:03.490,0.31841806,-0.38612226,-0.7237055
141,2023-04-11 15:10:03.490,0.44411927,-0.43938547,-0.75086975
142,2023-04-11 15:10:03.490,0.5320036,-0.503834,-0.7716424
143,2023-04-11 15:10:03.490,0.5884626,-0.6742763,-0.7902845
144,2023-04-11 15:10:03.497,0.6017784,-0.9379293,-0.81372035
145,2023-04-11 15:10:03.520,0.644389,-1.1898643,-0.86165726
146,2023-04-11 15:10:03.539,0.674749,-1.3081087,-0.93143207
147,2023-04-11 15:10:03.563,0.65504164,-1.5557827,-1.0917544
148,2023-04-11 15:10:03.579,0.7061743,-2.0559244,-1.2355652
149,2023-04-11 15:10:03.599,0.70510906,-2.557664,-1.202542
150,2023-04-11 15:10:03.620,0.72747964,-2.7579336,-1.1631272
151,2023-04-11 15:10:03.643,0.8510503,-2.5166514,-1.2499462
152,2023-04-11 15:10:03.662,0.8611703,-2.191213,-1.1466155
153,2023-04-11 15:10:03.683,0.76795965,-2.1954741,-0.9138552
154,2023-04-11 15:10:03.704,0.68007535,-2.4410176,-0.6635181
155,2023-04-11 15:10:03.720,0.63746476,-2.3755038,-0.8557983
156,2023-04-11 15:10:03.743,0.6838038,-2.117177,-0.99694586
157,2023-04-11 15:10:03.759,0.634269,-1.9035915,-0.93462783
158,2023-04-11 15:10:03.783,0.4920562,-1.4902688,-0.8328951
159,2023-04-11 15:10:03.801,0.30670017,-0.9187545,-0.6523328
160,2023-04-11 15:10:03.823,0.13093154,-0.4196781,-0.5085221
161,2023-04-11 15:10:03.846,0.039318796,-0.20183152,-0.4344862
162,2023-04-11 15:10:03.861,-0.015009691,-0.12513247,-0.38282087
163,2023-04-11 15:10:03.879,-0.056555003,0.030396134,-0.35885242
164,2023-04-11 15:10:03.897,-0.06720765,0.2908533,-0.37110296
165,2023-04-11 15:10:03.922,-0.06507712,0.5023083,-0.40998513
166,2023-04-11 15:10:03.937,-0.030988656,0.60244316,-0.42809463
167,2023-04-11 15:10:03.963,0.059558824,0.6706201,-0.39613667
168,2023-04-11 15:10:03.985,0.16235684,0.80431074,-0.3721682
169,2023-04-11 15:10:04.001,0.20763057,0.9747531,-0.3897451
170,2023-04-11 15:10:04.020,0.18206424,1.0477237,-0.42436618
171,2023-04-11 15:10:04.042,0.13998629,0.950252,-0.44354093
172,2023-04-11 15:10:04.063,0.100571506,0.77608126,-0.46484622
173,2023-04-11 15:10:04.079,0.033459842,0.573681,-0.53941476
174,2023-04-11 15:10:04.102,-0.021401279,0.40963027,-0.6182443
175,2023-04-11 15:10:04.119,-0.005422311,0.42134818,-0.6656486
176,2023-04-11 15:10:04.143,0.04730828,0.50497144,-0.70133495
177,2023-04-11 15:10:04.162,0.0212093,0.5454515,-0.71305287
178,2023-04-11 15:10:04.183,-0.06028343,0.527342,-0.69867176
179,2023-04-11 15:10:04.200,-0.08798031,0.43519664,-0.7071939
180,2023-04-11 15:10:04.219,-0.01714022,0.2114911,-0.8078614
181,2023-04-11 15:10:04.241,0.016948242,0.0778004,-0.85846144
182,2023-04-11 15:10:04.259,-0.02406444,0.12307414,-0.83182985
183,2023-04-11 15:10:04.282,-0.0102160005,0.22107847,-0.6885518
184,2023-04-11 15:10:04.301,0.0015019081,0.22161111,-0.45312834
185,2023-04-11 15:10:04.320,-0.03578235,-0.05216186,-0.2246291
186,2023-04-11 15:10:04.344,0.043579854,-0.42713496,-0.0691005
187,2023-04-11 15:10:04.363,0.19538005,-0.73606163,0.06938389
188,2023-04-11 15:10:04.382,0.3434518,-0.9187545,0.19987878
189,2023-04-11 15:10:04.397,0.525612,-1.0662936,0.3357
190,2023-04-11 15:10:04.422,0.6923259,-1.2042453,0.4592707
191,2023-04-11 15:10:04.436,0.72534907,-1.3682961,0.54076344
192,2023-04-11 15:10:04.462,0.6337364,-1.4977257,0.5503508
193,2023-04-11 15:10:04.481,0.55916786,-1.4774857,0.52265394
194,2023-04-11 15:10:04.499,0.5501131,-1.265498,0.55141604
195,2023-04-11 15:10:04.521,0.5735489,-0.94804925,0.6483551
196,2023-04-11 15:10:04.541,0.57887524,-0.68865734,0.7580774
197,2023-04-11 15:10:04.565,0.59432155,-0.54271615,0.8390375
198,2023-04-11 15:10:04.576,0.65823746,-0.43672234,0.8507554
199,2023-04-11 15:10:04.596,0.64172584,-0.34084854,0.7895027
200,2023-04-11 15:10:04.616,0.47714248,-0.3104885,0.6978899
201,2023-04-11 15:10:04.634,0.267818,-0.38931805,0.6776499
202,2023-04-11 15:10:04.654,0.096310444,-0.34937063,0.73251104
203,2023-04-11 15:10:04.673,-0.025662336,-0.13471985,0.77512157
204,2023-04-11 15:10:04.694,-0.11035086,0.002699257,0.7650016
205,2023-04-11 15:10:04.715,-0.16787514,-0.015942872,0.74103314
206,2023-04-11 15:10:04.739,-0.22220363,-0.048433438,0.7735237
207,2023-04-11 15:10:04.758,-0.31541428,-0.009018652,0.8592775
208,2023-04-11 15:10:04.780,-0.40862492,0.052234054,0.94662917
209,2023-04-11 15:10:04.798,-0.47733447,0.11401939,0.95568395
210,2023-04-11 15:10:04.821,-0.5540335,0.20776267,0.8198627
211,2023-04-11 15:10:04.839,-0.58652407,0.24664482,0.5769824
212,2023-04-11 15:10:04.861,-0.5375219,0.1321289,0.2861652
213,2023-04-11 15:10:04.882,-0.49171555,-0.14590514,0.02730594
214,2023-04-11 15:10:04.898,-0.49331343,-0.44844022,-0.091471046
215,2023-04-11 15:10:04.921,-0.5199451,-0.45429918,-0.13461426
216,2023-04-11 15:10:04.936,-0.55030507,-0.17786306,-0.20918277
217,2023-04-11 15:10:04.953,-0.5582946,0.010156108,-0.31304604
218,2023-04-11 15:10:04.973,-0.5247387,-0.15123145,-0.42702934
219,2023-04-11 15:10:04.993,-0.3979723,-0.49797505,-0.55432844
220,2023-04-11 15:10:05.014,-0.2626837,-0.8820029,-0.7503371
221,2023-04-11 15:10:05.034,-0.18651727,-1.0684241,-0.9005394
222,2023-04-11 15:10:05.054,-0.14763512,-0.95550615,-0.814253
223,2023-04-11 15:10:05.076,-0.22380152,-0.8148912,-0.50745684
224,2023-04-11 15:10:05.094,-0.44058284,-0.55922776,-0.1186353
225,2023-04-11 15:10:05.113,-0.7500422,-0.07559768,0.23343462
226,2023-04-11 15:10:05.133,-1.0461856,0.42560926,0.41772535
227,2023-04-11 15:10:05.152,-1.2272806,0.7403949,0.34155896
228,2023-04-11 15:10:05.175,-1.262967,0.84532344,0.115722895
229,2023-04-11 15:10:05.196,-1.1058404,0.72441596,-0.09093842
230,2023-04-11 15:10:05.215,-0.7287369,0.34358388,-0.19586696
231,2023-04-11 15:10:05.240,-0.2514984,-0.16507989,-0.19480169
232,2023-04-11 15:10:05.256,0.107495725,-0.55443406,-0.12822266
233,2023-04-11 15:10:05.274,0.2529043,-0.7882596,-0.062176272
234,2023-04-11 15:10:05.294,0.39351922,-0.8857313,0.1322345
235,2023-04-11 15:10:05.318,0.7583723,-0.41062334,0.4827065
236,2023-04-11 15:10:05.338,1.1530528,0.23332901,0.8235911
237,2023-04-11 15:10:05.352,1.3815521,0.6439885,1.1154735
238,2023-04-11 15:10:05.377,1.4843501,0.5108304,1.2353158
239,2023-04-11 15:10:05.397,1.4161731,0.13532469,1.1847157
240,2023-04-11 15:10:05.421,1.0699621,0.07087618,1.1261262
241,2023-04-11 15:10:05.439,0.49258882,0.5220157,1.0382419
242,2023-04-11 15:10:05.457,-0.10023084,1.0567784,0.8592775
243,2023-04-11 15:10:05.475,-0.4906503,1.1494565,0.6227888
244,2023-04-11 15:10:05.498,-0.5305977,0.8421277,0.37618005
245,2023-04-11 15:10:05.516,-0.32340273,0.2892573,-0.0062513547
246,2023-04-11 15:10:05.536,-0.15136251,-0.33765087,-0.46591297
247,2023-04-11 15:10:05.557,-0.123665646,-0.63645756,-0.69494486
248,2023-04-11 15:10:05.578,-0.105556145,-0.18265487,-0.6166479
249,2023-04-11 15:10:05.606,-0.07306558,0.8160305,-0.33861387
250,2023-04-11 15:10:05.619,0.106431484,1.5489326,-0.016904
251,2023-04-11 15:10:05.638,0.4521098,1.6586548,0.18602887
252,2023-04-11 15:10:05.655,0.7035122,1.1334794,0.17111517
253,2023-04-11 15:10:05.679,0.68913114,0.324411,-0.012642941
254,2023-04-11 15:10:05.694,0.46595824,-0.16294749,-0.18787895
255,2023-04-11 15:10:05.719,0.10589886,-0.37280458,-0.18574843
256,2023-04-11 15:10:05.739,-0.27067214,-0.50116897,-0.008914515
257,2023-04-11 15:10:05.757,-0.5343251,-0.4015667,0.23503104
258,2023-04-11 15:10:05.780,-0.64511263,-0.12300008,0.39588597
259,2023-04-11 15:10:05.797,-0.5700115,0.10762968,0.369787
260,2023-04-11 15:10:05.816,-0.4139502,0.039452754,0.13276565
261,2023-04-11 15:10:05.835,-0.30529323,-0.60449964,-0.31517804
262,2023-04-11 15:10:05.858,-0.13218775,-0.91342634,-0.7380881
263,2023-04-11 15:10:05.875,0.27101484,-0.21674334,-0.8281029
264,2023-04-11 15:10:05.899,0.7583733,0.3920553,-0.56391734
265,2023-04-11 15:10:05.923,1.1850117,0.34305313,-0.097331464
266,2023-04-11 15:10:05.936,1.3719656,-0.0969011,0.23716156
267,2023-04-11 15:10:05.958,1.180218,-0.57680273,0.16472359
268,2023-04-11 15:10:05.975,0.5799415,-0.76215875,-0.048861932
269,2023-04-11 15:10:05.997,-0.14869936,-0.23218967,0.013456038
270,2023-04-11 15:10:06.019,-0.53645563,1.063172,0.2904248
271,2023-04-11 15:10:06.037,-0.51195455,2.1007395,0.36552596
272,2023-04-11 15:10:06.059,-0.24457315,2.107131,0.08536139
273,2023-04-11 15:10:06.078,0.26142746,1.396067,-0.28055695
274,2023-04-11 15:10:06.097,0.7487859,0.4810049,-0.50479513
275,2023-04-11 15:10:06.118,0.892064,-0.36374983,-0.60919106
276,2023-04-11 15:10:06.140,0.73919857,-0.8782726,-0.542612
277,2023-04-11 15:10:06.158,0.40683606,-1.4125026,-0.36524546
278,2023-04-11 15:10:06.178,-0.070935056,-2.211451,-0.20439056
279,2023-04-11 15:10:06.194,-0.5247377,-2.6087947,-0.16763893
280,2023-04-11 15:10:06.214,-0.7931844,-2.033552,-0.45739084
281,2023-04-11 15:10:06.239,-0.91995084,-0.8042367,-0.939423
282,2023-04-11 15:10:06.256,-1.1116985,0.4650259,-1.1018759
283,2023-04-11 15:10:06.277,-1.2965218,1.0951298,-0.8648545
284,2023-04-11 15:10:06.297,-1.2698902,0.9651675,-0.41264975
285,2023-04-11 15:10:06.324,-0.9460498,0.6519798,0.07364348
286,2023-04-11 15:10:06.338,-0.45922393,0.37820685,0.40387547
287,2023-04-11 15:10:06.357,-0.00062759547,-0.10435795,0.40653864
288,2023-04-11 15:10:06.373,0.32853913,-0.6481755,0.0970793
289,2023-04-11 15:10:06.395,0.4766109,-0.9065021,-0.25605586
290,2023-04-11 15:10:06.415,0.4041729,-0.851641,-0.3822897
291,2023-04-11 15:10:06.436,0.08086513,-0.44364467,-0.1953358
292,2023-04-11 15:10:06.468,-0.4421797,0.24238564,0.12743933
293,2023-04-11 15:10:06.473,-1.0019761,0.65251243,0.29947954
294,2023-04-11 15:10:06.496,-1.2634987,0.52414805,0.25101003
295,2023-04-11 15:10:06.515,-1.0334015,0.26635408,0.1450162
296,2023-04-11 15:10:06.534,-0.16148253,0.43626377,0.24834685
297,2023-04-11 15:10:06.554,0.9964599,0.50390804,0.48110715
298,2023-04-11 15:10:06.575,1.7804946,0.1971119,0.7985559
299,2023-04-11 15:10:06.593,2.0350928,-0.23272231,1.261946
300,2023-04-11 15:10:06.616,1.8103219,-1.1243486,1.663018
301,2023-04-11 15:10:06.638,1.0358747,-1.9499285,1.677399
302,2023-04-11 15:10:06.655,-0.14656882,-1.010898,1.1383753
303,2023-04-11 15:10:06.675,-0.9082329,0.7792789,0.47365028
304,2023-04-11 15:10:06.691,-0.99931306,1.675699,0.091752976
305,2023-04-11 15:10:06.711,-0.9082329,1.4482651,-0.07922197
306,2023-04-11 15:10:06.732,-0.9034392,0.87408745,-0.20066212
307,2023-04-11 15:10:06.756,-0.876275,0.61842394,-0.26937166
308,2023-04-11 15:10:06.773,-0.6099589,0.66636086,-0.1276915
309,2023-04-11 15:10:06.795,0.013220843,0.71749353,0.19455099
310,2023-04-11 15:10:06.813,0.65983635,0.63759875,0.3628628
311,2023-04-11 15:10:06.833,0.97941566,0.267952,0.24728158
312,2023-04-11 15:10:06.853,0.93893564,-0.12086955,-0.0009250324
313,2023-04-11 15:10:06.871,0.55757093,-0.22899388,-0.21397793
314,2023-04-11 15:10:06.893,-0.11620879,-0.25509286,-0.29174224
315,2023-04-11 15:10:06.910,-0.85230654,-0.32593295,-0.18361789
316,2023-04-11 15:10:06.934,-1.2911955,-0.3733372,0.031565536
317,2023-04-11 15:10:06.954,-1.2240839,-0.51395214,0.19348572
318,2023-04-11 15:10:06.975,-0.82088125,-0.6060975,0.26805425
319,2023-04-11 15:10:07.000,-0.46881133,-0.49744052,0.27444583
320,2023-04-11 15:10:07.015,-0.40809125,-0.3994362,0.18549624
321,2023-04-11 15:10:07.035,-0.6067631,-0.46708047,0.018249728
322,2023-04-11 15:10:07.052,-0.8858624,-0.2822571,-0.17829157
323,2023-04-11 15:10:07.074,-1.0536416,0.22747193,-0.29227486
324,2023-04-11 15:10:07.089,-1.0365973,0.32707417,-0.30505803
325,2023-04-11 15:10:07.115,-0.80543494,0.044246446,-0.18095474
326,2023-04-11 15:10:07.133,-0.12526354,0.07567175,-0.015306103
327,2023-04-11 15:10:07.155,0.7913965,-0.070802115,-0.22090214
328,2023-04-11 15:10:07.175,1.5227005,-0.83459675,-0.6027995
329,2023-04-11 15:10:07.194,1.4470668,-0.95816743,-0.4930772
330,2023-04-11 15:10:07.212,0.3775413,-0.32273716,0.11305826
331,2023-04-11 15:10:07.229,-0.92048347,0.36489105,0.68297476
332,2023-04-11 15:10:07.253,-1.6411349,1.5233662,0.76606536
333,2023-04-11 15:10:07.273,-1.7663034,2.2978134,0.34102488
334,2023-04-11 15:10:07.294,-1.5473917,2.141752,-0.18628106
335,2023-04-11 15:10:07.313,-1.0302057,1.5638462,-0.64061636
336,2023-04-11 15:10:07.335,-0.4006344,0.7446578,-0.94741255
337,2023-04-11 15:10:07.351,0.065418795,-0.5853249,-1.0267748
338,2023-04-11 15:10:07.371,0.17460841,-2.3749692,-0.89734507
339,2023-04-11 15:10:07.393,-0.0933056,-3.6591456,-0.49041405
340,2023-04-11 15:10:07.412,-0.57320726,-3.2916293,0.00014023203
341,2023-04-11 15:10:07.433,-1.0658921,-1.8529896,0.076839276
342,2023-04-11 15:10:07.455,-1.6427327,-0.34404245,-0.12715888
343,2023-04-11 15:10:07.473,-2.3207736,0.80164945,-0.31038436
344,2023-04-11 15:10:07.493,-2.8619277,1.4727662,-0.3279612
345,2023-04-11 15:10:07.513,-3.0590017,1.3135091,-0.23847902
346,2023-04-11 15:10:07.533,-2.8118603,0.5816724,-0.1788242
347,2023-04-11 15:10:07.550,-2.0587184,-0.12726113,-0.12076728
348,2023-04-11 15:10:07.574,-1.0712184,-0.66788286,-0.16018207
349,2023-04-11 15:10:07.591,-0.30476177,-0.9533758,-0.41158283
350,2023-04-11 15:10:07.613,0.028666016,-0.6961145,-0.537284
351,2023-04-11 15:10:07.629,-0.077327795,-0.17520015,-0.33594906
352,2023-04-11 15:10:07.651,-0.48479146,0.08419174,0.011859802
353,2023-04-11 15:10:07.670,-0.8975814,0.18379396,0.25953376
354,2023-04-11 15:10:07.688,-1.0557733,0.13319391,0.2217169
355,2023-04-11 15:10:07.708,-0.95084465,0.10230123,-0.0009233721
356,2023-04-11 15:10:07.724,-0.74365073,0.37554154,-0.0360771
357,2023-04-11 15:10:07.744,-0.5449789,0.5949861,0.19987898
358,2023-04-11 15:10:07.764,-0.06987094,0.69565356,0.5151972
359,2023-04-11 15:10:07.786,0.7386648,0.5566365,0.7900355
360,2023-04-11 15:10:07.807,1.4278908,0.030928515,0.95142305
361,2023-04-11 15:10:07.830,1.5211015,-0.7163545,0.90827984
362,2023-04-11 15:10:07.847,0.65610677,-1.2372688,0.81613445
363,2023-04-11 15:10:07.866,-0.78626126,-0.9794748,0.81400394
364,2023-04-11 15:10:07.887,-1.7844142,0.3265394,0.82092816
365,2023-04-11 15:10:07.908,-2.0326207,1.4546545,0.6478227
366,2023-04-11 15:10:07.931,-1.713574,1.4072502,0.33570018
367,2023-04-11 15:10:07.951,-1.0946554,0.5145586,0.042219836
368,2023-04-11 15:10:07.970,-0.59557897,-0.36588252,-0.3018606
369,2023-04-11 15:10:07.989,-0.3265997,-0.95018005,-0.77909905
370,2023-04-11 15:10:08.009,-0.06720778,-1.1845382,-1.1061352
371,2023-04-11 15:10:08.031,0.4036391,-0.8628284,-0.9580635
372,2023-04-11 15:10:08.050,0.90005237,-0.30835822,-0.41051757
373,2023-04-11 15:10:08.072,0.9517177,0.07300646,0.13702838
374,2023-04-11 15:10:08.090,0.5011108,0.41708687,0.3426244
375,2023-04-11 15:10:08.113,-0.1854505,0.8735557,0.21425772
376,2023-04-11 15:10:08.128,-0.8352618,1.1515898,-0.022763636
377,2023-04-11 15:10:08.153,-1.2821403,1.0040506,-0.13994272
378,2023-04-11 15:10:08.169,-1.5521848,0.5960543,-0.08508161
379,2023-04-11 15:10:08.189,-1.5820122,0.04637785,0.055533297
380,2023-04-11 15:10:08.213,-1.101578,-0.57147557,0.1263734
381,2023-04-11 15:10:08.229,-0.02779136,-0.80476844,-0.072831064
382,2023-04-11 15:10:08.254,1.1796858,-0.6668167,-0.43448836
383,2023-04-11 15:10:08.266,2.0478766,-0.6289998,-0.62623596
384,2023-04-11 15:10:08.291,2.553877,-0.6508377,-0.39507356
385,2023-04-11 15:10:08.307,2.1836977,-1.012495,-0.029155225
386,2023-04-11 15:10:08.329,0.44199026,-1.2276784,-0.056852102
387,2023-04-11 15:10:08.350,-1.3769488,0.10070634,-0.31358084
388,2023-04-11 15:10:08.372,-2.199333,1.1846129,-0.3790946
389,2023-04-11 15:10:08.391,-2.4693775,1.4967355,-0.37962723
390,2023-04-11 15:10:08.410,-2.4225059,1.239474,-0.4488694
391,2023-04-11 15:10:08.428,-2.0965347,0.6967218,-0.55592847
392,2023-04-11 15:10:08.445,-1.5111722,0.052769437,-0.5862885
393,2023-04-11 15:10:08.473,-0.8555019,-0.37759742,-0.5053284
394,2023-04-11 15:10:08.486,-0.3196738,-0.6252714,-0.45472836
395,2023-04-11 15:10:08.509,0.08033299,-0.8042358,-0.51544845
396,2023-04-11 15:10:08.528,0.28273323,-0.9128928,-0.57829905
397,2023-04-11 15:10:08.549,0.21508893,-0.9757434,-0.49893683
398,2023-04-11 15:10:08.571,-0.028856626,-1.0178213,-0.28907976
399,2023-04-11 15:10:08.587,-0.2978359,-1.2292763,-0.09626689
400,2023-04-11 15:10:08.609,-0.48745298,-1.5206262,0.0028027096
401,2023-04-11 15:10:08.624,-0.6035668,-1.487603,0.05340277
402,2023-04-11 15:10:08.650,-0.7963797,-1.1142278,0.14181973
403,2023-04-11 15:10:08.667,-1.174016,-0.56188816,0.24515039
404,2023-04-11 15:10:08.686,-1.703985,0.024539929,0.21265982
405,2023-04-11 15:10:08.706,-2.2483351,0.42507935,0.012922722
406,2023-04-11 15:10:08.723,-2.614786,0.564629,-0.27416605
407,2023-04-11 15:10:08.743,-2.7522051,0.44851518,-0.5255684
408,2023-04-11 15:10:08.763,-2.6936157,0.13745795,-0.64328015
409,2023-04-11 15:10:08.783,-2.5231733,-0.32113838,-0.6086591
410,2023-04-11 15:10:08.805,-2.2994678,-0.89265275,-0.46165258
411,2023-04-11 15:10:08.825,-2.1407433,-1.451384,-0.2965366
412,2023-04-11 15:10:08.845,-2.1535265,-1.7187654,-0.20865227
413,2023-04-11 15:10:08.868,-2.3085225,-1.4007839,-0.22090282
414,2023-04-11 15:10:08.890,-2.5375543,-0.8021053,-0.26138288
415,2023-04-11 15:10:08.909,-2.6840281,-0.34031317,-0.25232813
416,2023-04-11 15:10:08.927,-2.6110575,0.11775057,-0.18468383
417,2023-04-11 15:10:08.947,-2.2264972,0.3052371,-0.08934267
418,2023-04-11 15:10:08.970,-1.5836102,-0.12939079,0.008661664
419,2023-04-11 15:10:08.985,-0.817685,-0.9112949,0.008129031
420,2023-04-11 15:10:09.012,-0.0011597492,-1.2308742,-0.10106058
421,2023-04-11 15:10:09.026,0.6459884,-0.678002,-0.105854265
422,2023-04-11 15:10:09.047,0.8281486,-0.40902272,0.013987985
423,2023-04-11 15:10:09.067,0.12507409,-0.9528402,0.27817357
424,2023-04-11 15:10:09.088,-1.4392668,-0.86122745,0.781511
425,2023-04-11 15:10:09.109,-2.8992116,0.41602463,1.256619
426,2023-04-11 15:10:09.126,-3.5926988,1.3449352,1.4158759
427,2023-04-11 15:10:09.149,-3.6470273,1.1574486,1.2353137
428,2023-04-11 15:10:09.164,-3.239031,0.47994047,0.8603406
429,2023-04-11 15:10:09.187,-2.5615227,0.04424732,0.4640622
430,2023-04-11 15:10:09.203,-1.8861452,-0.24071093,0.2009419
431,2023-04-11 15:10:09.226,-1.5521848,-0.796779,0.03582591
432,2023-04-11 15:10:09.249,-1.4994543,-1.5445946,-0.11384375
433,2023-04-11 15:10:09.269,-1.4440604,-1.8971971,-0.22516388
434,2023-04-11 15:10:09.290,-1.3279467,-1.6122389,-0.31624398
435,2023-04-11 15:10:09.308,-1.1495149,-0.91715384,-0.47283787
436,2023-04-11 15:10:09.328,-0.936462,-0.1954372,-0.63475806
437,2023-04-11 15:10:09.343,-0.7947818,0.024539929,-0.702935
438,2023-04-11 15:10:09.368,-0.78199863,-0.03404962,-0.5708422
439,2023-04-11 15:10:09.383,-0.90450406,-0.10542233,-0.23581652
440,2023-04-11 15:10:09.407,-1.1708201,-0.4718733,0.16419028
441,2023-04-11 15:10:09.432,-1.5633701,-0.86815166,0.5290434
442,2023-04-11 15:10:09.442,-2.0230317,-0.7738758,0.7383678
443,2023-04-11 15:10:09.461,-2.3852215,-0.43245852,0.714932
444,2023-04-11 15:10:09.488,-2.5178468,-0.1277929,0.5423592
445,2023-04-11 15:10:09.504,-2.3452742,0.1284032,0.31758836
446,2023-04-11 15:10:09.524,-1.8834821,0.2551697,0.12530813
447,2023-04-11 15:10:09.544,-1.2299423,0.12520742,0.051804874
448,2023-04-11 15:10:09.565,-0.54550993,-0.1858498,0.06671858
449,2023-04-11 15:10:09.586,0.0009707797,-0.5411155,0.04701118
450,2023-04-11 15:10:09.606,0.3269417,-0.78665894,0.0033353418
451,2023-04-11 15:10:09.630,0.40843445,-0.8804022,0.069381736
452,2023-04-11 15:10:09.649,0.25290582,-0.8718801,0.30214202
453,2023-04-11 15:10:09.668,-0.17106813,-0.5618858,0.6233174
454,2023-04-11 15:10:09.685,-0.704233,-0.03617777,0.8906988
455,2023-04-11 15:10:09.703,-0.9204817,0.30630475,0.92372197
456,2023-04-11 15:10:09.725,-0.6211424,0.31749004,0.60414267
457,2023-04-11 15:10:09.745,-0.08265118,0.06608761,0.18496108
458,2023-04-11 15:10:09.765,0.010559458,-0.47240356,0.067781985
459,2023-04-11 15:10:09.785,-0.5236707,-0.83619136,0.33303285
460,2023-04-11 15:10:09.807,-1.2187557,-0.45482668,0.8054776
461,2023-04-11 15:10:09.823,-1.6912005,0.7265516,1.0851096
462,2023-04-11 15:10:09.843,-1.7332785,1.7236391,0.86033875
463,2023-04-11 15:10:09.865,-1.2917264,1.518043,0.34262022
464,2023-04-11 15:10:09.881,-0.52952963,0.45544177,-0.19214255
465,2023-04-11 15:10:09.905,0.14478278,-0.5507005,-0.7705811
466,2023-04-11 15:10:09.924,0.45317686,-1.2420571,-1.2392975
467,2023-04-11 15:10:09.945,0.47927582,-1.749123,-1.1434237
468,2023-04-11 15:10:09.964,0.17407756,-1.4801438,-0.4046628
469,2023-04-11 15:10:09.985,-0.78892154,-0.2913086,0.40067714
470,2023-04-11 15:10:10.005,-2.0938704,1.2501291,0.66859114
471,2023-04-11 15:10:10.020,-2.991356,2.4554758,0.4331677
472,2023-04-11 15:10:10.046,-3.3498173,2.7968931,0.025171407
473,2023-04-11 15:10:10.061,-3.1655266,2.2237809,-0.42863125
474,2023-04-11 15:10:10.087,-2.5098562,1.1015247,-0.8893581
475,2023-04-11 15:10:10.104,-1.6176972,0.06395709,-1.2217206
476,2023-04-11 15:10:10.124,-0.6600245,-0.66521645,-1.2824407
477,2023-04-11 15:10:10.148,0.2869956,-1.1488465,-1.0006783
478,2023-04-11 15:10:10.166,1.1418703,-1.6175629,-0.6262378
479,2023-04-11 15:10:13.408,0.8792834,0.64452773,0.19348201
480,2023-04-11 15:10:13.387,1.08701,0.6615719,0.48003817
481,2023-04-11 15:10:13.427,0.57142204,0.5486539,0.107728235
482,2023-04-11 15:10:13.466,0.422285,0.22641142,0.25686526
483,2023-04-11 15:10:13.506,0.68593794,0.22907457,0.49814767
484,2023-04-11 15:10:13.547,0.75358224,0.43733376,0.57910776
